1,1,Software-Integrated,21,3022255,18038,.6,1370577,1,-5696,-.2,-17239,-.6,269298,9.8,-100374,-3.2,-592120,-16.4,I53000T53390,53210
2,1,Bank-Private-Listed,17,2956949,8540,.3,2786397,1,52177,1.8,-2204,-.1,116908,4.1,-713806,-19.4,-227995,-7.2,I71000T71310,71110
3,1,Refineries,6,2570417,-101678,-3.8,1259702,1,-36845,-1.4,-36316,-1.4,209728,8.9,8853,.3,500496,24.2,I32200T32290,32210
4,2,Bank-PSU-Listed,13,2022293,12158,.6,679268,2,89060,4.6,96538,5,279435,16,354421,21.2,462645,29.7,I71000T71310,71210
5,1,GSM-Mobile,3,1437152,2354,.2,728068,1,-1808,-.1,10623,.7,158639,12.4,118700,9,373646,35.1,I53600T53890,53820
6,1,Formulations,78,1116717,15226,1.4,461930,1,27037,2.5,542.23,0,55219,5.2,24169,2.2,2724,.2,I21500T21592,21530
7,1,Life Insurance,5,1028697,7842,.8,228088,1,21248,2.1,8396,.8,25862,2.6,-9751,-.9,105113,11.4,I72200T72290,72211
8,1,Cap Goods-Divers,10,911179,-2107,-.2,692129,1,16226,1.8,32061,3.6,66308,7.8,83223,10.1,82634,10,I24300T24390,24390
9,1,Cars/Suvs,4,867613,5002,.6,338033,2,25144,3,37352,4.5,-99734,-10.3,48345,5.9,53662,6.6,I24000T24190,24130
10,1,NBFC-Asset Fin-DT,29,862243,-1211,-.1,457148,1,-1968,-.2,-11254,-1.3,52249,6.5,95646,12.5,238523,38.2,I72000T72190,72110
11,1,Holding Venture-Fin,10,848782,-745.45,-.1,325383,1,14934,1.8,-3682,-.4,42890,5.3,58466,7.4,167528,24.6,I92010T92013,92011
12,1,Steel-Integrated,10,807498,-3801,-.5,431788,1,42222,5.5,42918,5.6,30187,3.9,88707,12.3,183931,29.5,I31000T31190,31150
13,1,Cement,31,797854,-424.33,-.1,314177,1,25973,3.4,34514,4.5,-14857,-1.8,-22086,-2.7,66536,9.1,I50000T50021,50010
14,1,Power-Thermal,8,755881,3052,.4,285237,1,40407,5.6,45478,6.4,-2403,-.3,69896,10.2,99486,15.2,I52100T52390,52120
15,1,Consumer Branded ,7,636732,6020,1,296072,1,20104,3.3,29380,4.8,46717,7.9,52736,9,122892,23.9,I22100T22190,22160
16,1,Non-Ferrous-Basic,4,599214,12695,2.2,289946,1,29155,5.1,119858,25,146700,32.4,193863,47.8,223568,59.5,I31200T31290,31210
17,2,Auto 2-3 Wheeler,4,574938,5432,1,291791,3,27477,5,17716,3.2,49745,9.5,114756,24.9,128521,28.8,I24000T24190,24110
18,2,Soaps/Detergents,2,570057,9261,1.7,217181,2,31287,5.8,20288,3.7,-28204,-4.7,20077,3.7,11269,2,I22100T22190,22110
19,1,Real Estate-Divers,45,539200,-3426,-.6,201928,1,21296,4.1,975.72,.2,-8161,-1.5,-56241,-9.4,-75515,-12.3,I51000T51910,51390
20,1,E-Commerce,8,506390,-7841,-1.5,490578,1,-13416,-2.6,54828,12.1,19474,4,93019,22.5,52023,11.4,I53400T53590,53521
21,2,Formulation-Integ,9,491168,5557,1.1,248071,2,10131,2.1,10492,2.2,1714,.4,-1553,-.3,-18712,-3.7,I21500T21592,21513
22,3,LCV/MCV/HCV/Bus,4,480742,2147,.4,251960,4,23072,5,51295,11.9,206609,75.4,249156,107.6,268429,126.4,I24000T24190,24140
23,3,Tobacco Products,5,467425,-10330,-2.2,12376,5,-80455,-14.7,-86703,-15.6,-92733,-16.6,-99292,-17.5,-117371,-20.1,I22100T22190,22130
24,1,Jewellery-Retail,20,466687,1959,.4,212022,1,16135,3.6,26323,6,61581,15.2,35856,8.3,38644,9,I31300T31390,31321
25,4,Auto 4 wheeler,2,450128,-1341,-.3,355274,1,14824,3.4,12497,2.9,41957,10.3,78024,21,68496,17.9,I24000T24190,24120
26,2,NBFC-Diversified,16,418543,3139,.8,160457,2,20426,5.1,30537,7.9,212971,103.6,224420,115.6,247409,144.6,I72000T72190,72190
27,2,Const-Port/Terminal,4,411875,-5066,-1.2,126649,2,-180.22,0,-7275,-1.7,6226,1.5,6623,1.6,86842,26.7,I51000T51910,51430
28,3,Fin Institution-Cent,6,410282,196,0,132608,3,21055,5.4,32720,8.7,-8066,-1.9,-33670,-7.6,-81255,-16.5,I71000T71310,71220
29,1,Multi-Super Spl Hosp,11,401442,6785,1.7,264472,1,15714,4.1,9535,2.4,-18980,-4.5,-8959,-2.2,36684,10.1,I61100T61490,61213
30,1,Defence Electronics,18,385836,-1324,-.3,192960,1,16050,4.3,14445,3.9,3600,.9,-3777,-1,112677,41.2,I24600T24690,24670
31,1,Paint/Varnishes,10,381398,3472,.9,158833,1,11001,3,-15176,-3.8,45383,13.5,29592,8.4,60843,19,I21100T21490,21170
32,2,Power Transmission,2,374834,-3290,-.9,157559,2,10209,2.8,6309,1.7,-2944,-.8,-4085,-1.1,-2219,-.6,I52100T52390,52210
33,1,Mutual Funds,7,347527,-1672,-.5,106447,1,4015,1.2,143551,70.4,129655,59.5,149523,75.5,173548,99.8,I72300T72390,72320
34,1,Auto Electrical,19,340719,-3643,-1.1,128626,1,17006,5.3,16699,5.2,8410,2.5,43780,14.7,54776,19.2,I24200T24290,24210
35,2,Holding Venture-Inv,26,335085,-1187,-.4,141817,2,9348,2.9,3087,.9,17731,5.6,-732.91,-.2,76959,29.8,I92010T92013,92012
36,2,Bottl/Dist,14,332697,-2421,-.7,148580,2,7502,2.3,2305,.7,-18363,-5.2,-41698,-11.1,-46837,-12.3,I32200T32290,32220
37,1,Mining-Non Precious,5,328066,2550,.8,139331,1,7011,2.2,45670,16.2,65194,24.8,76973,30.7,86727,35.9,I32300T32390,32320
38,1,Coal Raw,3,320508,265.75,.1,112613,1,21173,7.1,36539,12.9,26255,8.9,38052,13.5,45632,16.6,I32100T32190,32110
39,1,Mall/Supermkt,10,320423,-1004,-.3,98200,1,-7741,-2.4,-20197,-5.9,-53613,-14.3,-37366,-10.4,-5402,-1.7,I42200T43010,42210
40,3,O&G Explo-Offshore,1,304317,4906,1.6,125105,3,8932,3,691.91,.2,-5095,-1.6,-4277,-1.4,-15600,-4.9,I32200T32290,32270
41,5,Aircraft/Helicopter,3,303637,-697.71,-.2,86451,5,12467,4.3,4667,1.6,-22168,-6.8,-32668,-9.7,27352,9.9,I24000T24190,24010
42,3,Power-Solar,4,256598,-4016,-1.5,76629,5,1625,.6,3709,1.5,-2953,-1.1,-1495,-.6,-14382,-5.3,I52100T52390,52170
43,3,Pharma Integrated,16,255606,4552,1.8,142480,3,7033,2.8,5429,2.2,20811,8.9,9516,3.9,-16257,-6,I21500T21592,21512
44,1,Elect Engg-Divers,7,244424,1601,.7,103558,1,4073,1.7,-1786,-.7,-18759,-7.1,-14073,-5.4,-23038,-8.6,I24500T24590,24590
45,3,NBFC-Housing,15,230286,-573.5,-.2,83155,4,5985,2.7,5464,2.4,-12389,-5.1,-22804,-9,-17121,-6.9,I72000T72190,72120
46,4,Power Cables/Conduct,16,224819,-5.13,0,101400,4,6001,2.7,9025,4.2,3485,1.6,17437,8.4,-1443,-.6,I52100T52390,52310
47,5,Power Gen-Divers,4,222860,-1183,-.5,113521,3,11250,5.3,6658,3.1,-255.52,-.1,-19553,-8.1,-180.27,-.1,I52100T52390,52190
48,1,Liquor/Breweries,16,221090,-396.07,-.2,94920,1,-8226,-3.6,-10501,-4.5,-1478,-.7,1189,.5,-20000,-8.3,I11200T12390,12240
49,2,Auto Ancill-Diverse,8,219225,-1909,-.9,104149,2,1863,.9,1028,.5,14459,7.1,17807,8.8,20678,10.4,I24200T24290,24290
50,1,Engine/Pump/Compres,19,215472,-6047,-2.7,101614,1,-6410,-2.9,-7341,-3.3,-1914,-.9,6232,3,11598,5.7,I24700T24890,24770
51,4,NBFC-General,98,210032,-1540,-.7,108782,3,4409,2.1,-2683,-1.3,-6873,-3.2,-19034,-8.3,2329,1.1,I72000T72190,72100
52,2,Hotels,52,209686,-4110,-1.9,111327,2,-1994,-.9,-1954,-.9,-8259,-3.8,-2554,-1.2,-10495,-4.8,I61100T61490,61310
53,2,Indust Chem-Divers,28,208483,-3540,-1.7,104883,2,-3397,-1.6,3315,1.6,-4465,-2.1,-23241,-10,15732,8.2,I21100T21490,21490
54,3,Fertilizers,33,201174,-982.39,-.5,65882,5,-1809,-.9,4428,2.3,-9686,-4.6,-5884,-2.8,14519,7.8,I21100T21490,21230
55,1,Branded Tex Retail,15,198568,-14459,-6.8,114386,1,-6920,-3.4,-7322,-3.6,-34817,-14.9,-65666,-24.9,-126739,-39,I26100T26790,26715
56,4,Agro Chem Pesticide,25,198134,-668.49,-.3,97558,3,2687,1.4,1389,.7,-1742,-.9,-21458,-9.8,11504,6.2,I21100T21490,21110
57,1,Air-Passenger,2,197811,-3626,-1.8,115899,1,-388.83,-.2,-14241,-6.7,-26544,-11.8,-29961,-13.2,28843,17.1,I54000T54500,54110
58,4,Personal Care/Cosmet,12,197768,-624.78,-.3,74945,3,5750,3,992.67,.5,-4290,-2.1,-6959,-3.4,-21203,-9.7,I22100T22190,22120
59,2,Viscos Fibre/Yarn,1,194760,864.3,.4,110799,2,1361,.7,7714,4.1,3866,2,3770,2,30093,18.3,I26100T26790,26530
60,2,Insurance-General,3,190861,478.7,.3,63926,2,422.29,.2,-103.91,-.1,-3329,-1.7,-7510,-3.8,-7034,-3.6,I72200T72290,72200
61,5,NBFC-Gold Loan,3,190118,462.65,.2,61348,5,6281,3.4,8904,4.9,30172,18.9,55329,41,83320,78,I72000T72190,72181
62,4,CRAMS-API,5,190043,7705,4.2,90282,4,5620,3,5157,2.8,20809,12.3,-11089,-5.5,17954,10.4,I21500T21592,21503
63,2,Ship Build/Breaking,9,181414,-922.83,-.5,40396,3,3959,2.2,-2275,-1.2,-19187,-9.6,-42829,-19.1,37764,26.3,I24700T24890,24810
64,3,Realty-Residential,57,181112,-1332,-.7,54155,4,5230,3,-1545,-.8,-7903,-4.2,-28810,-13.7,-34055,-15.8,I51000T51910,51310
65,1,Tyres/Tubes,11,177674,242.69,.1,103487,1,2626,1.5,-1617,-.9,8551,5.1,6863,4,12816,7.8,I25200T25290,25210
66,5,Speciality Chem,32,176507,-997.99,-.6,70991,4,1012,.6,1337,.8,-8150,-4.4,-34827,-16.5,-25985,-12.8,I21100T21490,21410
67,2,Steel Tubes/Pipes,33,171111,-643.98,-.4,93805,2,1780,1.1,1727,1,-32053,-15.8,-37975,-18.2,-39490,-18.8,I31000T31190,31140
68,2,Beverages/Water,3,169087,3703,2.2,68576,2,5107,3.1,6743,4.2,20501,13.8,14624,9.5,-35886,-17.5,I11200T12390,12150
69,6,Solar Ancillaries,20,160234,-3031,-1.9,52974,6,-13443,-7.7,-15667,-8.9,-23898,-13,5491,3.5,218.22,.1,I52100T52390,52330
70,6,Bonding Agents,4,154705,-152.51,-.1,47650,6,4471,3,3066,2,1286,.8,-4438,-2.8,5136,3.4,I21100T21490,21310
71,6,NBFC-Investment,153,152397,565.92,.4,50603,7,3200,2.1,8759,6.1,-20259,-11.7,8518,5.9,9634,6.7,I72000T72190,72130
72,5,CRAMS-Integrated,9,152162,133.1,.1,70915,5,2455,1.6,937.63,.6,-19923,-11.6,27975,22.5,15002,10.9,I21500T21592,21502
73,3,Auto Casting/Forging,32,149387,-695.08,-.5,75332,3,6958,4.9,9000,6.4,19230,14.8,12390,9,12211,8.9,I24200T24290,24250
74,2,Software-Divers ,9,148723,728.26,.5,102049,2,-403.54,-.3,-14735,-9,307.21,.2,-19007,-11.3,10120,7.3,I53000T53390,53290
75,7,NBFC-Asst Fin-NDT ,18,138580,-230.81,-.2,51281,6,-401.63,-.3,-479.7,-.3,-3050,-2.2,-13689,-9,71514,106.6,I72000T72190,72180
76,5,Multi FMCG,2,138505,769.72,.6,64002,4,4260,3.2,11645,9.2,9443,7.3,3304,2.4,7524,5.7,I22100T22190,22190
77,4,Bank-Microfin,9,129146,-588.8,-.5,98063,5,3405,2.7,6004,4.9,17727,15.9,9722,8.1,36420,39.3,I71000T71310,71111
78,7,Power-Hydro,4,129102,-1641,-1.3,42504,7,9653,8.1,9481,7.9,-6014,-4.5,-8077,-5.9,-2673,-2,I52100T52390,52110
79,1,Share Broking,10,126989,-76.28,-.1,88734,1,-2220,-1.7,890.78,.7,98964,353.1,96133,311.6,94617,292.3,I62100T62190,62121
80,7,Explosives,5,121268,1005,.8,33625,7,5076,4.4,25.35,0,-12653,-9.4,-36704,-23.2,30261,33.3,I21100T21490,21220
81,3,Software-Products,27,119619,442.38,.4,78603,3,1792,1.5,-4082,-3.3,15016,14.4,349.54,.3,-6406,-5.1,I53000T53390,53220
82,4,Const-Infra-Telecom,6,118423,-719.89,-.6,58864,3,2439,2.1,4275,3.7,20348,20.7,1918,1.6,23984,25.4,I51000T51910,51220
83,5,Payment Gateway,3,114422,-161.4,-.1,113978,4,3063,2.8,-1672,-1.4,34160,42.6,53190,86.9,48364,73.2,I71000T71310,71112
84,2,Electronics-Divers,1,111049,1184,1.1,27762,2,3494,3.2,-7257,-6.1,-5078,-4.4,-6105,-5.2,-119390,-51.8,I24600T24690,24690
85,2,Brokerage/Commission,44,110944,-686.56,-.6,44999,3,2260,2.1,-901.02,-.8,-3242,-2.8,1580,1.4,247.24,.2,I62100T62190,62120
86,5,Const-Airport,1,110289,-1320,-1.2,37233,6,1742,1.6,950.31,.9,16493,17.6,15353,16.2,29650,36.8,I51000T51910,51431
87,1,Stock Exchanges,1,110228,1320,1.2,110228,1,5103,4.9,-4464,-3.9,20026,22.2,3225,3,41348,60,I72400T72490,72410
88,4,Bearing/Allied,12,106574,-567.94,-.5,36135,4,1044,1,-1394,-1.3,-21985,-17.1,-19785,-15.7,-9161,-7.9,I24200T24290,24271
89,3,Edible Oil,17,104030,-549.84,-.5,33846,3,1303,1.3,-916.44,-.9,31521,43.5,1539,1.5,-16155,-13.4,I11200T12390,12110
90,1,Consumer Electronics,4,102305,1652,1.6,15615,2,-2437,-2.3,-7179,-6.6,101394,11138.1,101299,10072,100383,5223.8,I24400T24490,24430
91,1,Online-Multibrand,5,102052,-190.78,-.2,57380,1,2003,2,4884,5,-182.6,-.2,16652,19.5,12962,14.5,I42100T42112,42112
92,4,Soft-Financial,10,98724,-1088,-1.1,35677,4,109.34,.1,-6585,-6.3,-15561,-13.6,-23302,-19.1,-57333,-36.7,I53000T53390,53240
93,3,Sponge/Pig Iron,15,95826,-1529,-1.6,36887,3,2097,2.2,8433,9.6,-251.03,-.3,-13326,-12.2,-8753,-8.4,I31000T31190,31110
94,6,Const-Railways,6,93490,-459.5,-.5,27427,7,763.19,.8,12938,16.1,3553,4,-8173,-8,-11982,-11.4,I51000T51910,51140
95,3,Climatic Control ,6,92466,-355.6,-.4,59728,2,6940,8.1,7210,8.5,1422,1.6,3352,3.8,-18120,-16.4,I24700T24890,24820
96,3,QSR/Food Chains,8,89194,-210.61,-.2,43429,3,-1367,-1.5,-4976,-5.3,-15943,-15.2,-7267,-7.5,-15008,-14.4,I61100T61490,61331
97,8,Power Ancill-Divers,3,88720,-761.03,-.9,27105,8,2363,2.7,-1778,-2,2808,3.3,-4484,-4.8,21709,32.4,I52100T52390,52390
98,2,Job/Matrimony,4,88239,-426.62,-.5,54778,2,-339.81,-.4,-3337,-3.6,-2934,-3.2,-9546,-9.8,-27830,-24,I53400T53590,53523
99,6,Bank-PSU-Retail,1,85259,2227,2.7,26780,6,4458,5.5,1009,1.2,-573.88,-.7,-1362,-1.6,15697,22.6,I71000T71310,71260
100,4,Special Steel,6,78364,-667.88,-.8,29511,4,1740,2.3,9076,13.1,7369,10.4,13554,20.9,16882,27.5,I31000T31190,31151
101,7,Realty-Commercial,15,77529,486.49,.6,39927,5,4183,5.7,9104,13.3,13128,20.4,14630,23.3,15165,24.3,I51000T51910,51320
102,6,Eyecare,3,77456,-198.87,-.3,63677,6,-2827,-3.5,4625,6.3,77101,21735.2,77198,29950.8,77193,29409.3,I21500T21592,21583
103,3,Portfolio Mngt Serv,4,74413,-343.28,-.5,60090,2,157.44,.2,3663,5.2,7139,10.6,7865,11.8,12249,19.7,I62100T62190,62161
104,2,Wind Machinery,1,73327,-315.53,-.4,64726,2,1962,2.7,2332,3.3,-866.93,-1.2,-16180,-18.1,-7076,-8.8,I24300T24390,24334
105,2,Consumer Electronics-TV,4,72939,-1878,-2.5,51286,1,-116.87,-.2,-11746,-13.9,-31693,-30.3,-19542,-21.1,-35964,-33,I24400T24490,24432
106,5,Auto Metal Compo,23,72752,35.95,0,29805,5,2487,3.5,3234,4.7,859.88,1.2,5742,8.6,18816,34.9,I24200T24290,24220
107,4,O&G Explo-Onshore,2,71840,1057,1.5,30545,4,2309,3.3,2306,3.3,499.84,.7,-4721,-6.2,-2765,-3.7,I32200T32290,32280
108,5,BPOs/KPOs ,39,67975,-80.52,-.1,28594,7,1946,2.9,-1584,-2.3,99.92,.1,-1165,-1.7,-5357,-7.3,I53000T53390,53330
109,1,Multi-Plastic Prod,9,67136,235.41,.4,30893,1,4125,6.5,2907,4.5,-9599,-12.5,-12931,-16.2,-19054,-22.1,I23300T23390,23390
110,1,Footwear,15,65549,-731.92,-1.1,21311,1,-4.42,0,1441,2.2,-7848,-10.7,-4834,-6.9,-16204,-19.8,I22200T22290,22240
111,6,Soft-Healthcare,3,65217,-557.72,-.8,30736,5,-50.45,-.1,1146,1.8,4506,7.4,4477,7.4,-4529,-6.5,I53000T53390,53250
112,2,Tele Service-Divers,6,63535,91.45,.1,24898,2,-444.66,-.7,-902.44,-1.4,2227,3.6,-3420,-5.1,-2823,-4.3,I53600T53890,53890
113,2,Wholesale ,196,62990,-829.7,-1.3,30743,2,-1066,-1.7,-613.21,-1,-6932,-9.9,3330,5.6,12768,25.4,I42100T42112,42100
114,4,Multi-Spl Hospital,15,62826,-1362,-2.1,34027,4,848.33,1.4,-3293,-5,-4343,-6.5,-4866,-7.2,-3949,-5.9,I61100T61490,61211
115,1,Refractories/Pottery,8,62524,-165.27,-.3,27161,1,164.93,.3,3122,5.3,-3066,-4.7,-2751,-4.2,7215,13,I32500T32790,32620
116,8,Industrial Gas,8,62377,501.89,.8,15670,10,656.49,1.1,386.9,.6,-2549,-3.9,-7078,-10.2,-4018,-6.1,I21100T21490,21150
117,7,Pharma-API,25,60377,-635.58,-1,27466,7,-208.01,-.3,-2178,-3.5,-2156,-3.4,-5.75,0,-2189,-3.5,I21500T21592,21511
118,4,Sugar,34,59918,-533.92,-.9,29304,4,-917.23,-1.5,-597.94,-1,-2993,-4.8,-9501,-13.7,-6921,-10.4,I11200T12390,12140
119,1,Defence Ancillaries,3,59077,91.94,.2,15059,1,3464,6.2,1374,2.4,-594.12,-1,-15975,-21.3,15292,34.9,I24900T25090,24930
120,2,Commodity Exchanges,2,57380,1285,2.3,57244,2,1770,3.2,4553,8.6,15564,37.2,12078,26.7,27687,93.2,I72400T72490,72420
121,7,Soft-Manufacturing,2,57335,-427.93,-.7,30568,6,-326.11,-.6,-4066,-6.6,-2942,-4.9,-5740,-9.1,-17531,-23.4,I53000T53390,53270
122,5,Diagnostic Services,10,57105,-760.62,-1.3,26458,5,1626,2.9,1108,2,-1131,-1.9,4471,8.5,-192.65,-.3,I61100T61490,61231
123,2,Plastic Pipe/Fitting,17,55548,-243.83,-.4,25408,2,4062,7.9,1316,2.4,-1.1,0,-3422,-5.8,-8200,-12.9,I23300T23390,23330
124,8,Bio Phar-Integrated,2,55164,-539.67,-1,25518,8,-410.84,-.7,-765.34,-1.4,4968,9.9,5738,11.6,8251,17.6,I21500T21592,21570
125,6,Catering Service,2,53772,-342.3,-.6,20229,7,-918.16,-1.7,-356.9,-.7,-3146,-5.5,-8870,-14.2,-8086,-13.1,I61100T61490,61333
126,3,EMS-Diversified,7,52797,-1299,-2.4,26723,3,254.31,.5,-2090,-3.8,-26064,-33.1,-9969,-15.9,-17436,-24.8,I24600T24690,24609
127,6,Auto Transmission,16,52060,-783.08,-1.5,19893,6,1777,3.5,2606,5.3,24168,86.6,24586,89.5,23958,85.2,I24200T24290,24240
128,6,Tractors/Tillers,4,52019,-314.52,-.6,16814,7,2527,5.1,3037,6.2,4506,9.5,8164,18.6,8109,18.5,I24000T24190,24150
129,1,Logistics Integrated,13,51277,-28.16,-.1,24028,2,812.32,1.6,1595,3.2,-889.61,-1.7,-6393,-11.1,-10049,-16.4,I62200T62390,62309
130,3,Metal Machin-Divers,2,50626,-22.29,0,18949,3,1218,2.5,2889,6.1,7950,18.6,8544,20.3,9098,21.9,I24300T24390,24359
131,3,Tele Equipments,5,49056,-177.33,-.4,12736,3,692.23,1.4,1030,2.1,-2332,-4.5,-3777,-7.1,-29496,-37.5,I53600T53890,53710
132,8,NBFC-Budget Hsg,6,48516,-186.7,-.4,32852,8,-332.62,-.7,-584.64,-1.2,-5357,-9.9,-7280,-13,1429,3,I72000T72190,72121
133,1,Property Rental,23,46940,49.75,.1,13293,4,1189,2.6,1862,4.1,6895,17.2,17955,61.9,33097,239.1,I63000T64990,64021
134,3,Holding Ventures,9,46823,197.72,.4,22249,3,2028,4.5,516.68,1.1,528.9,1.1,-4590,-8.9,7863,20.2,I92010T92013,92010
135,3,Inner Wear,7,46641,-366.24,-.8,24513,3,-748.18,-1.6,-2713,-5.5,-8723,-15.8,-16371,-26,-17904,-27.7,I26100T26790,26714
136,7,Electric 2-3 Wheeler,7,46463,158.84,.3,27568,6,1571,3.5,4212,10,-517.08,-1.1,17735,61.7,10820,30.4,I24000T24190,24111
137,4,Rating Services,3,45293,1559,3.6,19427,4,3852,9.3,2101,4.9,1244,2.8,-9848,-17.9,-8067,-15.1,I62100T62190,62181
138,8,Soft-Data Analytic,7,44151,-338.88,-.8,23713,9,99.22,.2,300.92,.7,6558,17.4,6877,18.5,5244,13.5,I53000T53390,53380
139,1,Consumer Healthcare,8,44038,376.33,.9,14521,1,2607,6.3,345.05,.8,-1274,-2.8,-3916,-8.2,1591,3.7,I22000T22090,22050
140,8,Power T&D Infra,6,44010,-597.67,-1.3,25726,9,584.23,1.3,677.55,1.6,-6001,-12,-5575,-11.2,-12890,-22.7,I51000T51910,51211
141,9,Const-Civil-Divers,20,43737,-529.38,-1.2,25779,8,381.81,.9,-1414,-3.1,-7714,-15,-11175,-20.4,-21130,-32.6,I51000T51910,51190
142,4,Cotton Composite Tex,10,43683,31.45,.1,17162,4,-509.29,-1.2,-3256,-6.9,-6089,-12.2,-12116,-21.7,-7299,-14.3,I26100T26790,26120
143,9,Chemical-Gen,6,43628,-1290,-2.9,16293,9,-1821,-4,1466,3.5,-2382,-5.2,1170,2.8,-2109,-4.6,I21100T21490,21300
144,10,Highway-BOT/Toll,9,42854,-451.7,-1,23038,10,-454.26,-1,-1247,-2.8,-3330,-7.2,-7621,-15.1,-12885,-23.1,I51000T51910,51121
145,1,Multi-Consumer/Indl,2,42646,-1631,-3.7,11006,1,-89.93,-.2,956.66,2.3,5564,15,6110,16.7,3820,9.8,I23000T23090,23090
146,5,Steel Castings/Found,20,41191,-262.18,-.6,17329,5,-415.04,-1,-1621,-3.8,543.22,1.3,258.64,.6,1196,3,I31000T31190,31130
147,5,Branded Foods,29,41182,-287.63,-.7,12170,6,-1408,-3.3,-191.53,-.5,7066,20.7,6391,18.4,7578,22.6,I11200T12390,12130
148,9,NBFC-Infra Finance,1,40312,-266.88,-.7,11384,10,1840,4.8,2879,7.7,-313.04,-.8,-4493,-10,-17354,-30.1,I72000T72190,72170
149,7,Travel Online Portal,5,40063,-612.65,-1.5,26209,6,-1015,-2.5,-21.83,-.1,-3122,-7.2,7440,22.8,-1326,-3.2,I61100T61490,61411
150,8,Auto-Body Buildimg,4,39933,-802.09,-2,14806,8,-110.34,-.3,3560,9.8,-4528,-10.2,-2486,-5.9,-11138,-21.8,I24000T24190,24160
151,2,Logistics-3PLP-CFA,23,38630,-57.04,-.1,33728,1,812.77,2.1,833.81,2.2,-3317,-7.9,3037,8.5,6748,21.2,I62200T62390,62301
152,10,Alkalies,10,38022,-27.02,-.1,21962,8,-2.21,0,-2356,-5.8,-8831,-18.8,-10148,-21.1,-14122,-27.1,I21100T21490,21130
153,8,Coaching Classes,5,37700,111.55,.3,10678,10,378.52,1,-1618,-4.1,37077,5952.1,36914,4692.1,35109,1354.6,I61100T61490,61111
154,2,Registrars/RTA,2,37116,-361.39,-1,32866,1,244.31,.7,-575.16,-1.5,-154.22,-.4,-6089,-14.1,-11402,-23.5,I63000T64990,64033
155,6,Dairy Products,5,36829,-256.8,-.7,13465,5,415.44,1.1,-1941,-5,332.04,.9,-291.96,-.8,1390,3.9,I11200T12390,11350
156,10,NBFC-Cons/Micro Fin ,13,36421,128.29,.4,16628,9,2361,6.9,282.37,.8,-2071,-5.4,337.31,.9,8031,28.3,I72000T72190,72140
157,9,Power Equipment,6,36213,-520.42,-1.4,16001,9,920.87,2.6,-205.68,-.6,-2965,-7.6,-6551,-15.3,-10465,-22.4,I52100T52390,52320
158,6,Metal-Ferrous-Divers,4,35936,-355.49,-1,11349,6,271.23,.8,3783,11.8,-1024,-2.8,8367,30.3,5794,19.2,I31000T31190,31190
159,1,Abrasives,4,35863,-73.01,-.2,18337,1,262.53,.7,-72.27,-.2,-2643,-6.9,-4825,-11.9,-12564,-25.9,I25300T25390,25310
160,9,CRAMS-Formulations,4,35537,45.59,.1,18963,9,665.5,1.9,1069,3.1,-4600,-11.5,-9824,-21.7,16643,88.1,I21500T21592,21504
161,3,Registry Services,5,34584,-648.26,-1.8,27228,2,96.43,.3,-2712,-7.3,-2172,-5.9,-6123,-15,-5758,-14.3,I63000T64990,64030
162,10,Bio-Herbal Formul,8,33753,-44.17,-.1,14629,10,-563.11,-1.6,-455.74,-1.3,-3017,-8.2,5984,21.5,5508,19.5,I21500T21592,21550
163,1,Ceramic/Sanitaryware,13,32046,192.52,.6,15614,1,559.49,1.8,-892.59,-2.7,-5477,-14.6,-6073,-15.9,-7555,-19.1,I50030T50140,50030
164,4,Engg-Components,21,31603,-13.32,0,16366,4,254.56,.8,-568.77,-1.8,-3019,-8.7,-5938,-15.8,-1540,-4.6,I24700T24890,24730
165,9,HW-Peripherals,12,30861,648.05,2.1,25008,8,1658,5.7,2824,10.1,1525,5.2,3145,11.3,11849,62.3,I53000T53390,53140
166,11,Graphite/Electrodes,4,30802,888.29,3,13103,11,2610,9.3,6495,26.7,5066,19.7,4803,18.5,4659,17.8,I21100T21490,21320
167,5,Lubricants-Auto,8,30664,-265.66,-.9,13307,5,122.82,.4,191.49,.6,-2129,-6.5,-4194,-12,-1650,-5.1,I32200T32290,32230
168,5,Advertising/Mkting,15,30347,-94.8,-.3,13188,5,527.11,1.8,2683,9.7,-2539,-7.7,-2991,-9,-187.18,-.6,I62100T62190,62130
169,1,Divers-Large,10,30299,-446.62,-1.5,12820,1,-297.17,-1,-782.77,-2.5,-1595,-5,-4017,-11.7,-1239,-3.9,I91010T91030,91010
170,4,Indl Electronics,3,30122,94.68,.3,7544,5,968.22,3.3,-772.12,-2.5,-1209,-3.9,-5964,-16.5,-6729,-18.3,I24600T24690,24640
171,2,Divers-Medium,10,28566,-104.93,-.4,7892,2,328.66,1.2,187.88,.7,-1853,-6.1,-1841,-6.1,-1669,-5.5,I91010T91030,91020
172,11,Const-Infra-Divers,9,28296,-247.04,-.9,11876,12,138.1,.5,-870.49,-3,-3309,-10.5,-5236,-15.6,-7597,-21.2,I51000T51910,51290
173,3,Domestic Appliance,10,28208,-377.4,-1.3,10184,3,260.32,.9,-731.14,-2.5,2369,9.2,-220.75,-.8,-4101,-12.7,I24400T24490,24410
174,3,Health Insurance,2,28141,-367.21,-1.3,11256,3,289.97,1,-355.62,-1.2,-605.97,-2.1,1531,5.8,-2024,-6.7,I72200T72290,72212
175,4,Water Treatment,13,27884,-604.58,-2.1,17018,4,-378.76,-1.3,-234.79,-.8,-4095,-12.8,-8992,-24.4,-18236,-39.5,I24300T24390,24372
176,7,Rice/Milling,6,27505,-147.42,-.5,11835,7,-305.47,-1.1,-562.7,-2,927.63,3.5,-3999,-12.7,1888,7.4,I11200T12390,12160
177,2,Ship-Overseas,5,27257,-518.75,-1.9,15055,2,-183.16,-.7,-175.98,-.6,488.37,1.8,920.33,3.5,2569,10.4,I54000T54500,54210
178,12,EPC/Turnkey Contract,22,27222,-15.27,-.1,11940,11,192.26,.7,-516.8,-1.9,-2648,-8.9,-6869,-20.1,-9797,-26.5,I51000T51910,51240
179,2,Asset Mgnt-Divers,1,26606,-210.05,-.8,12031,2,332.65,1.3,783.11,3,1679,6.7,480.6,1.8,2303,9.5,I72300T72390,72390
180,3,TV/Radio,11,26473,-283.87,-1.1,7421,4,-35.44,-.1,1243,4.9,-713.9,-2.6,-1263,-4.6,-4982,-15.8,I53400T53590,53510
181,6,Shaving Products,1,26375,-250.94,-.9,6594,6,-336.49,-1.3,-828.76,-3,-4390,-14.3,-8521,-24.4,-4796,-15.4,I22100T22190,22140
182,5,AC Components,2,26355,6.44,0,16016,5,1655,6.7,823.75,3.2,-4656,-15,-1834,-6.5,-5362,-16.9,I24700T24890,24821
183,7,Auto-Glass,2,25585,-240.34,-.9,12166,7,-1763,-6.4,-1518,-5.6,3205,14.3,4058,18.8,7587,42.2,I24200T24290,24280
184,2,Jewellery-Wholesale,22,25505,209.5,.8,10119,2,13.26,.1,133.24,.5,1490,6.2,4199,19.7,5356,26.6,I31300T31390,31322
185,4,White Goods,4,25137,-728.64,-2.8,9333,4,157.38,.6,-737.81,-2.9,-4838,-16.1,-8262,-24.7,-15777,-38.6,I24400T24490,24420
186,5,Machine Tools,13,25061,-159.65,-.6,9378,8,-253.64,-1,520.89,2.1,1204,5,-1584,-5.9,-9712,-27.9,I24300T24390,24380
187,6,Transformers,9,24938,-381.06,-1.5,10748,6,-112.39,-.4,-625.46,-2.4,-1669,-6.3,2694,12.1,1682,7.2,I24300T24390,24333
188,2,Mining-Gen,2,24491,980.64,4.2,246.65,3,313.22,1.3,3810,18.4,-13515,-35.6,6719,37.8,-1575,-6,I32300T32390,32300
189,4,Depositories,2,24309,-104.66,-.4,24309,3,252.61,1.1,-180.48,-.7,-3235,-11.7,20883,609.4,16880,227.2,I63000T64990,64032
190,2,Elect Wire/Cable,12,24179,69.7,.3,8677,3,1370,6,4772,24.6,5918,32.4,4710,24.2,4588,23.4,I24500T24590,24570
191,8,Auto Precision Parts,14,23308,8.17,0,11242,8,988.5,4.4,2449,11.7,2131,10.1,4218,22.1,14137,154.2,I24200T24290,24270
192,13,Highway/Road/Bridge,20,22695,-295.16,-1.3,9118,13,-353.97,-1.5,-198.57,-.9,-3051,-11.9,-1423,-5.9,-6667,-22.7,I51000T51910,51120
193,3,Electrical Appliance,3,22537,-47.59,-.2,19611,2,578.37,2.6,-423.79,-1.8,-2062,-8.4,-7214,-24.2,-8344,-27,I24500T24590,24550
194,10,Soft/E-Governance,10,22394,-142.34,-.6,7876,13,-244.22,-1.1,-1224,-5.2,-1435,-6,-3806,-14.5,-13904,-38.3,I53000T53390,53201
195,9,Facility Management,9,21358,-557.79,-2.5,15970,8,451.2,2.2,955.23,4.7,-4506,-17.4,19571,1094.9,19156,869.8,I61100T61490,61162
196,5,Home Textiles,11,21342,-320.95,-1.5,8115,5,-804.99,-3.6,-1027,-4.6,1747,8.9,-2180,-9.3,-4372,-17,I26100T26790,26720
197,1,Print/Writing Paper,10,21219,-227.29,-1.1,10448,1,461.63,2.2,-1010,-4.5,653.23,3.2,-7861,-27,-7392,-25.8,I23100T23190,23110
198,11,CAD/CAM/Design,10,20459,268.64,1.3,9579,11,603.19,3,-228.32,-1.1,-2112,-9.4,-204.82,-1,2653,14.9,I53000T53390,53230
199,12,Petrochemicals,13,20199,-769.71,-3.7,7734,13,-642.68,-3.1,-299.76,-1.5,-4982,-19.8,-5612,-21.7,-3726,-15.6,I21100T21490,21250
200,6,Cotton Spg,49,19999,-319.93,-1.6,8002,6,-531.7,-2.6,-280.3,-1.4,220.19,1.1,-1615,-7.5,-2435,-10.9,I26100T26790,26420
201,12,Software/Service-Gen,58,19970,227.48,1.2,9222,12,374.83,1.9,504.09,2.6,-239.79,-1.2,3679,22.6,1286,6.9,I53000T53390,53200
202,9,Auto Ancill-Gen,5,19818,-215.07,-1.1,8135,9,656.6,3.4,-523.63,-2.6,-3446,-14.8,-247.91,-1.2,5112,34.8,I24200T24290,24200
203,7,Steel Wire-Rope,5,19530,-61.98,-.3,9697,7,195.48,1,492.15,2.6,-594.4,-3,1745,9.8,855.81,4.6,I31000T31190,31161
204,4,Search Engines,4,19355,-106.29,-.5,8231,3,-223.81,-1.1,-973.81,-4.8,-2172,-10.1,-4037,-17.3,-2671,-12.1,I53400T53590,53522
205,7,Chemical Machinery,10,19251,-11.13,-.1,10057,7,63.7,.3,-246.73,-1.3,-1762,-8.4,-4097,-17.5,-3714,-16.2,I24300T24390,24320
206,13,Hardware-Branded,3,19181,396.78,2.1,5568,15,1430,8.1,1536,8.7,-5057,-20.9,8540,80.3,3222,20.2,I53000T53390,53120
207,10,Eye Care Special,3,19024,445.55,2.4,11810,9,170.84,.9,38.25,.2,975.63,5.4,3725,24.3,15850,499.5,I61100T61490,61214
208,14,Security Product,7,19011,-549.29,-2.8,4528,16,-759.07,-3.8,-1250,-6.2,139.23,.7,16673,713,15395,425.7,I53000T53390,53320
209,2,Plywood,3,18899,-56.07,-.3,5303,3,87.15,.5,272.23,1.5,-119.75,-.6,1539,8.9,-179.15,-.9,I50030T50140,50051
210,8,Infra Machinery,4,18733,-129.2,-.7,5522,10,329.51,1.8,-443.69,-2.3,-2292,-10.9,-3588,-16.1,1038,5.9,I24300T24390,24340
211,2,Lead,3,18528,114.99,.6,8966,2,-115.33,-.6,810.82,4.6,2820,18,1997,12.1,694.62,3.9,I31200T31290,31211
212,9,Textile Machinery,9,18518,-300.06,-1.6,12202,5,144.44,.8,-272.23,-1.4,-42.46,-.2,-2029,-9.9,-1937,-9.5,I24300T24390,24360
213,6,Project Consultancy,11,18437,-180.96,-1,5160,6,298.4,1.6,618.76,3.5,-2279,-11,-4530,-19.7,-4876,-20.9,I62100T62190,62140
214,4,Tele Infra Service,6,18257,128.77,.7,5239,4,287.37,1.6,1037,6,-1313,-6.7,1866,11.4,2184,13.6,I53600T53890,53750
215,10,Auto-Sheet Metal,4,18206,-146.24,-.8,5059,10,258.02,1.4,2138,13.3,1776,10.8,9631,112.3,16186,801.2,I24200T24290,24260
216,5,EMS-Plastics,1,17753,-116.19,-.7,9983,4,1799,11.3,2074,13.2,3104,21.2,-3612,-16.9,-8350,-32,I24600T24690,24604
217,6,Engg-Heavy,8,17426,-220.64,-1.3,7987,6,-124.18,-.7,1470,9.2,-498.79,-2.8,-4305,-19.8,-6248,-26.4,I24700T24890,24710
218,3,Plastic Films,8,17357,1.63,0,8105,3,50.11,.3,-1672,-8.8,-1744,-9.1,-5925,-25.4,-10192,-37,I23300T23390,23320
219,8,Metal-Ferrous-Gen,7,17007,16.3,.1,6237,8,1085,6.8,2898,20.5,3169,22.9,5576,48.8,7864,86,I31000T31190,31100
220,7,Cotton Spg/Wvg,8,17006,-184.04,-1.1,4855,8,26.6,.2,-581.82,-3.3,-753.42,-4.2,-2716,-13.8,-3325,-16.4,I26100T26790,26220
221,1,Multi-Stationery,3,16990,-202.87,-1.2,5021,1,585.79,3.6,214.54,1.3,719.66,4.4,728.9,4.5,-849.57,-4.8,I23400T23510,23490
222,13,Agrochem-Intermediat,2,16923,270.47,1.6,6719,15,546.98,3.3,880.7,5.5,3266,23.9,2362,16.2,6727,66,I21100T21490,21111
223,10,Elect Machinery-Gen,10,16899,-445.32,-2.6,6352,9,1064,6.7,2220,15.1,-6154,-26.7,-4967,-22.7,-10493,-38.3,I24300T24390,24330
224,7,Earth Moving Equip,3,16587,-329.97,-2,7636,7,383.8,2.4,1400,9.2,-2612,-13.6,-3952,-19.2,-893.18,-5.1,I24700T24890,24853
225,14,Industrial Chem-Gen,19,16546,-234.44,-1.4,7578,14,123.18,.8,-1148,-6.5,-7740,-31.9,-6066,-26.8,-2808,-14.5,I21100T21490,21400
226,2,Railway Ancillaries,6,16488,-468.04,-2.8,8700,2,15.56,.1,1454,9.7,961.15,6.2,1563,10.5,-1102,-6.3,I24900T25090,24940
227,2,Travel/Luggage,4,16421,-203.19,-1.2,8634,2,-147.3,-.9,-612.14,-3.6,-844.82,-4.9,-756.12,-4.4,-3746,-18.6,I22200T22290,22220
228,2,Trading-Auto Dealer,6,16321,166.82,1,15032,2,788.19,5.1,-432.4,-2.6,1496,10.1,5560,51.7,5838,55.7,I42200T43010,43010
229,4,Electrical Equipment,14,16193,-369.76,-2.2,8151,4,-181.31,-1.1,-445.17,-2.7,-843.13,-4.9,-2017,-11.1,-4339,-21.1,I24500T24590,24520
230,11,Pharma-Intermediate,11,15856,-188.06,-1.2,10238,11,788.48,5.2,352.63,2.3,2639,20,4457,39.1,5396,51.6,I21500T21592,21520
231,1,Entertainment-Divers,3,15844,-265.34,-1.6,11270,1,288.55,1.9,-866.28,-5.2,-4179,-20.9,-8109,-33.9,-7355,-31.7,I82100T82190,82190
232,15,Polymers,11,15821,-251.92,-1.6,6347,16,36.93,.2,211.47,1.4,-3551,-18.3,-4613,-22.6,-5628,-26.2,I21100T21490,21260
233,3,Courier Service,4,15643,-288.45,-1.8,4067,3,102.92,.7,-10.93,-.1,-873.44,-5.3,-3404,-17.9,-3895,-19.9,I62200T62390,62320
234,10,Solar-EPC,6,15527,-36.19,-.2,6265,10,242.82,1.6,-104.71,-.7,-3076,-16.5,3207,26,530.72,3.5,I52100T52390,52171
235,14,Power G&T&D Infra,2,15051,-315.67,-2.1,6631,14,350.24,2.4,-674.26,-4.3,-2645,-14.9,-4044,-21.2,-3678,-19.6,I51000T51910,51219
236,3,Watches/Components,5,14604,49.81,.3,6873,3,26.68,.2,16.84,.1,370.63,2.6,1353,10.2,1912,15.1,I22200T22290,22260
237,1,Plast Cont/Film/Sack,48,14563,-1.29,0,6381,1,529.02,3.8,458.25,3.2,-1575,-9.8,-941.05,-6.1,153.75,1.1,I25100T25190,25120
238,3,Copper Extrusion,4,14478,-313.95,-2.1,3969,3,247.78,1.7,1505,11.6,3436,31.1,14161,4478.5,14303,8178.6,I31200T31290,31242
239,1,Merchant Export,16,14475,-149.01,-1,2731,1,-125.58,-.9,1638,12.8,-468.71,-3.1,261.29,1.8,-547.22,-3.6,I41100T41610,41100
240,2,Multiplexes/Theatres,4,14209,-50.45,-.4,10605,2,271.86,2,-447.95,-3.1,-436.84,-3,2155,17.9,509.33,3.7,I82100T82190,82150
241,15,Soft-Financial Prod,2,14200,-333.66,-2.3,9757,10,18.16,.1,-1459,-9.3,-389.07,-2.7,-2481,-14.9,399.76,2.9,I53000T53390,53241
242,3,Laminates,9,14097,72.37,.5,6228,2,787.84,5.9,472.24,3.5,1872,15.3,4736,50.6,2642,23.1,I50030T50140,50052
243,5,Services-Gen,1,13974,-406.23,-2.8,3277,6,-274.43,-1.9,276.58,2,-1208,-8,-2500,-15.2,-11424,-45,I63000T64990,64000
244,9,HR/CR Galvanized.,18,13943,-168.69,-1.2,5675,9,-86.33,-.6,-102.27,-.7,-1070,-7.1,-556.91,-3.8,-796.66,-5.4,I31000T31190,31120
245,10,Steel-Mild,5,13917,202.35,1.5,4347,11,937.45,7.2,-560.04,-3.9,-2306,-14.2,473.19,3.5,5371,62.8,I31000T31190,31180
246,1,Suspend/Discontinue ,35,13805,-107.37,-.8,8066,1,-158.25,-1.1,-300.07,-2.1,-917.99,-6.2,1787,14.9,390.33,2.9,I99000T99020,99020
247,4,Personal Insurance,1,13801,-35.07,-.3,6154,4,-129.22,-.9,217.83,1.6,-998.53,-6.7,-1736,-11.2,-625.5,-4.3,I72200T72290,72210
248,2,Multi Paper Prod,7,13311,-123.64,-.9,6233,2,-180.32,-1.3,-278.39,-2,-2209,-14.2,-2957,-18.2,-2976,-18.3,I23100T23190,23190
249,15,Real Estate-Gen,36,13196,-171.41,-1.3,5175,15,158.81,1.2,877.76,7.1,826.71,6.7,95.55,.7,-1976,-13,I51000T51910,51300
250,3,Electricity Exchange,1,13194,1229,10.3,13194,3,1430,12.2,218.26,1.7,516.71,4.1,-4423,-25.1,-2263,-14.6,I72400T72490,72421
251,11,Steel TMT/Wire/Rod,22,13114,-156.94,-1.2,5246,10,451.09,3.6,578.9,4.6,362.47,2.8,341.98,2.7,-1159,-8.1,I31000T31190,31160
252,8,Unbranded Readymades,8,12880,-239.13,-1.8,7511,7,-433.63,-3.3,-1374,-9.6,1344,11.7,-1702,-11.7,-2651,-17.1,I26100T26790,26719
253,8,Shrimp Feed,3,12812,221.44,1.8,7008,8,575.08,4.7,909.64,7.6,3036,31.1,1949,17.9,2946,29.9,I11200T12390,11383
254,9,Poly Fibre/Yarn,12,12342,-74.84,-.6,3562,9,56.66,.5,-574.99,-4.5,-2646,-17.7,-3094,-20,-969.18,-7.3,I26100T26790,26510
255,16,Soft-Telecom,7,12075,-164.85,-1.3,6867,14,45.33,.4,-156.56,-1.3,-2343,-16.3,-882.33,-6.8,-3075,-20.3,I53000T53390,53350
256,2,Mattresses,4,11970,-253.38,-2.1,5694,3,-522.35,-4.2,5358,81,4553,61.4,4314,56.4,1208,11.2,I25200T25290,25251
257,16,Dyes & Pigments,13,11782,8.04,.1,8388,12,354.78,3.1,-137.83,-1.2,-3250,-21.6,-2019,-14.6,-1132,-8.8,I21100T21490,21140
258,11,Power-Wind,6,11723,-238.44,-2,5503,11,-148.29,-1.2,.89,0,-994.17,-7.8,992.39,9.2,-77.89,-.7,I52100T52390,52180
259,3,Medical Gloves,1,11473,1000,9.5,6595,2,-2196,-16.1,1685,17.2,5623,96.1,8556,293.3,9330,435.3,I25200T25290,25230
260,4,Plastic Moulds,5,11188,-161.97,-1.4,6142,4,30.17,.3,-1080,-8.8,204.4,1.9,2901,35,3526,46,I23300T23390,23360
261,12,Ferro Alloys,9,10970,-899.72,-7.6,4009,12,-984.96,-8.2,26.36,.2,-192.6,-1.7,1520,16.1,461.24,4.4,I31000T31190,31170
262,9,Animal Feed-Divers,1,10878,-99.05,-.9,3532,11,33.65,.3,-296.55,-2.7,-2121,-16.3,-4138,-27.6,-3392,-23.8,I11200T12390,11389
263,10,Tex Composite-Blend,4,10832,-160.43,-1.5,2904,11,-76.72,-.7,-399.58,-3.6,-1309,-10.8,-2468,-18.6,-3129,-22.4,I26100T26790,26110
264,11,Auto Non-Metal Compo,6,10711,-38.06,-.4,2349,12,104.05,1,13.3,.1,-834.3,-7.2,-870.38,-7.5,-83.34,-.8,I24200T24290,24230
265,2,Cement Products,9,10619,-187.19,-1.7,4225,2,160.85,1.5,505.01,5,-1732,-14,-1952,-15.5,-4649,-30.4,I50000T50021,50020
266,3,Retailing-Divers,4,10501,-31.06,-.3,4491,4,47.85,.5,-741.79,-6.6,-2497,-19.2,-2096,-16.6,-3797,-26.6,I42200T43010,42290
267,3,Cyber Games,1,10448,-222.3,-2.1,9580,3,653.93,6.7,1528,17.1,109.3,1.1,5730,121.4,7445,247.9,I82100T82190,82160
268,11,Manpower Services,5,10396,57.34,.6,3696,12,192.19,1.9,507.22,5.1,-998.77,-8.8,-2701,-20.6,-6811,-39.6,I61100T61490,61169
269,8,Fabrication Works,9,10350,-124.91,-1.2,4848,8,-27.17,-.3,688.08,7.1,-831.69,-7.4,-3327,-24.3,-514.75,-4.7,I24700T24890,24830
270,2,Granite/Marble Quarr,13,10286,89.68,.9,2951,3,-54.55,-.5,981.03,10.5,6465,169.2,5597,119.4,4653,82.6,I32500T32790,32520
271,4,Retailing-Online,5,10214,9.44,.1,6034,3,98.99,1,169.39,1.7,868.52,9.3,-455.67,-4.3,145.57,1.4,I42200T43010,42293
272,17,Soft-Customer Serv,4,10171,63.75,.6,2977,17,26.82,.3,-353.29,-3.4,-335.75,-3.2,9727,2188.9,9684,1986.8,I53000T53390,53243
273,16,Const Infra-Power,2,9670,124.89,1.3,4342,16,160.63,1.7,310.16,3.3,-1662,-14.7,-3902,-28.7,-2462,-20.3,I51000T51910,51210
274,4,Post Prdn/Processing,8,9597,339.84,3.7,3628,4,219.66,2.3,1847,23.8,2140,28.7,2409,33.5,3314,52.8,I82100T82190,82130
275,10,Oleoresin/Natura Fat,4,9548,-4.11,0,4068,10,189.4,2,-95.95,-1,-962.39,-9.2,-997.21,-9.5,1697,21.6,I11200T12390,12211
276,1,Biofuel/Ethanol,4,9547,-145.51,-1.5,2790,1,646.09,7.3,62.37,.7,-1687,-15,3500,57.9,186.53,2,I12400T12490,12430
277,12,Pharma Inputs,6,9509,117.76,1.3,2943,13,-212.03,-2.2,-846.45,-8.2,6569,223.4,6620,229.2,6737,243,I21500T21592,21580
278,4,Infra Service-Divers,3,9500,-172.64,-1.8,3039,4,-29.28,-.3,-2.72,0,-3089,-24.5,-2740,-22.4,-3802,-28.6,I62200T62390,62390
279,2,Welding Prod-Divers,1,9495,107.5,1.1,2495,2,137.74,1.5,621.53,7,1937,25.6,1336,16.4,710.25,8.1,I25300T25390,25329
280,12,Super Speciality,1,9160,24.39,.3,3439,13,-98.3,-1.1,-887.41,-8.8,0,0,1263,16,2530,38.2,I61100T61490,61216
281,9,Engineering Tools,10,8844,109.31,1.3,2422,9,349.96,4.1,69.12,.8,42.93,.5,479.39,5.7,-856.3,-8.8,I24700T24890,24780
282,7,Bank-Pvt-Unlisted,1,8813,376.87,4.5,8813,7,689.61,8.5,356.29,4.2,2003,29.4,1752,24.8,1753,24.8,I71000T71310,71120
283,5,Copper/Winding Wire,4,8680,62.02,.7,3642,5,141,1.7,1626,23.1,1979,29.5,2189,33.7,3205,58.5,I24500T24590,24571
284,17,Dye-Intermediates,16,8667,-66.72,-.8,3994,17,96.77,1.1,-660.82,-7.1,108.74,1.3,925.03,11.9,1462,20.3,I21100T21490,21141
285,17,Constn-Civil-Gen,6,8647,-76.82,-.9,3698,17,-395.13,-4.4,129.49,1.5,-849.12,-8.9,-496.25,-5.4,-666.34,-7.2,I51000T51910,51100
286,3,Clay/Sand-Divers,1,8546,-34.4,-.4,4462,2,72.62,.9,2052,31.6,2380,38.6,4281,100.4,4725,123.6,I32500T32790,32690
287,11,Confectionery,7,8505,-68.73,-.8,4362,9,441.2,5.5,-349.31,-3.9,-208,-2.4,-492.21,-5.5,-1534,-15.3,I11200T12390,12230
288,18,Soft-Financial-Serv,5,8097,183.03,2.3,2233,20,250.09,3.2,-607.4,-7,-3442,-29.8,3467,74.9,,,I53000T53390,53242
289,5,News Paper/Mag,9,8094,-58.1,-.7,2236,7,-100.39,-1.2,105.45,1.3,-470.72,-5.5,-577.84,-6.7,-1462,-15.3,I53400T53590,53410
290,7,Finance Consultancy,22,8021,-24.61,-.3,3517,7,165.14,2.1,-25.05,-.3,183.7,2.3,1683,26.6,1183,17.3,I62100T62190,62110
291,5,Tele Ancil-Divers,1,8016,-65.66,-.8,3709,6,-126.82,-1.6,-911.14,-10.2,-2802,-25.9,-4654,-36.7,-11765,-59.5,I53600T53890,53790
292,18,Const-Infra-Indl,5,7832,129.54,1.7,2617,19,384.98,5.2,183.46,2.4,-240.81,-3,-1.93,0,2060,35.7,I51000T51910,51230
293,6,Electrical Component,11,7696,-131.05,-1.7,3039,6,-41.89,-.5,268.7,3.6,-1265,-14.1,-1474,-16.1,177.43,2.4,I24500T24590,24510
294,13,Tour/Travel Operator,12,7665,22.68,.3,2765,14,229.46,3.1,283.76,3.8,-523.66,-6.4,-835.79,-9.8,-2021,-20.9,I61100T61490,61410
295,2,Lamitubes,2,7602,-90.31,-1.2,5299,2,-36.84,-.5,474.42,6.7,-67.58,-.9,-510.41,-6.3,-1006,-11.7,I25100T25190,25170
296,6,Book Publishing,5,7583,-14.81,-.2,2666,6,175.72,2.4,152.29,2,-406.59,-5.1,-1221,-13.9,144.73,1.9,I53400T53590,53430
297,3,Insulating Compound,2,7573,105.8,1.4,1898,3,-53.19,-.7,295.28,4.1,-456.06,-5.7,-1950,-20.5,-2218,-22.7,I25300T25390,25340
298,1,Seeds,13,7410,-16.21,-.2,2739,1,14.75,.2,-24.58,-.3,-903.9,-10.9,-1686,-18.5,-688.93,-8.5,I11100T11190,11130
299,5,Retailing-Multibrand,8,7351,-221.36,-2.9,2071,6,-135.11,-1.8,-472.79,-6,-1225,-14.3,-579.86,-7.3,-4879,-39.9,I42200T43010,42291
300,14,Time Share/Vacation,3,7338,-68.11,-.9,2583,15,-32.79,-.4,-261.25,-3.4,-1044,-12.5,-846.58,-10.3,-1422,-16.2,I61100T61490,61360
301,8,Credit Card/DigiPay,3,7190,-152.31,-2.1,3246,8,-245.96,-3.3,-756.86,-9.5,-619.83,-7.9,-1799,-20,-4071,-36.2,I71000T71310,71310
302,4,Solar Glass,1,7068,-86.76,-1.2,2691,4,7.29,.1,-222.54,-3.1,-1131,-13.8,497.42,7.6,276.54,4.1,I32500T32790,32631
303,19,EPC/Power Trans & Distri Contract,5,6879,45.41,.7,3537,18,-87.61,-1.3,-81.33,-1.2,-1036,-13.1,1207,21.3,1589,30,I51000T51910,51243
304,11,Manmad Fibre Prod,3,6865,-27.84,-.4,3214,10,-117.23,-1.7,203.82,3.1,-658.49,-8.8,-2179,-24.1,-1732,-20.1,I26100T26790,26550
305,5,Cassette/CDs,2,6846,-149.85,-2.1,2462,5,-15.63,-.2,66.06,1,-493.67,-6.7,-1716,-20,-2291,-25.1,I82100T82190,82120
306,7,Electronic-Diver,2,6799,-82.64,-1.2,2926,5,89.45,1.3,-17.72,-.3,-1345,-16.5,-2018,-22.9,-631.13,-8.5,I53400T53590,53590
307,6,Trading-Domestic,29,6745,-128.98,-1.9,3372,5,-181.63,-2.6,306.09,4.8,-333.86,-4.7,-14.94,-.2,391.71,6.2,I42200T43010,42300
308,6,Tele Components,5,6670,-57.07,-.8,3760,5,77.11,1.2,187.51,2.9,-1636,-19.7,-407.74,-5.8,64.72,1,I53600T53890,53730
309,12,Synthetic Compo Tex,2,6607,-33.8,-.5,2747,12,124.97,1.9,-222.73,-3.3,-998.93,-13.1,-1681,-20.3,-6419,-49.3,I26100T26790,26140
310,13,Clinical Research,3,6601,156.86,2.4,2998,12,118.21,1.8,199.23,3.1,-1292,-16.4,-1100,-14.3,1844,38.8,I21500T21592,21501
311,4,Steel Structurals,5,6565,-16.83,-.3,2442,4,53.76,.8,-252.97,-3.7,802.71,13.9,5216,386.5,4258,184.6,I50030T50140,50130
312,15,Amusement Park,4,6540,69.14,1.1,2119,16,313.84,5,-87.71,-1.3,-795.57,-10.8,-1733,-21,-1912,-22.6,I61100T61490,61320
313,3,Metal Contain/Closur,5,6515,-66.06,-1,1743,4,-3.52,-.1,-122.83,-1.9,-320.72,-4.7,-2607,-28.6,-2395,-26.9,I25100T25190,25110
314,3,Ship-Coastal ,3,6504,224.31,3.6,686.33,5,407.48,6.7,937.77,16.8,2451,60.5,6325,3531.5,6260,2564.9,I54000T54500,54220
315,19,Soft-Web Prods/Soln,17,6496,10.81,.2,2267,19,298.66,4.8,376.37,6.2,3527,118.8,3062,89.2,2451,60.6,I53000T53390,53202
316,16,Training Schools,6,6437,-159.44,-2.4,3903,11,-61.05,-.9,655.51,11.3,1197,22.9,1118,21,-717.97,-10,I61100T61490,61150
317,5,Dredging,2,6378,-316.48,-4.7,2173,6,-453.43,-6.6,634.35,11,2214,53.2,2653,71.2,1836,40.4,I62200T62390,62231
318,11,Securities Trading,24,6371,-36.24,-.6,3453,11,-129.61,-2,-170.97,-2.6,422.58,7.1,-43.59,-.7,17.5,.3,I72000T72190,72131
319,12,Solvent Integrated,1,6284,-29.82,-.5,2272,12,229.35,3.8,986.2,18.6,1436,29.6,1165,22.8,646.77,11.5,I11200T12390,12219
320,13,Kidswear,5,6251,-117.71,-1.8,2552,13,-251.1,-3.9,-747.21,-10.7,-376.44,-5.7,-2571,-29.1,-1141,-15.4,I26100T26790,26717
321,6,ATM Management,3,6215,-11.64,-.2,5873,5,34.84,.6,-125.75,-2,-525.57,-7.8,-3015,-32.7,-3287,-34.6,I63000T64990,63010
322,6,Semiconductors/Devices,3,6199,-55.84,-.9,3190,6,120.77,2,-129.42,-2,-2441,-28.3,192.43,3.2,-828.52,-11.8,I24600T24690,24606
323,7,Contract MFG,2,6124,-8.98,-.1,2366,7,6.59,.1,-135.84,-2.2,-409.68,-6.3,-256.52,-4,258.61,4.4,I22100T22190,22170
324,5,Clay/Sand-Raw,3,6067,-82.92,-1.3,2267,5,-47.44,-.8,-321.76,-5,3217,112.9,1325,27.9,1916,46.1,I32500T32790,32610
325,18,Inorganic Chemicals,6,5876,-122.21,-2,1850,18,10.86,.2,330.8,6,-10.82,-.2,87.55,1.5,919.15,18.5,I21100T21490,21100
326,12,Aesthetic Products,1,5628,-132.77,-2.3,4414,11,240.43,4.5,411.8,7.9,802.41,16.6,1649,41.5,2168,62.7,I24200T24290,24233
327,4,Road Trans-Cargo,14,5622,-29.75,-.5,2230,3,-80.88,-1.4,-154.17,-2.7,-347.06,-5.8,-829.59,-12.9,-126.97,-2.2,I54000T54500,54310
328,5,Irrigation System,6,5535,-47.21,-.8,3897,5,-27.26,-.5,-115.34,-2,-693.55,-11.1,573.04,11.5,-371.72,-6.3,I23300T23390,23361
329,2,Eximport,14,5501,-120.97,-2.2,1989,2,1.19,0,336.85,6.5,-245.23,-4.3,-635.73,-10.4,-1504,-21.5,I41100T41610,41400
330,5,Granite/Marble ,8,5361,-55.41,-1,2009,5,-317.86,-5.6,1498,38.8,2212,70.3,3924,273,4964,1251.5,I50030T50140,50110
331,3,Wholesale-Online,2,5277,343.69,7,2508,3,843.12,19,687.3,15,630.67,13.6,-89.73,-1.7,-832.61,-13.6,I42100T42112,42110
332,14,Pharma-Vetinary-API,2,5243,6.07,.1,2476,14,14.18,.3,176.76,3.5,116.56,2.3,468.15,9.8,4616,736.4,I21500T21592,21591
333,6,Vinyl Flooring,1,5199,-45.32,-.9,2153,6,-221.28,-4.1,-278.6,-5.1,229.29,4.6,-1256,-19.5,-1625,-23.8,I23300T23390,23381
334,6,Oil Field Drilling,6,5157,3.78,.1,1829,8,43.37,.8,162.83,3.3,-.32,0,-456.53,-8.1,-1577,-23.4,I62200T62390,62220
335,11,Metal Machin-Gen,6,5044,-148.48,-2.9,1319,11,45.19,.9,104.34,2.1,-751.98,-13,586.35,13.2,-81.4,-1.6,I24300T24390,24350
336,4,Paper Contain/Carton,8,4983,-6.62,-.1,1930,3,28.4,.6,-106.64,-2.1,-578.01,-10.4,-683.83,-12.1,-740.07,-12.9,I25100T25190,25150
337,17,Nursing Homes,2,4948,130.45,2.7,1793,18,283.76,6.1,4938,49133.2,4934,34793.8,4050,451,4940,58524.9,I61100T61490,61212
338,12,Power Distribution,1,4923,-19.24,-.4,4124,12,214.61,4.6,281.21,6.1,-25.16,-.5,-395.17,-7.4,713.39,16.9,I52100T52390,52200
339,10,Heat Exchang/Fin Tub,3,4782,-171.35,-3.5,1433,10,84.74,1.8,-345.9,-6.7,-682.33,-12.5,-677.16,-12.4,-384.62,-7.4,I24700T24890,24840
340,15,Pharma Integrated,3,4646,-83.41,-1.8,1838,15,-50.34,-1.1,-212.3,-4.4,-64.63,-1.4,1545,49.8,2440,110.6,I21500T21592,21510
341,20,IT-Integrated,3,4492,-119.04,-2.6,2444,18,135.74,3.1,-189.18,-4,-3377,-42.9,350.05,8.5,-1839,-29.1,I53000T53390,53010
342,4,Indl Rubber Products,4,4233,-122.66,-2.8,1694,4,-148.22,-3.4,-305.04,-6.7,-265.51,-5.9,-474.42,-10.1,-1385,-24.6,I25200T25290,25260
343,7,Battery/Dry cells,6,4020,47.53,1.2,2059,7,79.06,2,158.63,4.1,-249.02,-5.8,2.61,.1,495.92,14.1,I24600T24690,24611
344,2,Writing Instruments,2,4016,1.23,0,984.76,2,160.21,4.2,280.76,7.5,-63.01,-1.5,276.55,7.4,227.79,6,I23400T23510,23420
345,7,Warehousing,9,3995,9.13,.2,1238,9,7.78,.2,54.35,1.4,-876.67,-18,-529.77,-11.7,-1704,-29.9,I62200T62390,62330
346,8,Charter Hire Service,3,3933,-77.31,-1.9,2208,5,-14.52,-.4,294.26,8.1,-558.47,-12.4,1424,56.7,1339,51.6,I62200T62390,62310
347,14,Synthetic Spg,6,3906,11.54,.3,1173,17,58.78,1.5,398.8,11.4,350.19,9.8,-454.07,-10.4,215.34,5.8,I26100T26790,26440
348,8,Consultancy-Gen,11,3901,4.74,.1,1223,9,-16.84,-.4,-448.15,-10.3,-1383,-26.2,-2202,-36.1,221.3,6,I62100T62190,62100
349,6,Film/Serial Prodn,21,3711,-51.89,-1.4,1805,6,-97.74,-2.6,-237.91,-6,-397.87,-9.7,-318.52,-7.9,-434.17,-10.5,I82100T82190,82110
350,8,Railway Electronics,2,3611,9.91,.3,1993,8,209.26,6.2,774.76,27.3,151.34,4.4,-248.49,-6.4,1401,63.4,I24600T24690,24680
351,6,Timber & Allied-Dive,5,3595,-63.95,-1.7,1670,6,-70.61,-1.9,-275.23,-7.1,-503,-12.3,-764.41,-17.5,-565.33,-13.6,I50030T50140,50059
352,13,Maize/Starch Products,6,3578,-35.56,-1,1062,14,34.35,1,136.55,4,-459.21,-11.4,455.7,14.6,-251.42,-6.6,I11200T12390,12220
353,18,Staffing Solution,5,3545,17.14,.5,2116,17,30.45,.9,-44.98,-1.3,-401.23,-10.2,-846.16,-19.3,-2354,-39.9,I61100T61490,61161
354,19,Chemicals-Divers,1,3511,45.21,1.3,885.55,21,21.1,.6,99.31,2.9,107.68,3.2,890.49,34,,,I21100T21490,21390
355,14,Cold Storage,3,3508,-76.56,-2.1,1242,13,-108.34,-3,-389.33,-10,-472.04,-11.9,-405.2,-10.4,700.09,24.9,I11200T12390,12120
356,3,Industrial Gears,1,3503,-68.27,-1.9,1035,3,-113.9,-3.1,-101.63,-2.8,-445.25,-11.3,-413.03,-10.5,-389.64,-10,I24900T25090,24950
357,9,EMS-LED Displays/Light,6,3258,-45.18,-1.4,1388,9,-47.94,-1.4,-425.19,-11.5,-949.06,-22.6,133.08,4.3,-475.67,-12.7,I24600T24690,24602
358,19,Schools/Colleges,2,3141,-12.52,-.4,1294,21,-101.72,-3.1,-65.93,-2.1,1071,51.7,1483,89.4,994.79,46.3,I61100T61490,61114
359,7,Plastic Furniture,6,3127,-.5,0,1187,7,36.12,1.2,-43.1,-1.4,-440.69,-12.4,-807.77,-20.5,-1241,-28.4,I23300T23390,23310
359,12,Finance-General,26,3127,-66.39,-2.1,2500,12,-204.81,-6.1,1787,133.4,1858,146.3,1860,146.8,1542,97.3,I72000T72190,72000
361,4,Welding Prod-Gen,3,3108,-45.59,-1.4,1250,4,-121.38,-3.8,69.84,2.3,162.27,5.5,268.94,9.5,205.63,7.1,I25300T25390,25320
362,13,Auto Seating System,3,3086,-45.18,-1.4,810.63,13,-54.49,-1.7,-118.25,-3.7,-827.02,-21.1,-327.71,-9.6,452.79,17.2,I24200T24290,24231
363,9,Oil Field Integ Serv,2,3065,-23.96,-.8,955.44,11,122.79,4.2,486.52,18.9,158.55,5.5,76.14,2.5,-727.02,-19.2,I62200T62390,62290
364,16,Dental Care,3,2963,19.77,.7,1243,16,-10.5,-.4,2.72,.1,-505.03,-14.6,-1120,-27.4,1138,62.3,I21500T21592,21582
365,15,Ladies Garment,6,2924,7.19,.2,1350,15,104.67,3.7,-107.09,-3.5,-1264,-30.2,-2449,-45.6,-2692,-47.9,I26100T26790,26713
366,7,Fibre Boards,2,2899,-24.91,-.9,1356,8,-23.81,-.8,-112.59,-3.7,-850,-22.7,-733.97,-20.2,-1572,-35.2,I50030T50140,50053
367,2,Personal Safety Prod,4,2896,2.01,.1,656.63,2,86.94,3.1,29.9,1,2043,239.5,2078,253.9,1924,197.9,I23000T23090,23011
368,9,Invest Consultancy,4,2823,-146.73,-4.9,2798,8,-158.65,-5.3,-1110,-28.2,96.03,3.5,672.83,31.3,2721,2655.9,I62100T62190,62160
369,7,Lighting/Fittings,4,2799,-39.75,-1.4,875.69,7,-15.71,-.6,-115.72,-4,-1236,-30.6,-1604,-36.4,-2119,-43.1,I24500T24590,24540
370,20,Computer Training,10,2767,-20.51,-.7,1424,19,14,.5,-146.26,-5,-490.94,-15.1,-976.04,-26.1,-2132,-43.5,I61100T61490,61120
371,10,Oil Field Services,1,2694,-76.8,-2.8,983.73,10,-121.6,-4.3,-66.88,-2.4,-491.2,-15.4,-217.6,-7.5,-905.6,-25.2,I62200T62390,62200
372,20,Constn Contract,5,2670,-59.68,-2.2,862.53,20,21.63,.8,-648.03,-19.5,362.33,15.7,897.65,50.7,615.12,29.9,I51000T51910,51241
373,16,Synthetic Wvg,5,2602,-95.42,-3.5,1254,16,323.76,14.2,131.28,5.3,-532.95,-17,-357.66,-12.1,19.64,.8,I26100T26790,26340
374,21,E-Classes,2,2558,-11.81,-.5,1167,22,178.97,7.5,-197.08,-7.2,-792.62,-23.7,933.77,57.5,932.63,57.4,I61100T61490,61112
375,20,Rubber Chemicals,2,2552,4.21,.2,1684,19,-31.25,-1.2,-376.53,-12.9,-504.25,-16.5,-805.45,-24,-1438,-36,I21100T21490,21280
376,13,SS Flexible Hoses/Tube,1,2544,-44.62,-1.7,839.69,13,6.46,.3,252.82,11,267.04,11.7,-60.14,-2.3,-52.38,-2,I31000T31190,31142
377,3,Import,14,2535,9.83,.4,865.49,3,35.6,1.4,-109.8,-4.2,-496.22,-16.4,158.7,6.7,-544.82,-17.7,I41100T41610,41500
378,8,Interiors-Non-Metal,1,2515,-6.96,-.3,1476,7,-12.07,-.5,-147.54,-5.5,48.28,2,-15.62,-.6,533.64,26.9,I50030T50140,50070
379,5,Air-Cargo,4,2475,-8.49,-.3,1381,4,-45.74,-1.8,121.07,5.1,34.32,1.4,-36.19,-1.4,-747.39,-23.2,I54000T54500,54120
380,17,Blended Spg,9,2450,-26.45,-1.1,798.1,19,3.23,.1,-46.82,-1.9,-271.54,-10,-584.69,-19.3,-343.75,-12.3,I26100T26790,26410
381,21,IT Related-General,1,2447,-49.14,-2,892.73,22,-12.08,-.5,-150.06,-5.8,-381.36,-13.5,-624.57,-20.3,-1200,-32.9,I53000T53390,53300
382,3,Kraft/Paper Board,2,2414,5.79,.2,451.53,4,-173.52,-6.7,-646.81,-21.1,-453.17,-15.8,-2054,-46,2284,1748.9,I23100T23190,23130
383,5,Retreading,7,2413,-18.58,-.8,1006,5,-25.26,-1,-33.59,-1.4,-690,-22.2,-901.08,-27.2,-2033,-45.7,I25200T25290,25220
384,15,Marine Foods,3,2383,-38.63,-1.6,758.64,17,235.73,11,362.31,17.9,796.06,50.2,930.86,64.1,1103,86.1,I11200T12390,11230
385,21,Camphor/Allied,4,2377,-12.4,-.5,894.36,20,-27.5,-1.1,-20.62,-.9,-664.23,-21.8,452.53,23.5,422.14,21.6,I21100T21490,21411
386,18,Texturising,16,2361,-47.88,-2,1408,14,-91.45,-3.7,160.9,7.3,642.74,37.4,1019,75.9,1006,74.3,I26100T26790,26620
387,4,Aluminium/Allied,4,2352,.86,0,685.29,5,200.08,9.3,305.07,14.9,442.85,23.2,1004,74.5,798.21,51.4,I31200T31290,31260
388,17,Bio Vaccines,2,2329,-14.02,-.6,630.11,18,-139.6,-5.7,140.63,6.4,-382.82,-14.1,-299.06,-11.4,-522.98,-18.3,I21500T21592,21551
389,19,Denim Composite Tex,5,2317,-11.46,-.5,887.05,18,-92.91,-3.9,-28.08,-1.2,-87.88,-3.7,249.92,12.1,330.17,16.6,I26100T26790,26150
390,12,Elect Generators,1,2312,-67.94,-2.9,770.56,12,-91.26,-3.8,-142.42,-5.8,-461.37,-16.6,-710.81,-23.5,-440.43,-16,I24300T24390,24331
391,7,Waste Management,5,2286,17.74,.8,1153,7,28.59,1.3,196.22,9.4,-223.13,-8.9,-468.45,-17,-674.78,-22.8,I63000T64990,63020
392,22,Network/V-sats,6,2265,-45.79,-2,957.43,21,46.71,2.1,70.83,3.2,-220.91,-8.9,-10.65,-.5,-48.31,-2.1,I53000T53390,53310
393,6,Glassware,2,2254,-13.68,-.6,773.46,6,13.41,.6,-130.57,-5.5,-476.07,-17.4,-654.42,-22.5,-1255,-35.8,I32500T32790,32630
394,7,Internet,3,2251,-8.36,-.4,572.57,9,10.67,.5,-41.27,-1.8,-324.52,-12.6,-639.29,-22.1,-722.57,-24.3,I53600T53890,53850
395,7,Trading-Dealers-Gen,4,2236,-27.49,-1.2,1238,7,-64.07,-2.8,-66.91,-2.9,-625.1,-21.8,-341.25,-13.2,-323.82,-12.7,I42200T43010,43000
396,3,Pre-cast Concrete ,2,2223,-23.72,-1.1,616.37,3,72.15,3.4,62.85,2.9,298.21,15.5,-202.16,-8.3,326.71,17.2,I50000T50021,50021
397,16,Poultry Products,1,2222,-15.78,-.7,975.42,15,139.35,6.7,348.45,18.6,87.78,4.1,-51.71,-2.3,-251.5,-10.2,I11200T12390,11370
398,11,Oil Field Explorator,2,2202,19.1,.9,2135,7,29.01,1.3,22.8,1,-215.08,-8.9,-211.27,-8.8,-550.84,-20,I62200T62390,62210
399,8,Synthetic Leather,1,2198,49.89,2.3,911.58,8,27.47,1.3,34.28,1.6,-19.34,-.9,-307.89,-12.3,-401.73,-15.5,I23300T23390,23382
400,22,Clubs/Recreation,3,2182,-34.69,-1.6,1320,20,-10.06,-.5,-48.86,-2.2,-329.51,-13.1,-672.7,-23.6,-1116,-33.8,I61100T61490,61340
401,11,Farm Equip/Implement,5,2148,-9.21,-.4,748.56,12,-3.64,-.2,-59.86,-2.7,-298.96,-12.2,-561.49,-20.7,204.62,10.5,I24700T24890,24760
402,9,Furniture-Dom/Office,5,2099,-39.26,-1.8,811.25,9,-31.87,-1.5,-219.29,-9.5,-555.3,-20.9,-539.78,-20.5,-843.55,-28.7,I50030T50140,50054
403,12,Mat Handling-EPC,2,2093,17.22,.8,924.53,11,-67.11,-3.1,50.61,2.5,-120.29,-5.4,-161.08,-7.1,-275.32,-11.6,I24700T24890,24854
404,23,Soft-Travel/Logistic,2,2070,-11.79,-.6,525.62,24,7.3,.4,-28.12,-1.3,-325.12,-13.6,-213.61,-9.4,-403.44,-16.3,I53000T53390,53360
405,8,Tele Cable-Divers ,2,2062,-9.32,-.5,1071,7,4.57,.2,-94.86,-4.4,-90.83,-4.2,-505.08,-19.7,-738.49,-26.4,I53600T53890,53690
406,2,Tea Plant/Process,15,2024,-18.65,-.9,1049,2,-12.22,-.6,31.64,1.6,-66.1,-3.2,23.15,1.2,-242.28,-10.7,I11100T11190,11141
407,3,Mining-Precious,1,1930,75.82,4.1,1464,2,104.18,5.7,253.21,15.1,-191.54,-9,-260.76,-11.9,290.03,17.7,I32300T32390,32310
408,18,Contraceptives,1,1913,221.55,13.1,1235,17,196.76,11.5,118.16,6.6,298.56,18.5,265.28,16.1,162.71,9.3,I21500T21592,21540
409,4,Other Export,4,1898,-24.18,-1.3,680.32,4,32.62,1.7,19.25,1,-368.98,-16.3,-369.79,-16.3,-6609,-77.7,I41100T41610,41300
410,8,Vehicle Rental,4,1875,-5.94,-.3,263.38,9,-3.42,-.2,-185.64,-9,-317.24,-14.5,-556.24,-22.9,-289.91,-13.4,I63000T64990,64070
411,8,DTH,2,1873,11.15,.6,999.86,9,51.1,2.8,16.77,.9,-238.19,-11.3,-396.01,-17.5,-1486,-44.2,I53400T53590,53530
412,13,Pullys,3,1846,32.92,1.8,552.44,13,56.19,3.1,16.17,.9,-202.41,-9.9,-1015,-35.5,761.86,70.3,I24700T24890,24852
413,5,Aluminium Extrusion,5,1838,16.01,.9,695.02,4,51.2,2.9,66.95,3.8,252.61,15.9,1089,145.5,1090,145.6,I31200T31290,31241
414,20,Industrial Fabric,7,1818,9.7,.5,571.47,21,36.56,2.1,-73.42,-3.9,-203.18,-10.1,178.67,10.9,4.7,.3,I26100T26790,26740
415,9,Plastic-Household,3,1786,26.8,1.5,543.77,10,-14.53,-.8,-94.01,-5,-120.64,-6.3,1702,2013.3,1771,11314.6,I23300T23390,23350
416,17,Meat Products,2,1774,-15.19,-.8,484.47,21,7.02,.4,-74.24,-4,202.27,12.9,282.9,19,-208.36,-10.5,I11200T12390,11320
417,18,Dry Fruits,5,1767,90.56,5.4,938.61,16,43.37,2.5,309.13,21.2,228.94,14.9,533.59,43.3,1105,166.9,I11200T12390,12170
418,22,Inorganic Chem-Diver,3,1755,-10.98,-.6,859.89,22,-14.96,-.8,-86.61,-4.7,-562.1,-24.3,-898.09,-33.9,-204.44,-10.4,I21100T21490,21190
419,4,Kraft Paper,7,1718,-.5,0,717.46,3,32.34,1.9,16.29,1,-60.82,-3.4,-114.72,-6.3,-341.24,-16.6,I23100T23190,23131
420,10,Events Management,6,1700,-16.05,-.9,634.34,10,69.08,4.2,99.71,6.2,268.66,18.8,229.76,15.6,-5.29,-.3,I62100T62190,62170
421,9,Dot.Coms,5,1699,-19.23,-1.1,1003,8,-8.1,-.5,-125.21,-6.9,-342.97,-16.8,735.11,76.3,390.85,29.9,I53400T53590,53520
422,10,Cable TV,4,1583,20.27,1.3,427.28,11,46.17,3,32.62,2.1,-116.89,-6.9,-287.12,-15.4,-502.97,-24.1,I53400T53590,53540
423,14,CR SS Sections,2,1565,18.52,1.2,604.46,14,-1.5,-.1,-78.46,-4.8,24.89,1.6,-479.39,-23.4,-463.21,-22.8,I31000T31190,31152
424,1,Diamond Cut/Polish,11,1538,-45.43,-2.9,492.47,1,19.45,1.3,-63.85,-4,-234.01,-13.2,-290.37,-15.9,-331.87,-17.7,I32400T32490,32430
425,24,Soft Testing Serv,1,1522,-6.98,-.5,440.54,25,25.07,1.7,-101.88,-6.3,-51.6,-3.3,-509.52,-25.1,-574.86,-27.4,I53000T53390,53321
426,5,Packaging Consumable,6,1495,-31.96,-2.1,635.17,5,-8.35,-.6,-70.99,-4.5,-196.54,-11.6,-196.06,-11.6,-158.25,-9.6,I25100T25190,25130
427,9,Bank-PSU-Treasury,1,1489,-5.4,-.4,386.02,9,64.8,4.6,-29.89,-2,-281.18,-15.9,-269.12,-15.3,-495.03,-25,I71000T71310,71240
428,23,Testing Labs,5,1462,-28.7,-1.9,661.88,23,-66.22,-4.3,-14.05,-1,134.96,10.2,626.09,74.9,1144,360.6,I61100T61490,61232
429,10,Interior Décor,2,1439,-23.16,-1.6,432.73,10,16.87,1.2,-88.97,-5.8,275.72,23.7,297.59,26.1,,,I50030T50140,50080
430,19,Soya/Derivatives,4,1351,-11.23,-.8,420.38,23,23.47,1.8,-14.51,-1.1,-227.34,-14.4,-263.03,-16.3,-385.6,-22.2,I11200T12390,12213
431,19,Pharma-Vetinary,1,1345,.34,0,622.31,19,.17,0,-57.84,-4.1,-186.3,-12.2,-177.79,-11.7,-675.11,-33.4,I21500T21592,21590
432,23,Zinc Oxide,1,1344,-21.75,-1.6,389.92,24,-17.05,-1.3,-105.8,-7.3,-318.58,-19.2,-458.28,-25.4,-167.72,-11.1,I21100T21490,21101
433,21,Jute Goods,4,1341,-9.37,-.7,392.69,24,-45.33,-3.3,-114.57,-7.9,-261.19,-16.3,-185.84,-12.2,162.66,13.8,I26100T26790,26730
434,6,Non-Ferr-Recycle/Tra,4,1333,3.05,.2,372.12,8,26.2,2,42.08,3.3,-38.29,-2.8,-151.77,-10.2,-206.44,-13.4,I31200T31290,31201
435,20,CMO-Formulations,5,1311,-35.44,-2.6,585.2,20,1.19,.1,-26.1,-2,-97.64,-6.9,-180.98,-12.1,-516.45,-28.3,I21500T21592,21506
436,22,Spg-Divers,3,1310,-20.48,-1.5,466.28,23,-24.45,-1.8,-80.95,-5.8,-96.5,-6.9,-504.2,-27.8,-627.73,-32.4,I26100T26790,26490
437,23,Tex Composite-Divers,3,1275,-14.8,-1.1,383.04,25,-26.18,-2,-60.12,-4.5,11.52,.9,116.91,10.1,-371.74,-22.6,I26100T26790,26190
438,20,Veg/Fruit Processing,5,1260,-5.72,-.5,609.57,19,-12.11,-1,-37.37,-2.9,128.55,11.4,439.66,53.6,497.13,65.2,I11200T12390,12180
439,24,Yarn Trad,2,1257,-12.05,-.9,489.59,22,-28.48,-2.2,-107.94,-7.9,28.72,2.3,317.85,33.8,324.03,34.7,I26100T26790,26401
440,21,Gelatine,4,1217,18.35,1.5,323.26,22,38.63,3.3,27.29,2.3,-28.13,-2.3,-16.48,-1.3,14.68,1.2,I21500T21592,21581
441,10,Tableware/Labware,1,1216,-11.44,-.9,640.57,9,-26.87,-2.2,31.65,2.7,-374.83,-23.6,-861.13,-41.5,-928.7,-43.3,I23300T23390,23351
442,9,Tele Ancillaries,2,1209,7.59,.6,635.15,8,-22.82,-1.9,200.2,19.8,-29.47,-2.4,166.71,16,331.06,37.7,I53600T53890,53700
443,5,Newprint,6,1208,-6.81,-.6,343.91,6,-3.42,-.3,-17.69,-1.4,-145.57,-10.8,-168.23,-12.2,-23.42,-1.9,I23100T23190,23120
443,6,Packaging-Divers,3,1208,-20.68,-1.7,138.52,10,-34.15,-2.7,-22.58,-1.8,-111.49,-8.5,-22.06,-1.8,-336.3,-21.8,I25100T25190,25190
445,2,Coal Products,3,1183,18.91,1.6,369.98,2,35.55,3.1,95.42,8.8,139.11,13.3,284.92,31.7,48.65,4.3,I32100T32190,32120
446,21,Egg Products,2,1150,3.44,.3,471.57,22,-170.38,-12.9,-83.83,-6.8,171.21,17.5,341.79,42.3,432,60.2,I11200T12390,11330
447,25,Soft/E-Commerce Soln,4,1142,55.23,5.1,561.47,23,116.02,11.3,373.95,48.7,233.7,25.7,350.44,44.3,69.4,6.5,I53000T53390,53203
448,4,Leather/Products,7,1077,19.22,1.8,468.38,4,12.21,1.1,-114.41,-9.6,-159.77,-12.9,-64.46,-5.6,-183.47,-14.6,I22200T22290,22210
449,11,Glass-Float,2,1073,-25.12,-2.3,292.55,11,-30.18,-2.7,-3.9,-.4,33.28,3.2,384.41,55.8,252.27,30.7,I50030T50140,50120
450,8,Retailing-Gen,7,1067,9.53,.9,761.35,8,36.36,3.5,18.49,1.8,-350.33,-24.7,-874.88,-45,-1933,-64.4,I42200T43010,42200
451,24,Organic Chemical,7,1055,41.74,4.1,325.06,25,106.45,11.2,164.55,18.5,426.28,67.8,561.58,113.7,684.54,184.6,I21100T21490,21200
452,22,Aqua Farms,5,1044,11.2,1.1,581.39,20,9.51,.9,63.78,6.5,166.53,19,202.23,24,231.35,28.5,I11200T12390,11210
452,25,Blended Wvg,6,1044,-13.99,-1.3,348.04,28,-12.86,-1.2,-35.96,-3.3,320.57,44.3,235.8,29.2,208.98,25,I26100T26790,26310
454,11,Printer-Job Work,8,1035,-8.91,-.9,559.64,10,-1.79,-.2,205.71,24.8,85.94,9.1,-25.3,-2.4,-61.54,-5.6,I53400T53590,53420
455,23,Cattle Feed,6,1027,6.04,.6,754.98,18,69.32,7.2,33.59,3.4,-47.01,-4.4,35.65,3.6,-90.18,-8.1,I11200T12390,11381
456,7,Extru-Non-Fero-Diver,2,1022,33.52,3.4,351.97,9,87.21,9.3,144.12,16.4,215.92,26.8,375.68,58.2,285.25,38.7,I31200T31290,31249
457,10,EMS-PCBs,3,1019,-17.48,-1.7,423.13,10,8.05,.8,-70.28,-6.5,-18.65,-1.8,89.71,9.7,-670.32,-39.7,I24600T24690,24605
458,24,Agro Food-Gen,6,981.14,-9.44,-1,417.86,24,-10.48,-1.1,78.42,8.7,311.26,46.5,294.21,42.8,78.02,8.6,I11200T12390,12200
459,8,Copper/Allied,2,978.74,46.45,5,468.07,6,98.12,11.1,227.73,30.3,480.54,96.5,546.11,126.2,520.36,113.5,I31200T31290,31270
460,3,Jewellery-Non-Gold,1,972.43,-17.33,-1.8,271.5,4,10.59,1.1,-38.51,-3.8,149.52,18.2,107.35,12.4,-353.78,-26.7,I31300T31390,31330
461,26,Nylon Yarn/Cord,1,968.28,-13.66,-1.4,727.57,20,35.28,3.8,7.97,.8,-89.26,-8.4,-166.83,-14.7,-344.91,-26.3,I26100T26790,26520
462,14,Engineering-Light,4,954.47,64.9,7.3,364.98,14,141.02,17.3,79.34,9.1,-381.52,-28.6,-399.14,-29.5,-1713,-64.2,I24700T24890,24720
463,15,Mech Engg-Divers,1,954.14,-18.68,-1.9,248.08,17,65.73,7.4,101.29,11.9,-41.64,-4.2,-263.58,-21.6,-228.91,-19.3,I24700T24890,24890
464,16,Engineering-Gen,3,938.84,-10.86,-1.1,292.83,15,49.1,5.5,-83.44,-8.2,-113.76,-10.8,-517.55,-35.5,-206.85,-18.1,I24700T24890,24700
465,11,Plastic Sheets,3,931.64,-18.27,-1.9,331.38,11,-80.45,-7.9,288.07,44.8,223.81,31.6,258.83,38.5,36.54,4.1,I23300T23390,23370
466,6,Special/Tissue Paper,2,931.03,-3.53,-.4,268.06,7,14.02,1.5,-31.77,-3.3,-266.77,-22.3,-224.17,-19.4,-724.82,-43.8,I23100T23190,23140
467,11,EMS-Magnetics,2,925.22,-16.98,-1.8,378.03,11,-16.84,-1.8,-19.02,-2,-171.18,-15.6,-214.61,-18.8,-323.91,-25.9,I24600T24690,24603
468,9,Equipment Rental,4,912.08,-11.82,-1.3,285.74,8,-26.49,-2.8,-96.06,-9.5,-37.31,-3.9,-5.52,-.6,207.73,29.5,I63000T64990,64024
469,22,Bio Phar-Intermediat,1,899.83,-3.31,-.4,397.91,21,4.91,.5,592.6,192.9,92.47,11.5,521.39,137.8,282.37,45.7,I21500T21592,21560
470,7,Paper-Gen,9,885.9,29.11,3.4,373.06,5,18.58,2.1,11.96,1.4,-69.22,-7.2,-189.3,-17.6,-346.17,-28.1,I23100T23190,23100
471,27,Manmade Tex-Divers,3,869.05,-3.6,-.4,363.23,27,-14.38,-1.6,11.72,1.4,-102.04,-10.5,-247.01,-22.1,-156.82,-15.3,I26100T26790,26590
472,21,Const-Pipeline,4,860.78,-2.64,-.3,256.5,23,6.84,.8,-11.74,-1.3,-174.87,-16.9,-392.22,-31.3,-624.27,-42,I51000T51910,51130
473,28,Acrylic/Yarn/Lycra,3,829.78,-9.26,-1.1,258.46,30,-73.11,-8.1,-48.71,-5.5,-.94,-.1,-151.55,-15.4,-113.25,-12,I26100T26790,26540
474,22,Const-Gen,1,829,-11.78,-1.4,325.38,21,-26.04,-3,180.69,27.9,71.85,9.5,125.15,17.8,40.95,5.2,I51000T51910,51400
475,15,SS Products,1,823.68,0,0,405.91,15,25.02,3.1,45.79,5.9,55.05,7.2,69.65,9.2,-61.33,-6.9,I31000T31190,31143
476,4,Constn Material-Gen,2,819.69,23.13,2.9,286.5,4,-4.76,-.6,40.95,5.3,-54.86,-6.3,-95.61,-10.4,201.74,32.6,I50000T50021,50000
477,11,Due Diligen/Risk Mgt,1,794.57,-13.1,-1.6,478.02,11,-6.78,-.8,10.83,1.4,-55.98,-6.6,39.5,5.2,-619.52,-43.8,I62100T62190,62183
478,7,Pack-Biodegrade,1,769.06,-6.42,-.8,270.63,7,6.79,.9,2.04,.3,-87.15,-10.2,-161.99,-17.4,-389.47,-33.6,I25100T25190,25180
479,17,Conveyor Belts,3,768.78,10.01,1.3,254.23,16,7.07,.9,-1.78,-.2,-169.8,-18.1,-63.24,-7.6,-69.21,-8.3,I24700T24890,24851
480,4,Wholsal Multi Online,1,767.42,23.4,3.1,236.98,4,14.97,2,6.78,.9,79.99,11.6,46.99,6.5,-452.06,-37.1,I42100T42112,42111
481,25,Food Processing,4,762.32,13.68,1.8,242.55,25,25.07,3.4,-10.81,-1.4,53.75,7.6,356.3,87.8,689.74,950.3,I11200T12390,12100
482,13,Forex/Primary Dealer,5,758.73,6.98,.9,203.77,13,-3.6,-.5,-24.62,-3.1,101.32,15.4,44.11,6.2,-97.92,-11.4,I72000T72190,72160
483,25,Organic Intermediate,1,751.92,-12.19,-1.6,466.87,23,-7.98,-1.1,1.4,.2,-189.87,-20.2,-443.88,-37.1,-87.88,-10.5,I21100T21490,21211
484,8,Electrical Motors,2,748.44,2.76,.4,371.32,8,24.41,3.4,-12.44,-1.6,-136.12,-15.4,-321.5,-30,-554.29,-42.5,I24500T24590,24530
485,29,Knitting/Hosiery,3,746.01,21.12,2.9,193.79,35,-15.72,-2.1,-91.31,-10.9,-199.89,-21.1,389.69,109.4,487.48,188.6,I26100T26790,26350
486,30,Synthetic Spg/Wvg,2,734.55,-16.54,-2.2,372.11,26,-98.3,-11.8,132.51,22,121.68,19.9,23.11,3.2,-6666,-90.1,I26100T26790,26240
487,26,Castor/Derivatives,4,731.44,-1.22,-.2,241.76,26,-7.9,-1.1,-53.64,-6.8,-126.22,-14.7,-125.34,-14.6,-186.1,-20.3,I11200T12390,12212
488,3,Fin Asset Mgnt-Gen,1,728.28,-16.72,-2.2,194.96,3,44.41,6.5,40.83,5.9,-128.71,-15,32.47,4.7,-452.97,-38.3,I72300T72390,72300
489,31,Tex Process-Gen,3,723.59,4.3,.6,223.87,32,2.46,.3,-58.74,-7.5,-23.6,-3.2,-63.06,-8,251.12,53.2,I26100T26790,26600
490,32,Cotton Wvg,2,723.11,-28.1,-3.7,196.49,34,-54.03,-7,-48.29,-6.3,23.98,3.4,-508.56,-41.3,-69.15,-8.7,I26100T26790,26320
491,23,Realty-Urban Infra ,2,707.64,-10.89,-1.5,267.14,22,-14.17,-2,3.36,.5,-33.24,-4.5,111.13,18.6,-697.27,-49.6,I51000T51910,51330
492,8,Metal Foils,4,701.93,43.98,6.7,275.87,6,64.23,10.1,54.4,8.4,79.71,12.8,112.11,19,187.63,36.5,I25100T25190,25160
493,9,Control Panels ,3,681.62,-23.52,-3.3,193.96,9,31.2,4.8,39.19,6.1,36.23,5.6,-63.44,-8.5,-316.97,-31.7,I24500T24590,24501
494,12,Logistics Parks,2,672.21,-22.14,-3.2,208.97,12,-43.93,-6.1,38.78,6.1,-93.3,-12.2,-224.69,-25.1,-277.52,-29.2,I62200T62390,62331
495,33,Tex Dyeing,5,651.69,-1.29,-.2,201.65,33,-20.92,-3.1,-37.94,-5.5,-86.56,-11.7,-296.67,-31.3,-272.81,-29.5,I26100T26790,26610
496,4,Jewellery-Gen,7,650.59,-10.47,-1.6,491.55,3,36.17,5.9,-56.91,-8,247.67,61.5,349.89,116.4,320.7,97.2,I31300T31390,31320
497,6,OSVs,2,636.39,-12.1,-1.9,287.85,6,-10.6,-1.6,-63.15,-9,7.83,1.2,-75.78,-10.6,-124.39,-16.4,I54000T54500,54240
498,16,Flat Product,3,630.26,-2.56,-.4,179.47,16,4.12,.7,46.47,8,34.51,5.8,-7.97,-1.2,70.11,12.5,I31000T31190,31123
499,9,Non-Ferrous-Diver,1,625.01,-14.92,-2.3,374.07,7,30.61,5.1,71.53,12.9,-88.15,-12.4,-52.47,-7.7,20.29,3.4,I31200T31290,31290
500,27,Milk Products,6,613.56,1.65,.3,241.74,27,18.25,3.1,119.05,24.1,16.08,2.7,-72.23,-10.5,-251.23,-29.1,I11200T12390,11310
501,34,Branded Garments,3,605.32,-8,-1.3,224.41,31,2.36,.4,-12.41,-2,-23.8,-3.8,159.97,35.9,81.43,15.5,I26100T26790,26716
502,24,Fine Dining Restaur,2,598.38,21.82,3.8,290.89,24,39.62,7.1,-17.26,-2.8,-182.09,-23.3,-37.7,-5.9,-139.73,-18.9,I61100T61490,61332
503,26,Hardware-Integrated,2,595.52,-.67,-.1,228.64,27,147.48,32.9,128.71,27.6,100.4,20.3,43.12,7.8,88.22,17.4,I53000T53390,53110
504,27,HW-Assembling,2,573,-5.59,-1,301.73,26,-4.64,-.8,-50.8,-8.1,-69.62,-10.8,224.9,64.6,142.37,33.1,I53000T53390,53130
505,5,Electrodes/Graphite,3,565.7,5.4,1,209.73,5,-4.95,-.9,-37.24,-6.2,-147.84,-20.7,64.83,12.9,118.6,26.5,I25300T25390,25321
506,12,Plastic Tanks,1,539.31,20.36,3.9,135.58,12,31.12,6.1,15.13,2.9,-30.81,-5.4,-105.77,-16.4,-229.41,-29.8,I23300T23390,23340
507,23,Pharma-IV Fluid,2,533.32,-8.17,-1.5,222.98,23,27.76,5.5,10.17,1.9,-133.24,-20,391.57,276.2,315.04,144.3,I21500T21592,21531
508,12,Health Infra Engg,1,531.6,-2.38,-.4,140.71,13,-63.69,-10.7,-98.62,-15.6,-11.61,-2.1,222.01,71.7,303.12,132.7,I24600T24690,24661
509,25,Health Clinics,2,510,-11.7,-2.2,207.17,25,-18.13,-3.4,12.68,2.5,-64.97,-11.3,-67.33,-11.7,58.08,12.9,I61100T61490,61240
510,7,Glass Bottles,1,505.27,-4.3,-.8,209.53,7,-7.36,-1.4,10,2,-40.1,-7.4,-81.43,-13.9,-271.45,-34.9,I32500T32790,32632
511,13,Capital Goods-Gen,3,503.88,-4.32,-.9,141.1,13,23.54,4.9,7.54,1.5,-22.19,-4.2,76.9,18,166.7,49.4,I24300T24390,24300
512,35,Tex Product-Gen,11,498.04,-1.54,-.3,293.41,29,8.21,1.7,-83.97,-14.4,-213.25,-30,-306.31,-38.1,-438.52,-46.8,I26100T26790,26700
513,8,Paper Products,2,493.92,15.46,3.2,148.77,9,47.24,10.6,48.57,10.9,137.99,38.8,379.44,331.4,390.38,377,I23100T23190,23160
514,26,Speciality Plastics,3,493.44,-5.4,-1.1,139.75,26,11.57,2.4,1.81,.4,2.99,.6,-6.26,-1.3,-80.37,-14,I21100T21490,21262
515,3,Printing Ink,2,470.63,2.34,.5,136.27,4,7.71,1.7,-15.62,-3.2,-44.72,-8.7,-116.44,-19.8,-114.03,-19.5,I23400T23510,23410
516,9,Packaging-Gen,3,459.7,-6.41,-1.4,169.89,8,-10.9,-2.3,-34.44,-7,141.25,44.4,129.35,39.2,-45.43,-9,I25100T25190,25100
517,18,Material Handling ,2,455.45,7.2,1.6,137.9,20,10.45,2.3,-40.23,-8.1,115.07,33.8,-215.08,-32.1,-116.97,-20.4,I24700T24890,24850
518,27,Bitumen,1,453.07,2.38,.5,138.96,27,-5.32,-1.2,51.42,12.8,47.57,11.7,130.71,40.5,,,I21100T21490,21251
519,4,Stationery-Gen,2,448.02,-24.2,-5.1,159.17,3,-56.99,-11.3,-58.45,-11.5,-109.28,-19.6,-58.47,-11.5,-108.42,-19.5,I23400T23510,23400
520,2,Toys,2,439.17,-2.31,-.5,213.81,2,14.96,3.5,237.71,118,209.85,91.5,122.76,38.8,-22.09,-4.8,I22000T22090,22030
521,28,Multi-Food Products,3,435.33,3.69,.9,171.57,28,-26.9,-5.8,-81.76,-15.8,-113.78,-20.7,276.75,174.5,245.27,129,I11200T12390,12190
522,10,Non-Ferro-Extrusion,5,433.41,14.81,3.5,198.96,10,29.52,7.3,67.45,18.4,1.89,.4,42.56,10.9,54.47,14.4,I31200T31290,31240
523,4,Textile Auxillaries,1,425.34,-3.73,-.9,123.09,4,-2.7,-.6,3.58,.8,-18.57,-4.2,-92.3,-17.8,-241.63,-36.2,I24900T25090,24960
524,36,Cotton Gining/Press,2,419.11,11.37,2.8,156,36,-61.63,-12.8,26.58,6.8,98.26,30.6,81.01,24,9.32,2.3,I26100T26790,26640
525,13,Cold Chain,2,411.77,17.66,4.5,187.08,13,71.03,20.8,90.41,28.1,4.24,1,173.38,72.7,149.6,57.1,I62200T62390,62340
526,9,Duplex/Corrug Board,2,408.87,9.19,2.3,214.78,8,21.71,5.6,35.64,9.5,53.33,15,74.98,22.5,38.6,10.4,I23100T23190,23132
527,14,Auto Seal System,2,407.96,-.39,-.1,141.4,14,.78,.2,-24.8,-5.7,-51.09,-11.1,71.29,21.2,103.69,34.1,I24200T24290,24232
528,24,Gas Line Const/Maintenance,2,407.64,-5.75,-1.4,131.16,25,-.02,0,-20.33,-4.8,-23.9,-5.5,-27.38,-6.3,13.78,3.5,I51000T51910,51131
529,3,Handicrafts,2,407.24,-9.48,-2.3,26.06,4,-10.9,-2.6,-52.14,-11.4,327.31,409.5,298.78,275.5,248.93,157.2,I22000T22090,22020
530,13,Medical Electronics,4,385.78,-6.85,-1.7,166.33,12,46.59,13.7,36.68,10.5,-60.18,-13.5,-118.77,-23.5,-199.48,-34.1,I24600T24690,24660
531,19,Indl Metal Furniture,5,384.88,-4.72,-1.2,165.78,19,-5.35,-1.4,34.37,9.8,-8.81,-2.2,-18.32,-4.5,-109.37,-22.1,I24700T24890,24740
532,4,Greetings/Gift Items,3,380.6,-.23,-.1,120.05,3,-3.51,-.9,-5.59,-1.4,48.68,14.7,129.76,51.7,172.81,83.2,I22000T22090,22010
533,6,Electrolytic Product,1,360.98,-5.42,-1.5,167.21,6,-2.66,-.7,-14.5,-3.9,-80.27,-18.2,-138.56,-27.7,-267.56,-42.6,I25300T25390,25350
534,15,Auto Compo Fuel Sys,2,352.36,20.73,6.3,105.08,15,30.97,9.6,11.61,3.4,-78.92,-18.3,-149.26,-29.8,-276.73,-44,I24200T24290,24222
535,8,Salt,2,345.84,-1.17,-.3,112.22,8,2.28,.7,-11.18,-3.1,-47.34,-12,1.77,.5,-113.63,-24.7,I32500T32790,32710
536,37,Readymad Garment,4,339.71,-1.54,-.5,149.88,37,16.66,5.2,11.14,3.4,21.5,6.8,-36.04,-9.6,-41.04,-10.8,I26100T26790,26710
537,20,Mat Handling Divers,1,326.83,-5.06,-1.5,215.32,18,6.6,2.1,5.61,1.7,-77.47,-19.2,-91.34,-21.8,-140.31,-30,I24700T24890,24859
538,6,Rubber/Reclaimed-Gen,3,316.78,-1.1,-.3,145.8,6,1.67,.5,9.19,3,23.16,7.9,27.46,9.5,-89.61,-22.1,I25200T25290,25200
539,25,Const-Infra-Ropeways,1,315.63,-.12,0,115.74,26,4.6,1.5,47.12,17.5,32.08,11.3,-7.58,-2.3,-307.91,-49.4,I51000T51910,51201
540,3,Agro Farms,1,313.63,1.75,.6,143.89,3,-1.29,-.4,11.9,3.9,-59.15,-15.9,-81.57,-20.6,-258.55,-45.2,I11100T11190,11190
541,12,Interiors-Metal,1,309.55,16.61,5.7,78.07,12,20.76,7.2,132.16,74.5,167.61,118.1,147.98,91.6,154.62,99.8,I50030T50140,50060
542,3,Divers-Small,5,306.15,-5.67,-1.8,239.22,3,-.78,-.3,-20.34,-6.2,-57.32,-15.8,46.45,17.9,94.21,44.5,I91010T91030,91030
543,13,PVC PROFILES,1,304.96,12.64,4.3,91.85,13,11.27,3.8,-7.85,-2.5,3.76,1.2,39.96,15.1,-86.4,-22.1,I23300T23390,23383
544,5,Electronic Security,1,304.11,-1.71,-.6,96.46,5,-.59,-.2,22.66,8.1,-47.74,-13.6,72.91,31.5,86.44,39.7,I24900T25090,24970
545,38,Tex Proces-Divers,4,301.48,-3.91,-1.3,105.09,40,-4.63,-1.5,-18.1,-5.7,-22.87,-7.1,-34.33,-10.2,-76.08,-20.2,I26100T26790,26690
546,7,Road Transport-Gen,1,300.83,-15.82,-5,113.02,7,40.29,15.5,-23.88,-7.4,152.74,103.1,257.09,587.8,287,2075.2,I54000T54500,54300
547,6,Oil & Gas-Gen,1,300.58,4.54,1.5,300.58,6,-5.38,-1.8,-29.98,-9.1,-208.17,-40.9,-22.29,-6.9,-158.2,-34.5,I32200T32290,32200
548,28,Soft-Utilities ,4,298.5,-4.91,-1.6,67.85,29,-3.06,-1,.05,0,-60.73,-16.9,-4.88,-1.6,-40.86,-12,I53000T53390,53370
549,10,Tin Containers,3,297.21,5.85,2,163.51,9,7.51,2.6,11.04,3.9,-48.81,-14.1,-247.04,-45.4,-425.61,-58.9,I25100T25190,25140
550,1,Photo Consumables,2,292.36,3.38,1.2,103.22,1,.34,.1,-12.09,-4,-22.47,-7.1,-24.48,-7.7,-123.41,-29.7,I23200T23290,23220
551,26,EPC/Maintenance Contract,2,291.42,-.01,0,112.76,27,16.6,6,42.13,16.9,-5.57,-1.9,119.28,69.3,-87.17,-23,I51000T51910,51242
552,39,Sportswear,1,289.2,-3.96,-1.4,122.01,39,-17.79,-5.8,52.49,22.2,41.99,17,118.81,69.7,163.96,130.9,I26100T26790,26718
553,11,Metal Seals/Straps,1,286.38,-5.85,-2,137.87,11,1.57,.6,16.56,6.1,-19.27,-6.3,-39.93,-12.2,-67.39,-19,I25100T25190,25111
554,27,Highway-Maintenance,1,285.66,-17.38,-5.7,81.93,29,-18.63,-6.1,-4.58,-1.6,-47.86,-14.3,-12.51,-4.2,-10.32,-3.5,I51000T51910,51122
555,40,Tex-Tape/Woven Label,4,284.52,-3.19,-1.1,100.29,41,-1.06,-.4,-4.4,-1.5,-8.37,-2.9,-18.11,-6,-75.98,-21.1,I26100T26790,26760
556,5,Carbon Credit,1,284.46,13.42,5,96.49,5,8.7,3.2,-1.38,-.5,-22.77,-7.4,-53.69,-15.9,-438.43,-60.6,I41100T41610,41600
557,26,Ayurved/Homeo Clinic,1,283.86,-.16,-.1,95.55,27,-18.67,-6.2,-5.26,-1.8,-4.21,-1.5,115.8,68.9,144.77,104.1,I61100T61490,61245
558,41,Blended Spg/Wvg,2,283.41,1.53,.5,100.16,42,2.29,.8,-14.5,-4.9,-.02,0,-18.81,-6.2,-127.87,-31.1,I26100T26790,26210
559,8,Air Taxi/Fly,1,278.6,2.38,.9,69.65,9,2.8,1,-2.1,-.7,-11.97,-4.1,-99.54,-26.3,-121.59,-30.4,I54000T54500,54130
560,27,HRD/Placemen Service,3,277.77,6.83,2.5,82.76,28,-1.53,-.5,-8.24,-2.9,-19.11,-6.4,-16.01,-5.4,-66.63,-19.3,I61100T61490,61160
561,17,CR Coils,2,275.58,-7.76,-2.7,83.96,17,-10.58,-3.7,-31.82,-10.4,-211.77,-43.5,-288.78,-51.2,-572.67,-67.5,I31000T31190,31122
562,7,Entertainment-Gen,4,270.37,-13.48,-4.7,76.2,7,9.06,3.5,32.7,13.8,3.18,1.2,88.65,48.8,4.56,1.7,I82100T82190,82100
563,14,Solar Machinery,3,255.21,4.43,1.8,107.89,14,1.57,.6,7.5,3,-115.97,-31.2,-284.74,-52.7,-2917,-92,I24300T24390,24335
564,42,Spg/Wvg-Divers,3,252.07,-5.99,-2.3,74.23,44,1.23,.5,-16.03,-6,-94.75,-27.3,-550.86,-68.6,-216.63,-46.2,I26100T26790,26290
565,5,Silver Jewellery,1,249.52,65.26,35.4,249.5,5,58.79,30.8,85.35,52,106.71,74.7,139.06,125.9,174.75,233.7,I31300T31390,31331
566,7,Fibre Glass,2,243.6,-2.14,-.9,70.87,7,5.5,2.3,.22,.1,-52.33,-17.7,27.53,12.7,-56.55,-18.8,I25300T25390,25370
567,28,Const-Infra-Gen,2,241.8,-1.31,-.5,167.19,24,-1.36,-.6,29.39,13.8,32.87,15.7,3.81,1.6,-6.49,-2.6,I51000T51910,51200
568,14,Planters/Pots/Tubs,2,239.92,3.71,1.6,65.14,14,-6.78,-2.7,-8.81,-3.5,-12.27,-4.9,87.99,57.9,127.91,114.2,I23300T23390,23362
568,11,BRASS CASTINGS,4,239.92,-2,-.8,95.66,11,-3.71,-1.5,-14.8,-5.8,-92.04,-27.7,-111.92,-31.8,-170.45,-41.5,I31200T31290,31231
570,15,Food Process Machine,4,238.11,5.02,2.2,95.53,15,-.14,-.1,-3.54,-1.5,-53.5,-18.3,-36.68,-13.3,-130.36,-35.4,I24300T24390,24310
571,13,Timber & Allied,1,233.68,-.64,-.3,67.49,13,-7.04,-2.9,-14.85,-6,-64.44,-21.6,-38.71,-14.2,-92.78,-28.4,I50030T50140,50050
572,24,Medical Devices,1,232.37,11,5,99.13,24,16.98,7.9,-15.2,-6.1,26.96,13.1,,,,,I21500T21592,21584
573,16,Drilling Tools,1,227.64,9.45,4.3,82.27,16,12.81,6,.62,.3,-105.23,-31.6,-71.74,-24,-385.94,-62.9,I24300T24390,24352
574,21,Engineering-Divers,1,226.61,-6.19,-2.7,119.86,21,-.57,-.3,-17.21,-7.1,-47.24,-17.3,-346.9,-60.5,-413.43,-64.6,I24700T24890,24790
575,28,Wellness,3,225.88,2.2,1,102.52,26,2.14,1,-26.55,-10.5,-58.59,-20.6,-25.41,-10.1,-148.55,-39.7,I61100T61490,61241
576,18,SS Tubes/Pipes,1,225.4,-3.76,-1.6,60.41,18,-4.52,-2,1.89,.8,24.84,12.4,111.57,98,,,I31000T31190,31141
577,43,Wvg-Divers,1,224.04,-1.17,-.5,129.54,38,-4.6,-2,-1.13,-.5,-52.07,-18.9,-28.26,-11.2,-121.67,-35.2,I26100T26790,26390
578,44,Mens Formal Wear,1,219.65,-1.45,-.7,62.82,46,-2.47,-1.1,-9.12,-4,-35.71,-14,-65.11,-22.9,-107.87,-32.9,I26100T26790,26711
579,29,Plant/Equipment,1,216.75,-5.33,-2.4,78.46,30,14.12,7,25.94,13.6,-146.35,-40.3,,,,,I51000T51910,51251
580,10,Switch/Switchgears,1,215.14,-1.82,-.8,118.2,10,.38,.2,3.15,1.5,-5.83,-2.6,-28.67,-11.8,-40.33,-15.8,I24500T24590,24541
581,2,Unclassified/Others,5,214.58,-5.71,-2.6,100.71,2,1.41,.7,-5.29,-2.4,98.41,84.7,91.22,73.9,31.88,17.4,I99000T99020,99000
582,9,Rail Trans-Cargo,1,213.98,-7.2,-3.3,71.32,8,5.48,2.6,,,,,,,,,I54000T54500,54420
583,12,Print-General,2,209.46,7.66,3.8,78.82,13,27.58,15.2,25.11,13.6,95.56,83.9,123.35,143.2,134.38,179,I53400T53590,53400
584,14,EMS,1,209.04,-7.05,-3.3,65.32,16,-20.2,-8.8,-25.84,-11,-89.44,-30,-36.08,-14.7,-14.84,-6.6,I24600T24690,24600
585,15,Business Electronics,2,207.26,1.88,.9,77.49,14,.72,.3,-2.1,-1,-24.28,-10.5,-28.47,-12.1,-64.76,-23.8,I24600T24690,24650
586,30,Const-Software Park,2,205.49,-2.91,-1.4,82.63,28,-4.38,-2.1,.47,.2,-11.38,-5.2,-9.07,-4.2,-51.24,-20,I51000T51910,51420
587,29,Soft-Media/Entert,2,203.88,-.6,-.3,131.98,28,3.09,1.5,-2.83,-1.4,-32.46,-13.7,7.08,3.6,-16.56,-7.5,I53000T53390,53280
588,7,Tyre-SPV/Off-Highway,1,202.56,0,0,100.65,7,-.77,-.4,2.63,1.3,-38.95,-16.1,-31.16,-13.3,-110.82,-35.4,I25200T25290,25212
589,31,Electro-Mech Contract,2,202.48,-3.91,-1.9,52.44,31,-2.79,-1.4,-17.33,-7.9,-31.28,-13.4,-51.6,-20.3,78.15,62.9,I51000T51910,51252
590,12,Insurance/MF Broking,3,201.74,.24,.1,53.29,12,.2,.1,-1.8,-.9,75.09,59.3,77.93,62.9,87.41,76.5,I62100T62190,62123
591,29,Flour/Dal Mill,3,201.32,-7.2,-3.5,67.14,29,-10.33,-4.9,-3.25,-1.6,35.78,21.6,43.52,27.6,138.01,218,I11200T12390,12260
592,45,Mens Casual Wear,1,198.13,-4.04,-2,78.66,43,-8.87,-4.3,-16.52,-7.7,5.72,3,-1.58,-.8,9.41,5,I26100T26790,26712
593,4,Fruit/Veg Farm,4,183.73,-2.93,-1.6,122.61,4,2.24,1.2,24.97,15.7,10.52,6.1,11.33,6.6,-29.05,-13.7,I11100T11190,11150
594,13,Print-Divers,1,169.71,-.76,-.4,62.91,14,-5.54,-3.2,-21.4,-11.2,34.02,25.1,34.98,26,11.47,7.2,I53400T53590,53490
595,14,Content  Providers,2,168.42,-6.84,-3.9,122.56,12,2.04,1.2,-12.9,-7.1,-7.89,-4.5,-7.1,-4,1.61,1,I53400T53590,53440
596,29,Resorts,2,164.31,.62,.4,56.68,29,-3.15,-1.9,-8.34,-4.8,-36.97,-18.4,-32.91,-16.7,-52.89,-24.4,I61100T61490,61311
597,30,Beauty Parlours,1,150.75,-3.6,-2.3,40.21,31,-1.69,-1.1,-6.75,-4.3,-36,-19.3,-74.36,-33,-54.9,-26.7,I61100T61490,61243
598,46,Wollen Spg,1,150.44,-9.32,-5.8,52.5,48,-.83,-.5,-3.61,-2.3,-6.05,-3.9,-8.62,-5.4,-33.52,-18.2,I26100T26790,26460
599,4,Asset Mgnt-Trusts,1,148.58,.18,.1,80.01,4,-8.13,-5.2,-4.07,-2.7,53.65,56.5,44.16,42.3,-26.83,-15.3,I72300T72390,72340
600,8,Wire Cloth/Mesh,2,148.56,-2.19,-1.5,46.04,8,3.21,2.2,7.78,5.5,-10.86,-6.8,-1.91,-1.3,-12.67,-7.9,I25300T25390,25360
601,10,Optical Fibre,2,147.57,-3.17,-2.1,98.88,10,-2.63,-1.8,-3.29,-2.2,-29.79,-16.8,-92.89,-38.6,-101.96,-40.9,I53600T53890,53620
602,5,Biotech/Tissue Cult,1,143.49,-1.02,-.7,41.24,5,-1.02,-.7,-15.57,-9.8,,,,,,,I11100T11190,11110
603,5,Bicycles/Accessories,2,141.08,-1.69,-1.2,112.16,5,-1.07,-.8,-7.23,-4.9,-73.51,-34.3,-45.49,-24.4,-130.63,-48.1,I24400T24490,24440
604,30,Hardware General,4,137.58,.53,.4,48.11,30,-4.14,-2.9,-2.75,-2,-45.18,-24.7,-113.57,-45.2,-236.23,-63.2,I53000T53390,53100
605,7,Lubricants-Recycling,1,135.29,-7.34,-5.1,45.29,7,-6.29,-4.4,-16.36,-10.8,-42.18,-23.8,-25.99,-16.1,-104.56,-43.6,I32200T32290,32240
606,28,Pet Chips/Preforms,3,133.66,1.03,.8,49.88,28,.53,.4,-7.21,-5.1,-27.58,-17.1,-27.82,-17.2,-52.27,-28.1,I21100T21490,21261
607,25,CMO-API,1,131.24,2.83,2.2,60.83,25,5.41,4.3,-16.68,-11.3,-26.12,-16.6,6.67,5.4,-129.1,-49.6,I21500T21592,21505
608,30,Solvent Extract-Gen,1,130.81,-6.89,-5,40.49,31,-1.59,-1.2,-11.78,-8.3,-25.42,-16.3,-59.61,-31.3,63.52,94.4,I11200T12390,12210
609,17,Pollu Contl Machin,2,129.41,3.79,3,39.63,17,17.32,15.5,16.55,14.7,-4.33,-3.2,-.14,-.1,-23.12,-15.2,I24300T24390,24370
610,31,B-Schools,1,125.86,-8.54,-6.4,33.37,33,1.14,.9,-38.73,-23.5,-41.57,-24.8,-33.6,-21.1,23.38,22.8,I61100T61490,61130
611,47,Manmade Tex-Gen,4,125.1,-3.82,-3,45.69,49,-1.51,-1.2,-11.52,-8.4,-23.24,-15.7,-40.52,-24.5,-70.44,-36,I26100T26790,26500
612,16,Electronic Equipment,1,124.05,25.41,25.8,69.68,15,28.83,30.3,29.8,31.6,-48.53,-28.1,17.56,16.5,35.15,39.5,I24600T24690,24620
613,13,Legal Consultancy,1,119.42,-.57,-.5,43.07,13,-7.86,-6.2,-3.72,-3,-42.86,-26.4,12.48,11.7,-13.91,-10.4,I62100T62190,62150
614,48,Silk Composite Tex,2,118.94,-1.37,-1.1,65.56,45,-8.18,-6.4,-15.78,-11.7,-25.99,-17.9,-21.78,-15.5,-41.41,-25.8,I26100T26790,26130
615,19,Metal Extract-Divers,1,118.66,-13.13,-10,53.63,19,-14.62,-11,-9.77,-7.6,-80.75,-40.5,-107.79,-47.6,-101.97,-46.2,I31000T31190,31090
616,32,Profession Training,2,113.66,-4.64,-3.9,55.37,30,.64,.6,1.3,1.2,7.56,7.1,18.91,20,48.5,74.4,I61100T61490,61115
617,10,Fin Institution-Stat,1,108.27,-1.79,-1.6,17.38,10,3.65,3.5,7.57,7.5,-13.28,-10.9,-32.98,-23.3,-80.47,-42.6,I71000T71310,71230
618,5,Consumer/Indl-Miscl,1,105.81,0,0,27.95,5,-12.26,-10.4,-23.94,-18.5,21.93,26.1,23.26,28.2,16.58,18.6,I23400T23510,23500
618,17,EMS-Capacitors,3,105.81,-1.52,-1.4,41.62,18,-1.43,-1.3,-21.18,-16.7,-53,-33.4,-41.19,-28,-41.24,-28,I24600T24690,24601
620,15,Plastic Product-Gen,2,98.45,-.77,-.8,25.07,15,-3.21,-3.2,-15.8,-13.8,-30.71,-23.8,-33.67,-25.5,-47.74,-32.7,I23300T23390,23300
621,3,Home/Office Maintain,1,94.01,-3.72,-3.8,33.94,3,-4.44,-4.5,-10.24,-9.8,-32.91,-25.9,-.54,-.6,45.29,93,I23000T23090,23020
622,5,Sports Goods,1,93.62,1.75,1.9,23.42,6,1.93,2.1,-2.5,-2.6,-3.33,-3.4,-10.41,-10,-43.71,-31.8,I22200T22290,22230
623,12,Non-Ferro-Long,1,92.93,4.41,5,31.16,12,29.54,46.6,53.3,134.5,50.83,120.7,49.87,115.8,47.61,105.1,I31200T31290,31250
624,22,Indl Furniture-Other,1,90.66,-7.66,-7.8,44.46,22,-8.01,-8.1,-13.43,-12.9,-7.27,-7.4,5.65,6.6,6.75,8,I24700T24890,24750
625,29,Pest-Formulation,1,89.47,.34,.4,26.83,30,3.94,4.6,3.77,4.4,-7.37,-7.6,-1.03,-1.1,7.2,8.8,I21100T21490,21112
626,49,Embroidery,1,82.59,0,0,58.1,47,-2.3,-2.7,-7.31,-8.1,-21.99,-21,-43.27,-34.4,-61.67,-42.7,I26100T26790,26630
627,18,Office Automation,4,82.22,-.59,-.7,50.29,17,-3.87,-4.5,-5.12,-5.9,-23.99,-22.6,-84.03,-50.5,-11.73,-12.5,I24600T24690,24630
628,6,Personal Accessories,1,82.03,-1.97,-2.3,34.34,5,1.27,1.6,-1.97,-2.3,-11.96,-12.7,1.93,2.4,-1.61,-1.9,I22200T22290,22250
629,50,Metallic Yarn,1,77.85,-1.32,-1.7,21.57,51,-1.94,-2.4,9.96,14.7,-60.56,-43.8,35.12,82.2,35.9,85.6,I26100T26790,26551
630,31,Soft-Retail,1,76.16,.21,.3,46.97,31,0,0,-3.56,-4.5,-8.18,-9.7,-4.12,-5.1,-54.74,-41.8,I53000T53390,53340
631,30,Alcohol,1,73.6,-.56,-.8,33.3,29,-4.15,-5.3,-9.32,-11.2,-24.82,-25.2,-26.09,-26.2,-37.11,-33.5,I21100T21490,21120
632,31,Poultry Farm,2,71.56,-3.21,-4.3,46.54,30,-1.91,-2.6,-1.07,-1.5,8.02,12.6,-2.36,-3.2,-8.78,-10.9,I11200T12390,11360
633,14,Solid Surface (Artificial),1,68.76,2.33,3.5,27.25,14,-.33,-.5,7.24,11.8,4.49,7,-2.41,-3.4,-23.19,-25.2,I50030T50140,50111
634,8,Lubricants-Non-Auto,1,67.85,-3.55,-5,18.99,8,-19.75,-22.5,,,,,,,,,I32200T32290,32260
635,4,Holding Venture-SPV,1,67.66,1.78,2.7,18.07,4,3.49,5.4,-1.91,-2.7,-9.11,-11.9,-23.76,-26,-36.74,-35.2,I92010T92013,92013
636,13,Power Generation-Gen,2,59.21,-.21,-.4,28.56,13,-2.19,-3.6,-2.21,-3.6,-13.91,-19,-9.48,-13.8,-29.66,-33.4,I52100T52390,52100
637,14,Real Estate Broking,2,58.45,1.88,3.3,31.28,14,.54,.9,.91,1.6,-14,-19.3,-37.06,-38.8,-105.25,-64.3,I62100T62190,62124
638,26,PharmaChem Trading,3,58.42,-2.09,-3.5,22.17,26,-3.43,-5.5,-5.12,-8.1,-9.49,-14,34.5,144.2,13.75,30.8,I21500T21592,21521
639,32,Electromechanical,2,53.62,-.29,-.5,17.17,34,1.46,2.8,-1.5,-2.7,-6.41,-10.7,-15.8,-22.8,-91.06,-62.9,I51000T51910,51250
640,8,Film Distribution,2,53.33,-1.8,-3.3,17.26,8,7.65,16.7,15.27,40.1,4.69,9.6,1.53,3,-16.79,-23.9,I82100T82190,82140
641,5,Recovery/Risk Mgnt,1,50.74,4.66,10.1,15.99,5,.47,.9,-.58,-1.1,-8.75,-14.7,-6.86,-11.9,-23.55,-31.7,I72300T72390,72330
642,33,Const-Integrated,1,49.32,.33,.7,41.21,32,1.15,2.4,5.78,13.3,-5.21,-9.6,-17.6,-26.3,-43.71,-47,I51000T51910,51490
643,18,Pollu Contl Equip,1,46.36,-1.71,-3.6,13.19,18,-2.44,-5,-.19,-.4,-12.02,-20.6,-21.23,-31.4,-46.31,-50,I24300T24390,24371
644,15,Interior-Bath Fits,1,44.86,-1,-2.2,13.83,15,-1.78,-3.8,-4.44,-9,-11.77,-20.8,-20.65,-31.5,,,I50030T50140,50100
645,8,FMCG-Gen,1,42.94,-.97,-2.2,24.3,8,.32,.8,-.21,-.5,-1.39,-3.1,-6.02,-12.3,-8.78,-17,I22100T22190,22100
646,33,Restaurant/Catering,1,39.91,5.02,14.4,39.91,32,-1.17,-2.8,-2.45,-5.8,-19.95,-33.3,-23.04,-36.6,-54.73,-57.8,I61100T61490,61330
647,16,Cosntn Material-Dive,1,38.58,-1.39,-3.5,12.87,16,1.48,4,-1.35,-3.4,-.72,-1.8,-30.51,-44.2,-81.51,-67.9,I50030T50140,50090
647,15,Electronic-Gen,4,38.58,-.56,-1.4,28.37,15,4.06,11.8,10.53,37.5,20.1,108.8,17.28,81.1,16.4,73.9,I53400T53590,53500
649,10,Paper-Integrated,1,35.38,0,0,9.56,10,-.98,-2.7,-4.91,-12.2,-12.79,-26.6,-14.74,-29.4,,,I23100T23190,23150
650,14,Derivatives Trading,1,34.9,-1.39,-3.8,29.14,14,-1.66,-4.5,-4.48,-11.4,-7.05,-16.8,-6.35,-15.4,-34.37,-49.6,I72000T72190,72132
651,34,Nursery Schools,1,34.61,-.08,-.2,27.5,34,1.44,4.3,-.97,-2.7,2.03,6.2,.8,2.4,-36.94,-51.6,I61100T61490,61113
652,6,Indl Appliance-Gen,1,34.21,.01,0,12.64,6,-.35,-1,-1.76,-4.9,-9.85,-22.4,-14.81,-30.2,-41.96,-55.1,I24900T25090,24900
653,31,Agro Nutrient,1,34.2,0,0,23.18,31,-.45,-1.3,-2.46,-6.7,-6.89,-16.8,-16.14,-32.1,-50.09,-59.4,I21100T21490,21113
654,32,Dyestuff Trading,1,33.67,-1.76,-5,13.2,32,-1.49,-4.2,1.49,4.6,-6.58,-16.3,-13.25,-28.2,,,I21100T21490,21142
655,11,Tele Instruments,1,32.48,-.44,-1.3,8.52,11,-2.69,-7.6,-.75,-2.3,-5.43,-14.3,-7.56,-18.9,-25.66,-44.1,I53600T53890,53720
656,27,Medical Consumables,1,32.47,.53,1.7,8.95,27,-1.29,-3.8,2.88,9.7,-3.49,-9.7,,,,,I21500T21592,21586
657,35,Kidney/Uro special,1,30.88,0,0,8.08,37,.21,.7,-1.58,-4.9,-6.7,-17.8,-7.8,-20.2,-17.36,-36,I61100T61490,61215
658,36,Diagnostic Centres,2,30.14,.81,2.8,21.66,35,1.65,5.8,-1.1,-3.5,-10.77,-26.3,-9.73,-24.4,-24.82,-45.2,I61100T61490,61230
659,51,Spg/Wvg-Gen,1,29.89,-.6,-2,27.4,50,-2.45,-7.6,.47,1.6,-15.91,-34.7,-5.76,-16.2,-42.2,-58.5,I26100T26790,26200
660,6,Non-Merch Export,1,25.92,0,0,8.79,6,-3.7,-12.5,-6.93,-21.1,-18.67,-41.9,,,,,I41100T41610,41200
661,6,Rubber Plantation,1,25.79,-.08,-.3,9.61,7,.63,2.5,-1.14,-4.2,-1.14,-4.2,-5.9,-18.6,-6.13,-19.2,I11100T11190,11160
662,52,Wollen Spg/Wvg,1,25.65,-.26,-1,9.27,52,-.19,-.7,-2.25,-8.1,-5.54,-17.8,-4.82,-15.8,-12.02,-31.9,I26100T26790,26260
663,9,MLM-Direct Selling,1,24.94,.48,2,18.16,9,-.17,-.7,-.71,-2.8,-1.87,-7,-6.03,-19.5,-16.93,-40.4,I42200T43010,42220
664,32,Guar Gum,1,24.12,.21,.9,20.61,32,-.61,-2.5,.21,.9,-3.07,-11.3,-6.55,-21.4,-9.61,-28.5,I11200T12390,12250
665,9,Limestones,1,21.29,-.35,-1.6,5.82,9,-.06,-.3,-1.36,-6,-5.88,-21.6,-3.86,-15.3,-17.96,-45.8,I32500T32790,32510
666,7,Fire Protection,1,21.2,-1.11,-5,6.93,7,-2.89,-12,-3.49,-14.1,-2.16,-9.2,-20.35,-49,-28.39,-57.2,I24900T25090,24980
667,10,Consumer/Ind Service,1,20.74,0,0,5.37,10,-.22,-1,.17,.8,1.04,5.3,-1.45,-6.5,-.76,-3.5,I63000T64990,63000
668,34,Construction-Gen,1,19.6,0,0,19.6,33,0,0,-.6,-3,-3.8,-16.2,-1.4,-6.7,-42.8,-68.6,I51000T51910,51000
669,32,IT-General,1,15.44,.3,2,1.12,32,1.44,10.3,5.18,50.5,15.22,6918.2,15.39,30780,,,I53000T53390,53000
670,37,Décorator/House,1,14.2,.49,3.6,13.78,36,.49,3.6,-.98,-6.5,-2.45,-14.7,-14.69,-50.8,.72,5.3,I61100T61490,61350
671,7,Organic Farm,1,14.18,.14,1,10.56,6,.18,1.3,-.42,-2.9,-3.5,-19.8,-3.99,-22,-10.08,-41.5,I11100T11190,11151
672,38,Education-Gen,1,14.1,-.61,-4.1,3.54,38,.12,.9,.61,4.5,-11.65,-45.2,-41.46,-74.6,-43.83,-75.7,I61100T61490,61100
673,8,Coffee Plant/Process,1,13.05,.58,4.7,3.84,10,-.15,-1.1,-1.05,-7.4,-3.42,-20.8,-5.09,-28.1,-10.65,-44.9,I11100T11190,11142
674,3,Coal-Gen,1,11.33,.17,1.5,10.02,3,-.49,-4.1,.75,7.1,.33,3,1.56,16,.99,9.6,I32100T32190,32100
675,16,PVC Products,1,11.31,-.03,-.3,4.15,16,.5,4.6,.17,1.5,-1.45,-11.4,-1.36,-10.7,-9.37,-45.3,I23300T23390,23380
676,6,Cable TV Accessories,1,10.91,0,0,7.65,6,-.05,-.5,-.6,-5.2,-.49,-4.3,-1.47,-11.9,-4.13,-27.5,I24400T24490,24431
677,4,Consumer/Indl-Gen,1,10.66,.23,2.2,6.26,4,-.21,-1.9,-.74,-6.5,-.05,-.5,-2.3,-17.7,-2.79,-20.7,I23000T23090,23000
678,33,Aqua/Marine-Divers,1,9.87,-.52,-5,6.79,33,-1.99,-16.8,2.52,34.3,-.01,-.1,-1.54,-13.5,-3.01,-23.4,I11200T12390,11290
679,9,Sports,1,9.68,-.23,-2.3,4.76,9,.41,4.4,.98,11.3,.7,7.8,-2.35,-19.5,-.62,-6,I82100T82190,82170
680,9,Floriculture/Nursery,1,9.2,-.18,-1.9,9.2,8,-.66,-6.7,-.68,-6.9,-2.26,-19.7,-1.18,-11.4,-3.54,-27.8,I11100T11190,11120
681,53,Carpets,1,7.99,0,0,3.09,53,0,0,.39,5.1,-2.53,-24,-2.58,-24.4,-3.96,-33.1,I26100T26790,26750
682,10,Agri-General,1,7.94,.27,3.5,4.23,9,.39,5.2,-.44,-5.3,-1.75,-18.1,-6.87,-46.4,-17.7,-69,I11100T11190,11100
683,11,Rental Service,1,7.9,-.49,-5.8,3.28,12,-.2,-2.5,-2.18,-21.6,-1.2,-13.2,-.4,-4.8,-.51,-6.1,I63000T64990,64020
684,2,Photo Equipments,1,7.5,.3,4.2,3.99,2,.15,2,-1.5,-16.7,-1.39,-15.6,-3.12,-29.4,-3.35,-30.9,I23200T23290,23210
685,12,Office Equip Rental,1,6.29,.12,1.9,4.46,11,.58,10.2,2.52,66.8,,,,,,,I63000T64990,64023
686,11,Contract Farming,1,3.74,.17,4.8,2.31,11,-.01,-.3,-.54,-12.6,-2.09,-35.8,-15.34,-80.4,-16.67,-81.7,I11100T11190,11102
