1,INE745G01043,10,2,2026-01-02,S
2,INE745G01043,10,2,2026-01-02,S
3,INE176N01021,1,10,2025-12-29,C
4,INE531F01023,10,2,2025-12-26,S
5,INE531F01023,10,2,2025-12-26,S
6,INE0CJD01029,10,5,2025-12-22,S
7,INE0CJD01029,10,5,2025-12-22,S
8,INE797Z01028,10,1,2025-12-19,S
9,INE838B01021,10,5,2025-12-12,S
10,INE495P01020,10,2,2025-12-12,S
11,INE838B01021,10,5,2025-12-12,S
12,INE495P01020,10,2,2025-12-12,S
13,INE596I01020,10,2,2025-12-05,S
14,INE596I01020,10,2,2025-12-05,S
15,INE281E01028,10,2,2025-12-02,S
16,INE099D01026,10,1,2025-11-28,S
17,INE112X01025,10,1,2025-11-27,S
18,INE855C01023,10,1,2025-11-14,S
19,INE375C01022,10,5,2025-11-14,S
20,INE855C01023,10,1,2025-11-14,S
21,INE258A01024,10,5,2025-11-03,S
22,INE258A01024,10,5,2025-11-03,S
23,INE045J01034,2,1,2025-10-31,S
24,INE045J01034,2,1,2025-10-31,S
25,INE669X01032,2,1,2025-10-30,S
26,INE953E01022,10,1,2025-10-28,S
27,INE00YB01025,10,1,2025-10-17,S
28,INE00YB01025,10,1,2025-10-17,S
29,INE645S01024,10,1,2025-10-17,S
30,INE645S01024,10,1,2025-10-17,S
31,INE060D01028,10,2,2025-10-17,S
32,INE671K01027,10,2,2025-10-17,S
33,INE363L01029,5,10,2025-10-17,C
34,INE331C01025,10,1,2025-10-16,S
35,INE947T01022,10,5,2025-10-15,S
36,INE314T01033,2,1,2025-10-14,S
37,INE314T01033,2,1,2025-10-14,S
38,INE672A01026,10,1,2025-10-14,S
39,INE672A01026,10,1,2025-10-14,S
40,INE976R01033,5,1,2025-10-10,S
41,INE976R01033,5,1,2025-10-10,S
42,INE0A0S01028,10,1,2025-10-06,S
43,INE0A0S01028,10,1,2025-10-06,S
44,INE111F01024,10,5,2025-10-03,S
45,INE235C01036,10,2,2025-10-03,S
46,INE235C01036,10,2,2025-10-03,S
47,INE418L01047,4,2,2025-09-26,S
48,INE428B01021,10,5,2025-09-26,S
49,INE418L01047,4,2,2025-09-26,S
50,INE219Y01026,10,1,2025-09-26,S
51,INE219Y01026,10,1,2025-09-26,S
52,INE814H01029,10,2,2025-09-22,S
53,INE814H01029,10,2,2025-09-22,S
54,INE305A01023,10,2,2025-09-19,S
55,INE305A01023,10,2,2025-09-19,S
56,INE133B01027,10,1,2025-09-18,S
57,INE768C01028,10,2,2025-09-18,S
58,INE768C01028,10,2,2025-09-18,S
59,INE809Q01020,10,5,2025-09-16,S
60,INE771F01041,10,1,2025-09-12,S
61,INE807M01031,10,1,2025-09-08,S
62,INE924N01024,10,1,2025-09-02,S
63,INE07S101038,10,1,2025-09-01,S
64,INE07S101038,10,1,2025-09-01,S
65,INE124E01038,5,1,2025-08-29,S
66,INE124E01038,5,1,2025-08-29,S
67,INE142E01022,10,1,2025-08-22,S
68,INE060X01034,5,2,2025-08-21,S
69,INE060X01034,5,2,2025-08-21,S
70,INE371F01024,10,1,2025-08-20,S
71,INE598D01035,2,1,2025-08-18,S
72,INE560A01023,10,5,2025-08-12,S
73,INE537U01037,2,1,2025-08-12,S
74,INE560A01023,10,5,2025-08-12,S
75,INE0N7S01028,10,2,2025-08-08,S
76,INE910R01024,10,2,2025-07-28,S
77,INE164B01030,5,1,2025-07-25,S
78,INE164B01030,5,1,2025-07-25,S
79,INE302D01024,10,2,2025-07-25,S
80,INE337M01021,10,1,2025-07-18,S
81,INE337M01021,10,1,2025-07-18,S
82,INE0HS001028,10,2,2025-07-04,S
83,INE045601023,10,5,2025-07-04,S
84,INE448D01025,10,1,2025-06-27,S
85,INE188Y01023,1,10,2025-06-25,C
86,INE669R01026,10,1,2025-06-25,S
87,INE546I01025,10,2,2025-06-24,S
88,INE759C01027,10,1,2025-06-20,S
89,INE296A01032,2,1,2025-06-16,S
90,INE296A01032,2,1,2025-06-16,S
91,INE0J5801029,10,2,2025-06-12,S
92,INE060601031,2,1,2025-06-11,S
93,INE386A01023,10,1,2025-06-10,S
94,INE386A01023,10,1,2025-06-10,S
95,INE591G01025,10,2,2025-06-04,S
96,INE591G01025,10,2,2025-06-04,S
97,INE317W01030,2,1,2025-05-21,S
98,INE738D01029,10,1,2025-05-16,S
99,INE347L01022,10,5,2025-05-16,S
100,INE268H01044,2,1,2025-05-09,S
101,INE408F01024,10,2,2025-05-09,S
102,INE268H01044,2,1,2025-05-09,S
103,INE497E01020,10,1,2025-05-08,S
104,INE663F01032,10,2,2025-05-07,S
105,INE663F01032,10,2,2025-05-07,S
106,INE368U01029,10,1,2025-05-02,S
107,INE00FF01025,10,5,2025-04-25,S
108,INE00FF01025,10,5,2025-04-25,S
109,INE01A501027,10,5,2025-04-21,S
110,INE916Y01027,10,1,2025-04-17,S
111,INE916Y01027,10,1,2025-04-17,S
112,INE332Q01023,10,1,2025-04-15,S
113,INE993I01029,10,1,2025-04-11,S
114,INE443P01038,10,1,2025-04-07,S
115,INE404B01022,10,1,2025-03-21,S
116,INE031G01022,10,1,2025-03-21,S
117,INE562E01021,10,1,2025-03-21,S
118,INE551C01044,10,1,2025-03-21,S
119,INE439N01031,10,1,2025-03-20,S
120,INE438E01032,10,2,2025-03-17,S
121,INE062Y01020,10,1,2025-03-13,S
122,INE631E01024,10,1,2025-03-13,S
123,INE118R01032,5,1,2025-03-13,S
124,INE485C01029,10,2,2025-03-11,S
125,INE485C01029,10,2,2025-03-11,S
126,INE656B01027,10,1,2025-03-07,S
127,INE377E01024,10,2,2025-03-04,S
128,INE0APB01032,2,1,2025-03-04,S
129,INE377E01024,10,2,2025-03-04,S
130,INE0APB01032,2,1,2025-03-04,S
131,INE876A01023,10,1,2025-02-28,S
132,INE245L01028,10,1,2025-02-28,S
133,INE714D01020,10,5,2025-02-18,S
134,INE345H01024,10,2,2025-02-17,S
135,INE0E4I01027,10,1,2025-02-14,S
136,INE0MJQ01020,10,5,2025-02-14,S
137,INE592B01024,10,1,2025-02-12,S
138,INE592B01024,10,1,2025-02-12,S
139,INE0R9I01021,10,2,2025-02-07,S
140,INE976R01033,10,5,2025-02-07,S
141,INE809A01032,10,5,2025-02-07,S
142,INE0D6I01023,10,5,2025-02-06,S
143,INE514C01026,10,1,2025-02-06,S
144,INE0D6I01023,10,5,2025-02-06,S
145,INE927D01051,2,1,2025-01-31,S
146,INE927D01051,2,1,2025-01-31,S
147,INE602W01027,10,5,2025-01-31,S
148,INE602W01027,10,5,2025-01-31,S
149,INE154B01023,10,1,2025-01-31,S
150,INE845A01028,10,1,2025-01-31,S
151,INE885E01042,10,2,2025-01-28,S
152,INE885E01042,10,2,2025-01-28,S
153,INE710D01028,10,5,2025-01-24,S
154,INE0LGX01024,10,1,2025-01-24,S
155,INE373T01047,2,1,2025-01-20,S
156,INE725A01030,2,1,2025-01-20,S
157,INE725A01030,2,1,2025-01-20,S
158,INE485K01022,10,1,2025-01-17,S
159,INE091G01026,10,2,2025-01-17,S
160,INE091G01026,10,2,2025-01-17,S
161,INE745R01024,10,1,2025-01-16,S
162,INE037B01020,10,2,2025-01-13,S
163,INE721A01047,10,2,2025-01-10,S
164,INE721A01047,10,2,2025-01-10,S
165,INE0C5901022,10,1,2025-01-08,S
166,INE890N01027,10,5,2025-01-08,S
167,INE048B01035,5,2,2025-01-08,S
168,INE048B01035,5,2,2025-01-08,S
169,INE390H01020,10,1,2025-01-08,S
170,INE390H01020,10,1,2025-01-08,S
171,INE767M01029,10,1,2025-01-03,S
172,INE0H1201020,10,1,2025-01-02,S
173,INE249Z01020,10,5,2024-12-27,S
174,INE249Z01020,10,5,2024-12-27,S
175,INE802B01027,10,5,2024-12-20,S
176,INE802B01027,10,5,2024-12-20,S
177,INE145Y01023,10,1,2024-12-17,S
178,INE785M01021,10,1,2024-12-16,S
179,INE785M01021,10,1,2024-12-16,S
180,INE0GFE01026,10,1,2024-12-13,S
181,INE0GFE01026,10,1,2024-12-13,S
182,INE0K1401020,10,1,2024-12-10,S
183,INE715Y01031,5,2,2024-12-10,S
184,INE489B01031,5,2,2024-12-10,S
185,INE291W01037,5,2,2024-12-10,S
186,INE187R01029,10,1,2024-12-06,S
187,INE432F01032,10,1,2024-12-06,S
188,INE555Z01020,10,2,2024-12-05,S
189,INE989C01038,10,1,2024-12-03,S
190,INE989C01038,10,1,2024-12-03,S
191,INE647Z01025,10,1,2024-11-29,S
192,INE00TV01023,10,1,2024-11-22,S
193,INE080G01029,10,2,2024-11-14,S
194,INE636D01041,2,1,2024-11-14,S
195,INE391J01032,2,1,2024-11-14,S
196,INE391J01032,2,1,2024-11-14,S
197,INE02WG01024,10,1,2024-11-12,S
198,INE02WG01024,10,1,2024-11-12,S
199,INE293E01031,10,1,2024-11-08,S
200,INE0FRK01020,10,1,2024-11-08,S
201,INE0FRK01020,10,1,2024-11-08,S
202,INE535D01037,2,1,2024-11-08,S
203,INE535D01037,2,1,2024-11-08,S
204,INE550F01049,10,1,2024-11-07,S
205,INE309M01020,5,1,2024-11-05,S
206,INE309M01020,5,1,2024-11-05,S
207,INE356B01024,10,1,2024-11-05,S
208,INE195F01027,10,2,2024-10-31,S
209,INE039O01029,10,2,2024-10-30,S
210,INE677D01037,5,1,2024-10-30,S
211,INE0J1E01027,10,2,2024-10-30,S
212,INE855P01041,10,1,2024-10-29,S
213,INE089A01031,5,1,2024-10-28,S
214,INE089A01031,5,1,2024-10-28,S
215,INE280E01038,5,1,2024-10-25,S
216,INE450E01029,10,5,2024-10-25,S
217,INE450E01029,10,5,2024-10-25,S
218,INE035S01028,10,2,2024-10-25,S
219,INE545A01024,10,2,2024-10-18,S
220,INE545A01024,10,2,2024-10-18,S
221,INE433G01020,10,2,2024-10-18,S
222,INE02PC01027,10,1,2024-10-18,S
223,INE098E01026,10,1,2024-10-17,S
224,INE063E01053,10,5,2024-10-16,S
225,INE063E01053,10,5,2024-10-16,S
226,INE365O01028,10,2,2024-10-15,S
227,INE727C01024,10,2,2024-10-15,S
228,INE972X01022,10,2,2024-10-15,S
229,INE786J01033,5,1,2024-10-11,S
230,INE835U01027,10,1,2024-10-10,S
231,INE324A01032,2,1,2024-10-09,S
232,INE324A01032,2,1,2024-10-09,S
233,INE177H01039,5,1,2024-10-04,S
234,INE055E01034,10,2,2024-10-04,S
235,INE177H01039,5,1,2024-10-04,S
236,INE882B01037,10,1,2024-10-01,S
237,INE989A01032,2,1,2024-09-27,S
238,INE989A01032,2,1,2024-09-27,S
239,INE594W01042,5,1,2024-09-25,S
240,INE691C01022,10,2,2024-09-25,S
241,INE606K01049,2,1,2024-09-23,S
242,INE417D01020,10,1,2024-09-20,S
243,INE875G01048,10,1,2024-09-19,S
244,INE875G01048,10,1,2024-09-19,S
245,INE760W01023,10,5,2024-09-17,S
246,INE967H01025,10,2,2024-09-13,S
247,INE885H01029,10,1,2024-09-13,S
248,INE125F01032,10,1,2024-09-13,S
249,INE967H01025,10,2,2024-09-13,S
250,INE885H01029,10,1,2024-09-13,S
251,INE200M01039,5,2,2024-09-12,S
252,INE200M01039,5,2,2024-09-12,S
253,INE435A01051,10,2,2024-09-11,S
254,INE435A01051,10,2,2024-09-11,S
255,INE806T01020,10,2,2024-09-05,S
256,INE806T01020,10,2,2024-09-05,S
257,INE0Q8P01029,10,2,2024-09-02,S
258,INE268L01046,1,10,2024-08-28,C
259,INE679V01027,10,1,2024-08-27,S
260,INE340O01021,10,1,2024-08-22,S
261,INE462D01034,1000,10,2024-08-16,S
262,INE588G01021,10,5,2024-08-13,S
263,INE01C001026,10,5,2024-08-09,S
264,INE525F01025,10,1,2024-08-09,S
265,INE542Z01028,10,5,2024-08-09,S
266,INE573K01025,10,1,2024-08-09,S
267,INE365S01045,5,1,2024-08-09,S
268,INE392G01028,10,2,2024-08-09,S
269,INE185E01021,5,1,2024-08-09,S
270,INE0OMO01025,10,1,2024-08-09,S
271,INE430R01023,10,1,2024-08-05,S
272,INE258R01028,10,2,2024-07-31,S
273,INE613C01026,10,2,2024-07-26,S
274,INE999A01023,10,2,2024-07-25,S
275,INE326B01035,6,1,2024-07-23,S
276,INE141C01036,10,1,2024-07-22,S
277,INE205B01031,2,1,2024-07-19,S
278,INE542W01025,10,5,2024-07-18,S
279,INE427T01025,10,1,2024-07-12,S
280,INE765D01022,10,1,2024-07-12,S
281,INE457L01029,10,1,2024-07-10,S
282,INE958C01025,10,1,2024-07-10,S
283,INE813G01023,100,10,2024-07-05,S
284,INE474C01023,10,2,2024-07-05,S
285,INE188Y01023,10,1,2024-07-05,S
286,INE114O01020,10,1,2024-07-03,S
287,INE323B01024,10,1,2024-06-28,S
288,INE932X01026,10,2,2024-06-27,S
289,INE863B01029,10,2,2024-06-21,S
290,INE0BTI01037,5,1,2024-06-14,S
291,INE890S01026,10,2,2024-06-14,S
292,INE621I01034,2,10,2024-06-12,C
293,INE179G01029,10,1,2024-05-31,S
294,INE618N01022,10,2,2024-05-30,S
295,INE171Z01026,10,5,2024-05-24,S
296,INE480C01038,5,2,2024-05-24,S
297,INE835A01029,10,1,2024-05-17,S
298,INE476A01022,10,2,2024-05-15,S
299,INE00LM01029,10,5,2024-05-10,S
300,INE414D01027,10,1,2024-05-02,S
301,INE464A01036,10,5,2024-04-24,S
302,INE183U01022,10,1,2024-04-19,S
303,INE05ST01028,10,1,2024-04-18,S
304,INE537U01037,10,2,2024-04-12,S
305,INE0EEJ01023,10,1,2024-04-05,S
306,INE509F01029,10,1,2024-04-04,S
307,INE715T01031,10,1,2024-03-28,S
308,INE262H01021,10,5,2024-03-28,S
309,INE740X01023,10,1,2024-03-28,S
310,INE890G01021,10,5,2024-03-26,S
311,INE056I01025,10,2,2024-03-22,S
312,INE317W01030,10,2,2024-03-19,S
313,INE179O01031,10,1,2024-03-18,S
314,INE299N01021,10,2,2024-03-15,S
315,INE870B01024,10,1,2024-03-11,S
316,INE00VM01036,10,2,2024-03-07,S
317,INE974F01025,10,1,2024-03-07,S
318,INE180C01042,2,1,2024-03-05,S
319,INE906O01029,10,1,2024-03-04,S
320,INE549S01036,5,1,2024-02-23,S
321,INE385F01024,10,1,2024-02-22,S
322,INE0KY201021,10,1,2024-02-05,S
323,INE451S01027,10,1,2024-01-31,S
324,INE920A01037,10,1,2024-01-25,S
325,INE0LCW01025,10,1,2024-01-25,S
326,INE238C01022,10,2,2024-01-16,S
327,INE234I01028,10,1000,2024-01-12,C
328,INE789R01022,10,1,2024-01-11,S
329,INE704P01025,10,5,2024-01-10,S
330,INE413X01027,1,10,2024-01-05,C
331,INE940H01022,10,5,2024-01-05,S
332,INE940H01022,10,5,2024-01-05,S
333,INE239A01024,10,1,2024-01-05,S
334,INE239A01024,10,1,2024-01-05,S
335,INE359D01024,100,10,2024-01-03,S
336,INE0ECP01024,10,1,2023-12-29,S
337,INE625D01028,10,1,2023-12-29,S
338,INE0ECP01024,10,1,2023-12-29,S
339,INE065J01024,10,1,2023-12-14,S
340,INE670C01026,10,5,2023-12-11,S
341,INE615A01025,50,10,2023-11-24,S
342,INE151G01028,10,2,2023-11-23,S
343,INE0ALR01029,10,2,2023-11-16,S
344,INE964W01021,10,1,2023-11-10,S
345,INE758A01072,5,1,2023-11-10,S
346,INE642Y01029,10,2,2023-11-10,S
347,INE0GSL01024,10,2,2023-11-09,S
348,INE068L01024,10,2,2023-11-02,S
349,INE997Y01027,10,1,2023-11-01,S
350,INE412G01024,10,1,2023-10-27,S
351,INE700V01021,10,2,2023-10-27,S
352,INE187D01029,10,2,2023-10-27,S
353,INE571B01036,5,2,2023-10-26,S
354,INE669X01032,10,2,2023-10-23,S
355,INE027T01023,10,5,2023-10-18,S
356,INE083B01024,10,1,2023-10-10,S
357,INE942C01045,5,1,2023-10-10,S
358,INE0D0K01022,10,1,2023-10-09,S
359,INE335A01020,10,5,2023-10-06,S
360,INE593W01028,10,2,2023-10-06,S
361,INE066F01020,10,5,2023-09-28,S
362,INE489B01031,10,5,2023-09-26,S
363,INE056E01024,10,1,2023-09-25,S
364,INE572A01036,2,1,2023-09-18,S
365,INE324X01026,10,1,2023-09-15,S
366,INE982B01027,10,2,2023-09-11,S
367,INE549S01036,10,5,2023-09-01,S
368,INE886D01026,10,2,2023-08-18,S
369,INE00IK01029,10,2,2023-08-18,S
370,INE005B01027,10,2,2023-08-14,S
371,INE01GN01025,10,2,2023-08-11,S
372,INE148B01033,10,1,2023-08-11,S
373,INE385C01021,10,1,2023-08-04,S
374,INE256Z01017,10,1,2023-07-31,S
375,INE782X01033,2,1,2023-07-28,S
376,INE215I01027,10,5,2023-07-27,S
377,INE716K01020,10,5,2023-07-20,S
378,INE030T01027,10,5,2023-07-19,S
379,INE05FR01029,10,1,2023-07-18,S
380,INE642Z01026,10,2,2023-06-22,S
381,INE385D01029,10,1,2023-06-15,S
382,INE200M01039,10,5,2023-06-15,S
383,INE570A01022,10,1,2023-06-12,S
384,INE792P01012,10,1,2023-06-08,S
385,INE626Z01029,10,1,2023-06-05,S
386,INE706F01021,10,2,2023-06-02,S
387,INE456H01011,10,1000,2023-05-26,C
388,INE457H01019,10,1000,2023-05-26,C
389,INE583V01021,10,2,2023-05-26,S
390,INE008Z01020,10,1,2023-05-19,S
391,INE923Y01023,10,1,2023-05-19,S
392,INE0ID001024,10,1,2023-05-19,S
393,INE392A01021,10,2,2023-05-15,S
394,INE0JOO01021,10,5,2023-05-12,S
395,INE713T01028,10,1,2023-05-04,S
396,INE274M01026,10,2,2023-05-04,S
397,INE00Y701026,10,1,2023-05-03,S
398,INE017I01027,10,2,2023-04-28,S
399,INE636D01041,5,2,2023-04-28,S
400,INE705X01026,10,1,2023-04-25,S
401,INE714U01024,10,1,2023-04-21,S
402,INE716B01029,10,1,2023-04-21,S
403,INE062C01034,10,1,2023-04-20,S
404,INE819A01049,10,1,2023-04-13,S
405,INE08KJ01020,2,1,2023-04-13,S
406,INE0FHS01024,10,5,2023-04-10,S
407,INE397C01026,10,1,2023-04-06,S
408,INE757T01025,10,1,2023-03-31,S
409,INE758A01072,10,5,2023-03-31,S
410,INE842D01029,10,1,2023-03-29,S
411,INE984E01035,10,1,2023-03-24,S
412,INE183Q01020,10,2,2023-03-20,S
413,INE106T01025,10,1,2023-03-17,S
414,INE0BDU01028,10,2,2023-03-17,S
415,INE299W01022,10,1,2023-03-17,S
416,INE630Y01024,10,2,2023-03-16,S
417,INE06IR01021,10,1,2023-03-13,S
418,INE127T01021,10,5,2023-03-10,S
419,INE0KKN01029,10,1,2023-03-10,S
420,INE145J01032,10,1,2023-03-06,S
421,INE513R01026,10,1,2023-03-03,S
422,INE466L01038,2,1,2023-03-02,S
423,INE554R01020,10,1,2023-02-24,S
424,INE01KI01027,10,1,2023-02-24,S
425,INE883D01023,10,1,2023-02-24,S
426,INE149Q01021,10,2,2023-02-23,S
427,INE821I01022,10,1,2023-02-22,S
428,INE185U01035,5,1,2023-02-17,S
429,INE648Z01023,10,1,2023-02-15,S
430,INE098201036,2,1,2023-02-15,S
431,INE402Y01028,10,2,2023-02-15,S
432,INE262Z01023,10,2,2023-02-10,S
433,INE782X01033,10,2,2023-02-03,S
434,INE405Y01021,10,1,2023-01-20,S
435,INE715Y01031,10,5,2023-01-20,S
436,INE005G01026,10,1,2023-01-20,S
437,INE270I01022,10,2,2023-01-13,S
438,INE685Z01033,2,1,2023-01-10,S
439,INE663A01025,4,2,2023-01-06,S
440,INE816B01035,2,1,2022-12-27,S
441,INE359U01028,10,5,2022-12-16,S
442,INE110Q01023,10,2,2022-12-16,S
443,INE526R01028,10,5,2022-12-16,S
444,INE184S01024,10,1,2022-12-14,S
445,INE060901027,10,5,2022-12-02,S
446,INE186C01023,10,2,2022-12-02,S
447,INE368D01025,10,2,2022-11-30,S
448,INE00KV01022,10,1,2022-11-30,S
449,INE270B01035,10,2,2022-11-25,S
450,INE060X01034,10,5,2022-11-25,S
451,INE07O001026,2,1,2022-11-21,S
452,INE891E01024,10,1,2022-11-16,S
453,INE784R01023,10,1,2022-11-14,S
454,INE802C01033,5,1,2022-11-10,S
455,INE700F01024,10,5,2022-11-03,S
456,INE799C01031,10,1,2022-10-31,S
457,INE419M01027,10,2,2022-10-31,S
458,INE013801027,10,2,2022-10-27,S
459,INE096I01021,10,2,2022-10-21,S
460,INE02EZ01022,10,1,2022-10-21,S
461,INE759I01024,10,2,2022-10-21,S
462,INE413G01022,10,2,2022-10-19,S
463,INE291W01037,10,5,2022-10-19,S
464,INE461D01028,10,2,2022-10-18,S
465,INE926C01022,10,1,2022-10-12,S
466,INE621I01034,10,2,2022-10-12,S
467,INE414C01045,10,1,2022-10-12,S
468,INE820Y01021,10,2,2022-10-07,S
469,INE544W01021,10,1,2022-10-03,S
470,INE688J01023,10,1,2022-09-28,S
471,INE667G01023,10,1,2022-09-23,S
472,INE032Z01020,10,1,2022-09-23,S
473,INE715Q01029,10,1,2022-09-22,S
474,INE918I01026,5,1,2022-09-13,S
475,INE629D01020,10,5,2022-09-08,S
476,INE688Y01022,10,1,2022-09-06,S
477,INE299D01022,10,1,2022-09-01,S
478,INE035D01020,10,2,2022-09-01,S
479,INE883B01027,10,1,2022-08-29,S
480,INE00Z501011,10,2,2022-08-29,S
481,INE111Q01021,10,2,2022-08-26,S
482,INE230R01035,5,1,2022-08-25,S
483,INE0APB01032,10,2,2022-08-18,S
484,INE092G01024,10,1,2022-08-17,S
485,INE717F01028,10,1,2022-08-11,S
486,INE783E01023,10,2,2022-08-08,S
487,INE081A01020,10,1,2022-07-28,S
488,INE440T01028,10,1,2022-07-21,S
489,INE989S01042,10,1,2022-07-21,S
490,INE254N01026,10,2,2022-07-21,S
491,INE685Z01033,10,2,2022-07-21,S
492,INE722H01024,10,2,2022-07-19,S
493,INE986B01044,10,1,2022-07-14,S
494,INE503B01021,10,1,2022-07-12,S
495,INE0HPK01012,10,2,2022-06-30,S
496,INE420C01059,10,1,2022-06-30,S
497,INE170V01019,10,1,2022-06-27,S
498,INE694W01024,10,1,2022-06-23,S
499,INE268H01044,10,2,2022-06-23,S
500,INE601B01023,10,2,2022-06-16,S
501,INE906Y01028,10,1,2022-06-16,S
502,INE671T01028,10,2,2022-06-13,S
503,INE994R01010,10,1,2022-06-10,S
504,INE694X01022,2,1,2022-06-08,S
505,INE730R01034,1,10,2022-06-01,C
506,INE218N01021,10,1,2022-05-27,S
507,INE248B01023,10,1,2022-05-27,S
508,INE313M01030,2,1,2022-05-24,S
509,INE501N01020,10,1,2022-05-20,S
510,INE982V01025,10,5,2022-05-19,S
511,INE653S01028,10,1,2022-05-18,S
512,INE676A01027,10,2,2022-05-13,S
513,INE732K01027,10,1,2022-04-28,S
514,INE979A01025,10,1,2022-04-26,S
515,INE650C01036,5,1,2022-04-19,S
516,INE797F01020,10,2,2022-04-19,S
517,INE607V01028,10,2,2022-04-18,S
518,INE805Q01028,10,1,2022-04-12,S
519,INE420B01036,5,1,2022-04-12,S
520,INE020D01022,10,2,2022-04-12,S
521,INE602A01031,2,1,2022-04-11,S
522,INE413X01027,10,1,2022-03-30,S
523,INE918C01029,10,5,2022-03-30,S
524,INE202R01026,10,1,2022-03-29,S
525,INE025B01025,10,2,2022-03-28,S
526,INE098201036,10,2,2022-03-28,S
527,INE825A01020,10,2,2022-03-24,S
528,INE925Y01036,10,1,2022-03-24,S
529,INE03RS01027,10,1,2022-03-16,S
530,INE123D01024,10,1,2022-03-15,S
531,INE451D01029,10,2,2022-03-15,S
532,INE399G01023,10,2,2022-03-14,S
533,INE010R01023,10,2,2022-03-10,S
534,INE368E01023,10,1,2022-03-10,S
535,INE150D01027,10,1,2022-03-10,S
536,INE317B01042,10,1,2022-03-07,S
537,INE319U01022,10,5,2022-03-03,S
538,INE319Z01021,10,1,2022-03-03,S
539,INE04AK01028,10,1,2022-02-22,S
540,INE927D01051,5,2,2022-02-21,S
541,INE341Z01025,10,1,2022-02-15,S
542,INE575D01041,10,2,2022-02-15,S
543,INE051N01018,10,1,2022-02-10,S
544,INE544R01021,5,1,2022-02-10,S
545,INE128R01023,10,1,2022-02-10,S
546,INE513A01022,10,2,2022-02-08,S
547,INE325D01025,10,1,2022-02-03,S
548,INE087Z01024,10,1,2022-02-03,S
549,INE418N01035,3,1,2022-02-03,S
550,INE574R01028,10,1,2022-01-27,S
551,INE607A01022,10,2,2022-01-27,S
552,INE309H01038,2,1,2022-01-20,S
553,INE840Y01029,10,2,2022-01-18,S
554,INE668G01021,10,2,2022-01-17,S
555,INE760F01028,10,5,2022-01-13,S
556,INE571A01038,2,1,2022-01-10,S
557,INE560F01022,10,1,2022-01-05,S
558,INE277T01024,10,1,2021-12-30,S
559,INE715B01021,10,2,2021-12-30,S
560,INE689M01025,10,2,2021-12-30,S
561,INE786J01033,10,5,2021-12-24,S
562,INE302R01024,10,5,2021-12-23,S
563,INE598D01035,10,2,2021-12-23,S
564,INE034D01049,2,1,2021-12-23,S
565,INE372C01037,5,1,2021-12-22,S
566,INE060601031,10,2,2021-12-16,S
567,INE690A01028,10,1,2021-12-14,S
568,INE132F01038,2,1,2021-12-02,S
569,INE802C01033,10,5,2021-11-18,S
570,INE412U01025,10,2,2021-11-15,S
571,INE0BLY01023,10,5,2021-11-15,S
572,INE052001026,10,2,2021-11-11,S
573,INE192H01012,10,2,2021-11-10,S
574,INE969C01022,10,1,2021-10-28,S
575,INE567A01028,10,5,2021-10-28,S
576,INE335Y01020,10,2,2021-10-28,S
577,INE012Q01021,10,2,2021-10-28,S
578,INE177H01039,10,5,2021-10-26,S
579,INE286N01028,10,1,2021-10-22,S
580,INE430N01022,10,2,2021-10-21,S
581,INE206F01022,10,1,2021-10-20,S
582,INE518D01025,10,1,2021-10-14,S
583,INE093G01022,10,1,2021-10-14,S
584,INE819S01025,10,1,2021-10-14,S
585,INE615R01029,10,2,2021-10-13,S
586,INE391J01032,10,2,2021-10-13,S
587,INE843D01027,10,2,2021-10-08,S
588,INE00WC01027,10,2,2021-10-07,S
589,INE314N01010,10,5,2021-10-07,S
590,INE319Y01024,10,2,2021-10-07,S
591,INE069B01023,10,1,2021-10-06,S
592,INE08E401029,10,5,2021-10-05,S
593,INE201M01029,10,5,2021-09-30,S
594,INE411U01027,10,5,2021-09-28,S
595,INE803D01021,10,1,2021-09-27,S
596,INE930H01031,5,1,2021-09-24,S
597,INE025R01021,10,1,2021-09-23,S
598,INE486A01021,10,1,2021-09-17,S
599,INE691Z01023,10,1,2021-09-13,S
600,INE766D01020,10,1,2021-08-30,S
601,INE229C01021,10,2,2021-08-17,S
602,INE669Y01022,10,5,2021-08-17,S
603,INE206Z01020,10,1,2021-08-13,S
604,INE278R01034,2,1,2021-08-12,S
605,INE581X01021,10,2,2021-08-03,S
606,INE484C01030,5,2,2021-07-26,S
607,INE313M01030,10,2,2021-07-26,S
608,INE514Y01020,10,2,2021-07-14,S
609,INE878H01024,10,1,2021-06-24,S
610,INE694X01022,10,2,2021-06-21,S
611,INE044N01021,10,5,2021-05-24,S
612,INE414C01045,1,10,2021-05-20,C
613,INE636D01041,10,5,2021-05-20,S
614,INE150B01039,5,2,2021-05-11,S
615,INE280E01038,10,5,2021-05-11,S
616,INE884A01027,10,2,2021-05-07,S
617,INE718M01014,10,100,2021-05-04,C
618,INE597I01028,10,2,2021-04-16,S
619,INE183A01024,10,2,2021-04-15,S
620,INE239C01020,10,5,2021-04-12,S
621,INE055O01025,2,10,2021-04-09,C
622,INE583R01029,10,2,2021-04-09,S
623,INE595R01023,10,2,2021-03-30,S
624,INE935N01020,10,2,2021-03-18,S
625,INE945P01024,10,1,2021-03-17,S
626,INE234G01022,10,2,2021-03-09,S
627,INE01JE01010,10,2,2021-02-18,S
628,INE681D01021,2,10,2021-02-17,C
629,INE186H01022,10,5,2021-02-12,S
630,INE308E01011,10,1,2021-01-14,S
631,INE550F01049,4,10,2021-01-01,C
632,INE594W01042,10,5,2020-12-22,S
633,INE702C01027,10,2,2020-12-15,S
634,INE369D01023,10,5,2020-11-05,S
635,INE480C01038,10,5,2020-10-15,S
636,INE118R01032,10,5,2020-10-12,S
637,INE632X01030,2,1,2020-10-08,S
638,INE036B01030,2,1,2020-10-01,S
639,INE947Q01028,10,2,2020-09-29,S
640,INE914G01029,10,5,2020-09-07,S
641,INE904R01027,10,2,2020-09-03,S
642,INE599F01020,10,5,2020-08-31,S
643,INE066A01021,10,1,2020-08-24,S
644,INE906K01027,10,5,2020-08-13,S
645,INE529I01021,10,1,2020-07-14,S
646,INE278R01034,10,2,2020-07-02,S
647,INE861B01023,10,5,2020-06-19,S
648,INE985A01022,10,2,2020-06-17,S
649,INE631R01026,10,1,2020-04-27,S
650,INE962Y01021,10,2,2020-04-03,S
651,INE888C01040,5,1,2020-04-03,S
652,INE704G01024,10,5,2020-03-24,S
653,INE185K01036,2,10,2020-03-18,C
654,INE452S01025,10,2,2020-03-06,S
655,INE616F01022,10,5,2020-02-11,S
656,INE365S01045,1,5,2020-02-06,C
657,INE410B01037,2,1,2020-02-05,S
658,INE285J01028,10,5,2020-01-15,S
659,INE243N01029,10,1,2020-01-09,S
660,INE064C01022,10,1,2019-12-13,S
661,INE650D01026,10,5,2019-11-28,S
662,INE004C01028,10,5,2019-11-22,S
663,INE464C01024,10,5,2019-11-08,S
664,INE684B01029,10,5,2019-11-01,S
665,INE492N01022,10,5,2019-10-24,S
666,INE170E01023,10,1,2019-10-15,S
667,INE807H01023,10,5,2019-10-14,S
668,INE040A01034,2,1,2019-09-19,S
669,INE543F01028,10,5,2019-09-12,S
670,INE677D01037,10,5,2019-08-26,S
671,INE630A01024,10,2,2019-08-19,S
672,INE896E01023,10,5,2019-07-30,S
673,INE116A01032,5,2,2019-07-04,S
674,INE121A01024,10,2,2019-06-14,S
675,INE906L01025,10,5,2019-06-14,S
676,INE412C01023,10,2,2019-05-14,S
677,INE681D01021,10,2,2019-05-07,S
678,INE813V01022,10,5,2019-05-02,S
679,INE683D01027,2,5,2019-04-12,C
680,INE861N01036,10,1,2019-04-11,S
681,INE050L01048,10,1,2019-04-11,S
682,INE374J01020,10,5,2019-04-04,S
683,INE706P01020,1,10,2019-03-28,C
684,INE858B01029,10,1,2019-03-28,S
685,INE861H01020,10,5,2019-03-14,S
686,INE511J01027,10,5,2019-03-14,S
687,INE569B01022,10,5,2019-03-08,S
688,INE462D01034,10,1000,2019-02-21,C
689,INE919I01024,10,2,2019-02-20,S
690,INE586E01020,10,2,2019-02-15,S
691,INE888C01040,10,5,2019-01-29,S
692,INE819A01049,1,10,2019-01-24,C
693,INE844O01030,10,2,2019-01-15,S
694,INE482D01024,10,2,2019-01-10,S
695,INE327G01032,10,5,2018-12-27,S
696,INE959C01023,10,5,2018-12-13,S
697,INE216A01030,2,1,2018-11-29,S
698,INE545L01039,1,10,2018-11-26,C
699,INE957E01031,1,10,2018-11-15,C
700,INE457G01029,10,1,2018-11-14,S
701,INE190H01024,10,1,2018-11-12,S
702,INE434C01027,10,2,2018-11-02,S
703,INE456C01020,10,2,2018-11-01,S
704,INE094S01041,10,1,2018-11-01,S
705,INE247D01039,5,1,2018-10-31,S
706,INE497D01022,10,5,2018-10-25,S
707,INE773B01020,10,5,2018-10-22,S
708,INE621I01034,1,10,2018-10-22,C
709,INE022Q01020,10,1,2018-10-19,S
710,INE451F01024,10,5,2018-10-12,S
711,INE348N01034,1,10,2018-10-11,C
712,INE890A01024,10,2,2018-10-04,S
713,INE811A01020,10,2,2018-09-26,S
714,INE536P01021,10,2,2018-09-19,S
715,INE854S01022,10,5,2018-09-17,S
716,INE520A01027,10,2,2018-09-07,S
717,INE338A01024,10,1,2018-08-14,S
718,INE645W01026,10,2,2018-08-14,S
719,INE529F01035,1,10,2018-08-13,C
720,INE225B01021,10,5,2018-08-08,S
721,INE528K01029,10,1,2018-08-07,S
722,INE910B01028,10,2,2018-07-10,S
723,INE632X01030,10,2,2018-07-09,S
724,INE816B01035,10,2,2018-06-27,S
725,INE871C01038,2,1,2018-06-26,S
726,INE111A01025,10,5,2018-06-26,S
727,INE950G01023,10,2,2018-06-25,S
728,INE767B01022,10,1,2018-06-22,S
729,INE854D01024,10,2,2018-06-15,S
730,INE905P01028,10,2,2018-06-14,S
731,INE716M01034,1,10,2018-06-14,C
732,INE872H01027,10,2,2018-06-07,S
733,INE837X01027,100,10,2018-05-31,S
734,INE480S01026,10,5,2018-05-10,S
735,INE095N01031,2,1,2018-04-25,S
736,INE534E01020,10,5,2018-04-20,S
737,INE788J01021,10,5,2018-04-19,S
738,INE976E01023,10,1,2018-04-19,S
739,INE602A01031,10,2,2018-04-19,S
740,INE365S01045,10,1,2018-04-17,S
741,INE098F01031,2,1,2018-04-13,S
742,INE354E01031,1,10,2018-04-12,C
743,INE185U01035,10,5,2018-04-10,S
744,INE182D01020,10,5,2018-04-05,S
745,INE092B01025,10,5,2018-03-21,S
746,INE002J01027,10,1,2018-02-09,S
747,INE638A01035,10,2,2018-01-17,S
748,INE366G01022,10,2,2018-01-04,S
749,INE180M01033,1,10,2017-12-27,C
750,INE247D01039,10,5,2017-12-26,S
751,INE448N01024,10,5,2017-12-22,S
752,INE178T01024,10,1,2017-12-14,S
753,INE607F01039,5,1,2017-12-04,S
754,INE047E01031,1,10,2017-12-04,C
755,INE864E01021,10,5,2017-11-29,S
756,INE404L01039,1,10,2017-11-10,C
757,INE203G01027,10,2,2017-11-09,S
758,INE564J01026,10,1,2017-11-01,S
759,INE446A01025,10,5,2017-10-30,S
760,INE802A01037,1,10,2017-10-26,C
761,INE076B01028,10,2,2017-10-25,S
762,INE755Q01025,10,5,2017-10-24,S
763,INE526K01031,1,10,2017-10-23,C
764,INE637C01025,10,2,2017-10-18,S
765,INE575D01041,1,10,2017-10-16,C
766,INE477A01020,10,2,2017-10-12,S
767,INE978A01027,10,5,2017-10-10,S
768,INE405Y01021,10,5,2017-10-10,S
769,INE039C01032,5,1,2017-10-05,S
770,INE339D01034,1,10,2017-09-29,C
771,INE138O01029,1,10,2017-09-29,C
772,INE763I01026,10,1,2017-09-28,S
773,INE579B01039,2,1,2017-09-27,S
774,INE645H01027,10,1,2017-09-26,S
775,INE429E01023,10,2,2017-09-22,S
776,INE528G01027,10,2,2017-09-21,S
777,INE317F01035,10,2,2017-09-15,S
778,INE666D01022,10,1,2017-09-14,S
779,INE583C01021,10,5,2017-09-11,S
780,INE483S01020,10,1,2017-08-31,S
781,INE521L01030,1,10,2017-08-29,C
782,INE628B01034,5,1,2017-08-24,S
783,INE377M01035,1,10,2017-08-23,C
784,INE366A01041,10,1,2017-08-10,S
785,INE558D01021,10,2,2017-08-03,S
786,INE706P01020,10,1,2017-07-27,S
787,INE805D01034,2,1,2017-07-25,S
788,INE048G01026,10,2,2017-07-19,S
789,INE574I01035,10,2,2017-06-22,S
790,INE310C01029,10,5,2017-05-25,S
791,INE837H01020,10,2,2017-05-25,S
792,INE545L01039,10,1,2017-05-17,S
793,INE094S01041,1,10,2017-05-05,C
794,INE520H01022,10,2,2017-05-04,S
795,INE575D01041,10,1,2017-04-28,S
796,INE153T01027,10,1,2017-04-26,S
797,INE758A01072,1,10,2017-04-24,C
798,INE327G01032,100,10,2017-04-21,S
799,INE989S01042,1,10,2017-04-13,C
800,INE254H01044,1,10,2017-03-23,C
801,INE008M01044,1,10,2017-03-23,C
802,INE263A01024,10,1,2017-03-16,S
803,INE324N01027,10,1,2017-03-09,S
804,INE063D01030,1,10,2017-03-02,C
805,INE230G01020,10,5,2017-02-27,S
806,INE335I01056,1,10,2017-02-17,C
807,INE222P01028,10,2,2017-02-17,S
808,INE070C01037,10,2,2017-02-16,S
809,INE336H01023,10,2,2017-02-10,S
810,INE818H01020,10,1,2017-02-07,S
811,INE349E01023,10,200,2017-02-02,C
812,INE030U01025,10,5,2017-02-02,S
813,INE629F01025,10,2,2017-02-02,S
814,INE981D01025,10,1,2017-01-30,S
815,INE617F01038,1,10,2017-01-19,C
816,INE334A01023,10,2,2017-01-09,S
817,INE019A01038,10,1,2017-01-04,S
818,INE255D01024,5,1,2016-12-27,S
819,INE404F01031,2,10,2016-12-21,C
820,INE080I01025,5,1,2016-12-21,S
821,INE914E01040,2,1,2016-12-15,S
822,INE634I01029,10,2,2016-12-13,S
823,INE713D01055,1,10,2016-12-08,C
824,INE279P01036,10,1,2016-12-08,S
825,INE305H01028,10,1,2016-12-01,S
826,INE882C01035,1,10,2016-11-29,C
827,INE717C01025,10,1,2016-11-29,S
828,INE930H01031,10,5,2016-11-29,S
829,INE118H01025,1,2,2016-11-28,C
830,INE180C01042,10,2,2016-11-23,S
831,INE036D01028,10,2,2016-11-17,S
832,INE483B01026,10,2,2016-11-11,S
833,INE635D01027,10,2,2016-11-10,S
834,INE685D01022,10,2,2016-11-02,S
835,INE204P01026,10,1,2016-10-28,S
836,INE354C01027,10,5,2016-10-26,S
837,INE211P01021,10,1,2016-10-25,S
838,INE339P01046,10,1,2016-10-25,S
839,INE159N01027,10,1,2016-10-25,S
840,INE650G01029,10,1,2016-10-20,S
841,INE873S01022,10,1,2016-10-20,S
842,INE475E01026,10,2,2016-10-19,S
843,INE730R01034,5,1,2016-10-14,S
844,INE482J01021,10,1,2016-10-13,S
845,INE101L01031,5,10,2016-10-13,C
846,INE606K01049,10,2,2016-10-13,S
847,INE650K01021,10,5,2016-10-10,S
848,INE494K01024,10,1,2016-10-10,S
849,INE047A01021,10,2,2016-10-06,S
850,INE217B01036,2,1,2016-10-04,S
851,INE280D01022,10,1,2016-10-04,S
852,INE927A01040,2,1,2016-09-22,S
853,INE988E01036,2,1,2016-09-21,S
854,INE849A01020,10,1,2016-09-12,S
855,INE405E01023,10,2,2016-09-12,S
856,INE094S01041,10,1,2016-09-08,S
857,INE296A01032,10,2,2016-09-08,S
858,INE995D01025,10,5,2016-09-06,S
859,INE951I01027,10,1,2016-08-30,S
860,INE600A01035,4,1,2016-08-24,S
861,INE195J01029,10,2,2016-08-12,S
862,INE096L01025,10,5,2016-08-11,S
863,INE089T01023,10,1,2016-08-09,S
864,INE281B01032,2,1,2016-07-26,S
865,INE343H01029,10,2,2016-07-13,S
866,INE292A01023,5,1,2016-06-24,S
867,INE150G01020,10,2,2016-06-06,S
868,INE095N01031,10,2,2016-06-02,S
869,INE330E01023,10,2,2016-05-13,S
870,INE953M01033,1,10,2016-05-11,C
871,INE829P01020,10,5,2016-05-09,S
872,INE218G01033,5,10,2016-04-26,C
873,INE850B01026,10,5,2016-04-07,S
874,INE526G01021,10,2,2016-04-06,S
875,INE373T01047,10,5,2016-04-06,S
876,INE255E01030,1,10,2016-03-22,C
877,INE363L01029,10,5,2016-03-22,S
878,INE192B01031,10,1,2016-03-21,S
879,INE372C01037,10,5,2016-03-21,S
880,INE484C01030,10,5,2016-03-16,S
881,INE230R01035,10,5,2016-03-14,S
882,INE696K01024,10,1,2016-03-03,S
883,INE807F01027,10,2,2016-02-25,S
884,INE474E01029,10,1,2016-02-25,S
885,INE761D01021,10,1,2016-02-18,S
886,INE835B01035,10,2,2016-02-17,S
887,INE893J01029,10,5,2016-02-17,S
888,INE159O01033,1,10,2016-02-08,C
889,INE040F01033,1,10,2016-01-28,C
890,INE160O01031,1,10,2016-01-14,C
891,INE224E01036,10,1,2016-01-07,S
892,INE419D01026,10,2,2015-12-28,S
893,INE244C01020,10,1,2015-12-22,S
894,INE611L01021,10,2,2015-12-21,S
895,INE812G01025,10,1,2015-12-17,S
896,INE878E01021,10,2,2015-12-16,S
897,INE203Q01026,10,5,2015-12-16,S
898,INE940P01025,10,5,2015-12-16,S
899,INE508N01025,10,1,2015-12-15,S
900,INE731G01027,10,1,2015-12-14,S
901,INE576I01022,10,5,2015-12-10,S
902,INE778E01031,2,10,2015-12-04,C
903,INE039C01032,10,5,2015-12-03,S
904,INE737C01023,10,5,2015-12-02,S
905,INE909D01026,10,1,2015-12-02,S
906,INE443A01030,5,1,2015-11-26,S
907,INE821D01031,1,10,2015-11-26,C
908,INE186Q01023,10,1,2015-11-26,S
909,INE871C01038,10,2,2015-11-26,S
910,INE987B01026,10,2,2015-11-26,S
911,INE213U01019,10,5,2015-11-12,S
912,INE790G01031,2,1,2015-11-06,S
913,INE463B01036,5,10,2015-11-05,C
914,INE112D01035,1,10,2015-11-05,C
915,INE784P01035,1,10,2015-11-03,C
916,INE987M01023,10,5,2015-11-02,S
917,INE133C01033,10,1,2015-10-30,S
918,INE650C01036,10,5,2015-10-30,S
919,INE453D01025,10,1,2015-10-29,S
920,INE339P01046,1,10,2015-10-29,C
921,INE855P01041,1,10,2015-10-29,C
922,INE112F01022,10,5,2015-10-15,S
923,INE491C01027,10,2,2015-10-15,S
924,INE176A01028,10,5,2015-10-07,S
925,INE010B01027,5,1,2015-10-06,S
926,INE457P01020,10,1,2015-10-05,S
927,INE862C01029,10,5,2015-09-30,S
928,INE914E01040,10,2,2015-09-23,S
929,INE931D01020,10,2,2015-09-22,S
930,INE208C01025,10,1,2015-09-16,S
931,INE550C01020,10,1,2015-09-16,S
932,INE647N01021,10,2,2015-09-03,S
933,INE686A01026,10,1,2015-08-21,S
934,INE529F01035,10,1,2015-08-17,S
935,INE361M01021,10,1,2015-07-16,S
936,INE795P01023,10,1,2015-07-02,S
937,INE988E01036,10,2,2015-06-25,S
938,INE888E01020,100,1,2015-06-12,S
939,INE045J01034,10,2,2015-06-11,S
940,INE927A01040,10,2,2015-06-04,S
941,INE338O01025,10,1,2015-06-04,S
942,INE579B01039,10,2,2015-06-04,S
943,INE301C01028,10,2,2015-05-21,S
944,INE822D01021,10,2,2015-05-11,S
945,INE615H01020,10,2,2015-04-23,S
946,INE802D01023,10,2,2015-04-23,S
947,INE450D01021,10,5,2015-04-16,S
948,INE185K01036,10,2,2015-04-16,S
949,INE071D01033,5,1,2015-04-09,S
950,INE570N01025,10,1,2015-03-30,S
951,INE216D01026,10,1,2015-03-30,S
952,INE531A01024,10,1,2015-03-26,S
953,INE655P01029,10,1,2015-03-25,S
954,INE101D01020,10,1,2015-03-23,S
955,INE031B01049,5,2,2015-03-20,S
956,INE669C01036,10,5,2015-03-19,S
957,INE811D01024,10,1,2015-03-16,S
958,INE099M01027,10,1,2015-03-11,S
959,INE437O01025,10,1,2015-03-02,S
960,INE275D01022,10,2,2015-02-27,S
961,INE475B01022,10,2,2015-02-27,S
962,INE927M01029,10,1,2015-02-26,S
963,INE507O01025,10,1,2015-02-20,S
964,INE457N01025,10,1,2015-02-18,S
965,INE855P01041,10,1,2015-02-12,S
966,INE209O01028,10,1,2015-02-11,S
967,INE723D01021,10,1,2015-02-09,S
968,INE935B01025,10,2,2015-02-05,S
969,INE205C01021,10,5,2015-02-02,S
970,INE493A01027,10,1,2015-01-23,S
971,INE028A01039,10,2,2015-01-22,S
972,INE112A01023,10,2,2015-01-22,S
973,INE165B01029,10,5,2015-01-21,S
974,INE178O01025,10,1,2015-01-08,S
975,INE463A01038,2,1,2015-01-08,S
976,INE461C01038,5,1,2015-01-06,S
977,INE982F01036,10,2,2015-01-06,S
978,INE919P01029,10,2,2014-12-31,S
979,INE857P01021,10,1,2014-12-24,S
980,INE804D01029,10,1,2014-12-24,S
981,INE378P01028,10,2,2014-12-24,S
982,INE160A01022,10,2,2014-12-18,S
983,INE573A01042,10,2,2014-12-18,S
984,INE784P01035,10,1,2014-12-18,S
985,INE121D01036,1,10,2014-12-12,C
986,INE090A01021,10,2,2014-12-04,S
987,INE260B01028,10,2,2014-11-28,S
988,INE854P01028,10,1,2014-11-27,S
989,INE535D01037,10,2,2014-11-27,S
990,INE527B01020,10,1,2014-11-25,S
991,INE130B01031,5,1,2014-11-25,S
992,INE272L01022,10,5,2014-11-25,S
993,INE251B01027,10,1,2014-11-21,S
994,INE062A01020,10,1,2014-11-20,S
995,INE501O01036,10,2,2014-11-20,S
996,INE617F01038,10,1,2014-11-20,S
997,INE717P01027,10,1,2014-11-18,S
998,INE132F01038,10,2,2014-11-17,S
999,INE860P01025,10,1,2014-11-12,S
1000,INE184E01024,10,1,2014-10-30,S
1001,INE637H01024,10,2,2014-10-30,S
1002,INE168O01026,10,1,2014-10-28,S
1003,INE524L01026,10,2,2014-10-27,S
1004,INE793G01035,5,1,2014-10-22,S
1005,INE290M01022,10,1,2014-10-21,S
1006,INE893C01032,1,10,2014-10-17,C
1007,INE339P01046,10,1,2014-10-16,S
1008,INE008M01044,5,1,2014-10-08,S
1009,INE927D01051,10,5,2014-10-08,S
1010,INE001O01029,10,2,2014-10-07,S
1011,INE659A01023,10,2,2014-09-30,S
1012,INE272E01027,10,1,2014-09-25,S
1013,INE006I01046,2,1,2014-09-25,S
1014,INE059D01020,10,2,2014-09-24,S
1015,INE305C01029,10,2,2014-09-19,S
1016,INE951D01028,10,5,2014-09-12,S
1017,INE335I01056,10,1,2014-09-11,S
1018,INE150B01039,10,5,2014-09-08,S
1019,INE168A01041,10,1,2014-09-04,S
1020,INE052I01032,2,1,2014-09-04,S
1021,INE953M01033,10,1,2014-09-03,S
1022,INE949H01023,10,2,2014-08-28,S
1023,INE176B01034,5,1,2014-08-26,S
1024,INE945J01027,10,1,2014-08-21,S
1025,INE159O01033,10,1,2014-08-14,S
1026,INE160O01031,10,1,2014-08-14,S
1027,INE729P01022,10,1,2014-08-04,S
1028,INE238A01034,10,2,2014-07-28,S
1029,INE716M01034,10,1,2014-07-02,S
1030,INE628B01034,10,5,2014-06-26,S
1031,INE077P01034,5,1,2014-06-24,S
1032,INE220J01025,10,6,2014-06-21,S
1033,INE288B01029,10,2,2014-06-20,S
1034,INE414C01045,10,1,2014-06-05,S
1035,INE567D01022,10,1,2014-05-23,S
1036,INE092O01028,10,5,2014-04-30,S
1037,INE717D01023,10,2,2014-04-23,S
1038,INE265N01030,10,1,2014-04-23,S
1039,INE893C01032,10,1,2014-04-16,S
1040,INE587J01027,10,1,2014-04-04,S
1041,INE790D01020,10,2,2014-04-03,S
1042,INE806A01020,10,5,2014-03-27,S
1043,INE952H01027,10,5,2014-03-25,S
1044,INE946K01023,10,1,2014-03-19,S
1045,INE705G01021,10,2,2014-03-03,S
1046,INE411H01032,10,1,2014-02-26,S
1047,INE734I01027,10,1,2014-02-26,S
1048,INE028B01029,10,2,2014-02-20,S
1049,INE665A01038,2,1,2014-02-03,S
1050,INE455I01029,10,2,2014-01-27,S
1051,INE043K01029,10,1,2014-01-21,S
1052,INE716D01033,10,1,2014-01-13,S
1053,INE077P01034,10,5,2014-01-10,S
1054,INE180M01033,10,1,2013-12-30,S
1055,INE089E01025,10,2,2013-12-26,S
1056,INE607F01039,10,5,2013-12-26,S
1057,INE028C01027,10,1,2013-12-23,S
1058,INE143N01021,10,5,2013-12-19,S
1059,INE672K01025,5,10,2013-12-05,C
1060,INE131B01039,5,1,2013-11-22,S
1061,INE229G01022,10,1,2013-11-22,S
1062,INE040N01029,10,1,2013-11-22,S
1063,INE484J01027,10,5,2013-11-21,S
1064,INE553F01035,2,1,2013-11-14,S
1065,INE490J01032,1,10,2013-10-31,C
1066,INE365D01021,10,2,2013-10-24,S
1067,INE354E01031,10,1,2013-10-18,S
1068,INE171A01029,10,2,2013-10-17,S
1069,INE951M01037,10,5,2013-10-11,S
1070,INE683D01027,10,2,2013-10-10,S
1071,INE821D01031,10,1,2013-10-09,S
1072,INE175N01023,10,1,2013-09-30,S
1073,INE176N01021,10,1,2013-09-30,S
1074,INE174N01026,10,1,2013-09-30,S
1075,INE040D01038,10,5,2013-09-25,S
1076,INE812K01027,10,1,2013-09-16,S
1077,INE006I01046,5,2,2013-09-05,S
1078,INE312C01025,10,1,2013-08-19,S
1079,INE421D01022,10,2,2013-08-19,S
1080,INE247C01023,10,1,2013-08-14,S
1081,INE116A01032,10,5,2013-08-14,S
1082,INE333I01036,1,10,2013-08-07,C
1083,INE021A01026,10,1,2013-07-30,S
1084,INE660C01027,10,1,2013-07-03,S
1085,INE442H01029,10,5,2013-07-03,S
1086,INE274F01020,10,2,2013-06-12,S
1087,INE331L01026,10,5,2013-05-31,S
1088,INE008M01044,10,5,2013-04-26,S
1089,INE101L01031,10,5,2013-04-23,S
1090,INE603J01030,5,1,2013-04-12,S
1091,INE268L01046,10,1,2013-04-10,S
1092,INE080D01042,1,10,2013-04-04,C
1093,INE259E01032,5,10,2013-03-26,C
1094,INE607L01029,10,1,2013-03-26,S
1095,INE904G01038,5,1,2013-03-21,S
1096,INE764K01038,5,2,2013-03-18,S
1097,INE533D01032,10,1,2013-03-04,S
1098,INE213M01024,10,1,2013-02-27,S
1099,INE739B01039,2,10,2013-02-22,C
1100,INE774D01024,10,2,2013-02-15,S
1101,INE793G01035,10,5,2013-02-07,S
1102,INE673M01029,10,1,2013-02-04,S
1103,INE485D01043,10,5,2013-01-31,S
1104,INE144J01027,10,5,2013-01-28,S
1105,INE062C01034,1,10,2013-01-25,C
1106,INE167B01025,10,1,2013-01-23,S
1107,INE346M01022,10,5,2013-01-14,S
1108,INE861A01058,10,1,2013-01-03,S
1109,INE899L01022,10,1,2012-12-21,S
1110,INE377M01035,10,1,2012-12-13,S
1111,INE023M01027,10,1,2012-12-13,S
1112,INE317B01042,1,10,2012-12-10,C
1113,INE644B01049,1,10,2012-11-26,C
1114,INE301D01026,10,5,2012-11-22,S
1115,INE295D01020,10,1,2012-11-22,S
1116,INE849C01026,10,2,2012-11-22,S
1117,INE643N01012,1,10,2012-11-12,C
1118,INE050A01025,10,2,2012-11-08,S
1119,INE528E01022,10,1,2012-11-01,S
1120,INE879E01037,5,1,2012-11-01,S
1121,INE927K01023,10,1,2012-10-31,S
1122,INE032A01023,10,2,2012-10-30,S
1123,INE491N01016,10,100,2012-10-29,C
1124,INE725E01024,10,1,2012-10-29,S
1125,INE758D01027,10,1,2012-10-25,S
1126,INE098F01031,10,2,2012-10-25,S
1127,INE516K01024,10,1,2012-10-25,S
1128,INE234E01027,10,1,2012-10-23,S
1129,INE617C01027,5,10,2012-10-08,C
1130,INE885A01032,2,1,2012-09-25,S
1131,INE026A01025,10,2,2012-09-20,S
1132,INE580H01026,10,5,2012-08-17,S
1133,INE222F01029,10,1,2012-08-16,S
1134,INE031B01049,10,5,2012-08-09,S
1135,INE880M01020,10,1,2012-08-09,S
1136,INE219M01021,10,1,2012-08-02,S
1137,INE124E01038,10,5,2012-07-25,S
1138,INE580B01029,10,2,2012-07-24,S
1139,INE225I01026,10,5,2012-06-29,S
1140,INE100L01025,10,2,2012-06-18,S
1141,INE488D01021,10,1,2012-06-07,S
1142,INE786K01023,10,2,2012-06-06,S
1143,INE024L01027,10,2,2012-05-25,S
1144,INE873D01024,10,2,2012-05-17,S
1145,INE735D01033,1,10,2012-05-04,C
1146,INE152C01025,10,5,2012-05-03,S
1147,INE364D01032,1,10,2012-04-20,C
1148,INE532B01020,10,4,2012-04-19,S
1149,INE131H01028,10,1,2012-04-18,S
1150,INE051B01021,10,1,2012-04-12,S
1151,INE022M01029,10,2,2012-03-23,S
1152,INE875G01048,1,10,2012-03-23,C
1153,INE968G01033,2,1,2012-03-09,S
1154,INE986B01044,1,10,2012-03-09,C
1155,INE083C01022,10,5,2012-02-29,S
1156,INE404L01039,10,1,2012-02-21,S
1157,INE225D01027,10,2,2012-02-15,S
1158,INE052I01032,10,2,2012-02-15,S
1159,INE300B01022,10,1,2012-02-02,S
1160,INE470M01020,10,5,2012-01-27,S
1161,INE672B01032,10,2,2011-12-29,S
1162,INE839E01023,10,5,2011-12-23,S
1163,INE360C01024,10,1,2011-12-20,S
1164,INE417B01040,1,10,2011-12-01,C
1165,INE764K01038,10,5,2011-11-29,S
1166,INE955I01036,1,10,2011-11-22,C
1167,INE161B01036,10,2,2011-11-04,S
1168,INE592I01029,10,2,2011-11-03,S
1169,INE054A01027,10,2,2011-10-31,S
1170,INE965C01038,10,1,2011-10-28,S
1171,INE526K01031,10,1,2011-10-21,S
1172,INE553F01035,10,2,2011-10-21,S
1173,INE316D01024,10,2,2011-10-17,S
1174,INE420C01059,1,10,2011-10-17,C
1175,INE120A01034,2,1,2011-10-05,S
1176,INE473B01035,2,1,2011-10-03,S
1177,INE257A01026,10,2,2011-10-03,S
1178,INE007A01025,10,1,2011-09-28,S
1179,INE881B01054,1,10,2011-09-28,C
1180,INE256G01033,1,10,2011-09-26,C
1181,INE245A01021,10,1,2011-09-26,S
1182,INE745B01028,10,1,2011-09-14,S
1183,INE026L01022,10,1,2011-09-13,S
1184,INE155A01022,10,2,2011-09-12,S
1185,INE521L01030,10,1,2011-09-12,S
1186,INE418B01048,2,1,2011-09-09,S
1187,INE189I01024,10,2,2011-09-06,S
1188,INE695D01021,100,10,2011-08-30,S
1189,INE644B01049,5,1,2011-08-25,S
1190,INE784B01035,1,10,2011-08-25,C
1191,INE052A01021,4,2,2011-08-17,S
1192,INE603J01030,10,5,2011-08-17,S
1193,INE778E01031,10,2,2011-08-17,S
1194,INE956G01038,5,2,2011-08-16,S
1195,INE266D01021,10,1,2011-08-11,S
1196,INE837B01031,1,10,2011-07-28,C
1197,INE613A01020,10,1,2011-07-15,S
1198,INE730A01022,10,2,2011-07-14,S
1199,INE040A01034,10,2,2011-07-14,S
1200,INE832D01020,100,10,2011-06-26,S
1201,INE280A01028,10,1,2011-06-23,S
1202,INE008I01026,10,5,2011-06-21,S
1203,INE904G01038,10,5,2011-06-21,S
1204,INE855B01025,10,2,2011-06-15,S
1205,INE345D01031,10,1,2011-06-14,S
1206,INE713D01055,10,1,2011-06-06,S
1207,INE097E01028,10,2,2011-06-02,S
1208,INE933K01021,5,1,2011-05-05,S
1209,INE512D01028,10,1,2011-04-28,S
1210,INE560D01027,10,1,2011-04-07,S
1211,INE417B01040,2,1,2011-04-07,S
1212,INE317B01042,10,1,2011-04-07,S
1213,INE853A01022,10,2,2011-03-28,S
1214,INE146F01020,10,100,2011-03-18,C
1215,INE139A01034,10,5,2011-03-15,S
1216,INE267A01025,10,2,2011-03-07,S
1217,INE653C01022,10,1,2011-02-24,S
1218,INE309H01038,10,2,2011-02-21,S
1219,INE406A01037,5,1,2011-02-10,S
1220,INE213A01029,10,5,2011-02-08,S
1221,INE600D01021,10,2,2011-02-03,S
1222,INE170D01025,10,2,2011-01-27,S
1223,INE762C01021,10,5,2011-01-27,S
1224,INE847C01020,10,2,2011-01-20,S
1225,INE498B01024,10,5,2011-01-12,S
1226,INE333I01036,5,1,2011-01-10,S
1227,INE115A01026,10,2,2010-12-30,S
1228,INE389H01022,10,2,2010-12-30,S
1229,INE254H01044,2,1,2010-12-29,S
1230,INE126A01031,2,1,2010-12-23,S
1231,INE169A01031,2,1,2010-12-23,S
1232,INE787D01026,10,2,2010-12-20,S
1233,INE066C01035,5,1,2010-12-09,S
1234,INE226H01026,10,1,2010-12-07,S
1235,INE933C01036,1,10,2010-11-25,C
1236,INE044A01036,5,1,2010-11-25,S
1237,INE224A01026,10,2,2010-11-24,S
1238,INE050E01027,10,2,2010-11-18,S
1239,INE744I01034,2,1,2010-11-16,S
1240,INE355A01028,10,2,2010-11-11,S
1241,INE750A01020,10,1,2010-11-10,S
1242,INE430G01026,10,1,2010-11-09,S
1243,INE019C01026,10,1,2010-11-08,S
1244,INE285H01022,10,2,2010-11-08,S
1245,INE062C01034,10,1,2010-11-08,S
1246,INE489H01020,10,2,2010-11-04,S
1247,INE460D01038,2,1,2010-11-04,S
1248,INE731A01020,10,2,2010-11-02,S
1249,INE175A01038,10,2,2010-10-29,S
1250,INE367G01038,10,1,2010-10-29,S
1251,INE787A01022,10,5,2010-10-29,S
1252,INE420C01059,2,1,2010-10-29,S
1253,INE429C01035,2,1,2010-10-27,S
1254,INE955D01029,10,1,2010-10-22,S
1255,INE351A01035,5,2,2010-10-21,S
1256,INE955I01036,10,1,2010-10-21,S
1257,INE195A01028,10,2,2010-10-18,S
1258,INE561H01026,10,5,2010-10-18,S
1259,INE314I01036,1,10,2010-10-18,C
1260,INE207E01023,10,5,2010-10-14,S
1261,INE688D01026,10,1,2010-10-08,S
1262,INE206I01026,10,2,2010-10-07,S
1263,INE644B01049,10,5,2010-10-06,S
1264,INE350H01032,5,1,2010-09-29,S
1265,INE297J01023,10,5,2010-09-28,S
1266,INE490J01032,10,1,2010-09-24,S
1267,INE921B01025,10,2,2010-09-24,S
1268,INE683A01023,10,1,2010-09-23,S
1269,INE112D01035,10,1,2010-09-23,S
1270,INE742F01042,10,2,2010-09-23,S
1271,INE420B01036,10,5,2010-09-23,S
1272,INE824B01021,10,2,2010-09-21,S
1273,INE006I01046,10,5,2010-09-15,S
1274,INE237A01028,10,5,2010-09-13,S
1275,INE216A01030,10,2,2010-09-08,S
1276,INE220B01022,10,2,2010-09-08,S
1277,INE435G01025,10,2,2010-09-02,S
1278,INE437A01024,10,5,2010-09-02,S
1279,INE805C01028,10,1,2010-09-02,S
1280,INE323C01030,10,2,2010-08-30,S
1281,INE326A01037,10,2,2010-08-27,S
1282,INE891D01026,10,2,2010-08-20,S
1283,INE511C01022,10,2,2010-08-13,S
1284,INE503D01027,10,1,2010-08-13,S
1285,INE364A01020,10,5,2010-08-13,S
1286,INE028D01025,10,2,2010-08-11,S
1287,INE532F01054,5,1,2010-08-10,S
1288,INE890I01035,5,1,2010-08-03,S
1289,INE308H01022,10,2,2010-07-30,S
1290,INE123F01029,10,1,2010-07-29,S
1291,INE195E01020,10,1,2010-07-29,S
1292,INE548C01032,2,1,2010-07-21,S
1293,INE335I01056,1,10,2010-07-19,C
1294,INE192A01025,10,1,2010-06-30,S
1295,INE379J01029,10,1,2010-06-28,S
1296,INE727B01026,10,5,2010-06-23,S
1297,INE558F01026,10,1,2010-06-23,S
1298,INE338D01028,10,2,2010-06-10,S
1299,INE900B01029,10,5,2010-05-17,S
1300,INE643N01012,10,1,2010-05-12,S
1301,INE510A01028,10,5,2010-05-06,S
1302,INE946H01037,2,1,2010-05-04,S
1303,INE522D01027,10,2,2010-05-03,S
1304,INE083G01031,10,1,2010-04-22,S
1305,INE250A01039,2,10,2010-04-21,C
1306,INE967B01028,10,2,2010-04-08,S
1307,INE466H01028,10,2,2010-04-07,S
1308,INE420C01059,10,2,2010-04-05,S
1309,INE337A01034,1,10,2010-03-30,C
1310,INE101A01026,10,5,2010-03-29,S
1311,INE657D01021,10,2,2010-03-29,S
1312,INE157H01023,10,2,2010-03-26,S
1313,INE571A01038,10,2,2010-03-22,S
1314,INE399C01030,5,1,2010-03-18,S
1315,INE418B01048,10,2,2010-03-09,S
1316,INE089C01029,5,2,2010-03-09,S
1317,INE515B01025,10,1,2010-03-08,S
1318,INE473E01021,10,1,2010-02-26,S
1319,INE506D01020,10,1,2010-02-25,S
1320,INE778I01024,10,5,2010-02-24,S
1321,INE443A01030,10,5,2010-02-18,S
1322,INE001B01026,10,1,2010-02-10,S
1323,INE429I01024,10,2,2010-02-10,S
1324,INE193E01025,10,2,2010-01-28,S
1325,INE890I01035,10,5,2010-01-27,S
1326,INE559B01023,10,5,2010-01-22,S
1327,INE370E01029,10,1,2010-01-21,S
1328,INE784B01035,10,1,2010-01-21,S
1329,INE043B01028,10,1,2010-01-18,S
1330,INE735D01033,10,1,2010-01-15,S
1331,INE683B01047,1,10,2010-01-08,C
1332,INE785C01048,10,1,2010-01-04,S
1333,INE879K01018,10,1,2009-12-31,S
1334,INE318J01027,10,5,2009-12-23,S
1335,INE879E01037,10,5,2009-12-22,S
1336,INE786A01032,10,5,2009-12-17,S
1337,INE787A01022,10,5,2009-12-14,S
1338,INE509C01026,10,1,2009-12-14,S
1339,INE910G01027,10,5,2009-12-11,S
1340,INE575C01027,10,1,2009-12-10,S
1341,INE775B01025,10,1,2009-12-10,S
1342,INE324A01032,10,2,2009-12-10,S
1343,INE292B01021,10,1,2009-11-24,S
1344,INE415B01036,2,10,2009-11-24,C
1345,INE574I01035,2,10,2009-11-24,C
1346,INE418H01029,10,2,2009-11-19,S
1347,INE952A01022,10,2,2009-11-12,S
1348,INE102I01027,10,5,2009-11-11,S
1349,INE378D01032,2,1,2009-11-05,S
1350,INE410B01037,10,2,2009-10-30,S
1351,INE134F01026,10,2,2009-10-29,S
1352,INE469F01026,10,2,2009-10-29,S
1353,INE893A01036,4,1,2009-10-29,S
1354,INE216H01027,10,2,2009-10-27,S
1355,INE181G01025,10,2,2009-10-26,S
1356,INE655I01024,10,1,2009-10-23,S
1357,INE512B01022,10,1,2009-10-15,S
1358,INE314I01036,10,1,2009-10-15,S
1359,INE020J01029,10,2,2009-10-14,S
1360,INE819A01049,10,1,2009-10-14,S
1361,INE805D01034,10,2,2009-10-09,S
1362,INE071D01033,10,5,2009-10-08,S
1363,INE881B01054,10,1,2009-10-08,S
1364,INE864B01027,10,5,2009-10-01,S
1365,INE776C01039,2,1,2009-10-01,S
1366,INE837B01031,10,1,2009-09-24,S
1367,INE744I01034,10,2,2009-09-18,S
1368,INE535F01024,10,1,2009-09-17,S
1369,INE561D01025,10,4,2009-09-17,S
1370,INE050B01023,10,2,2009-09-16,S
1371,INE614A01028,10,1,2009-09-14,S
1372,INE364D01032,10,1,2009-09-08,S
1373,INE255E01030,10,1,2009-09-04,S
1374,INE312B01027,10,1,2009-08-31,S
1375,INE100C01024,10,3,2009-08-28,S
1376,INE066C01035,10,5,2009-08-14,S
1377,INE196C01022,10,1,2009-08-07,S
1378,INE455J01027,10,1,2009-08-07,S
1379,INE758A01072,10,1,2009-08-03,S
1380,INE986B01044,10,1,2009-07-30,S
1381,INE397D01024,10,5,2009-07-24,S
1382,INE127I01024,10,2,2009-06-12,S
1383,INE921C01031,2,1,2009-05-06,S
1384,INE405C01035,2,10,2009-04-16,C
1385,INE606A01024,10,2,2009-03-23,S
1386,INE593B01030,1,10,2009-02-25,C
1387,INE301B01020,10,1,2009-02-12,S
1388,INE435C01024,10,1,2009-01-01,S
1389,INE335I01056,10,1,2008-12-19,S
1390,INE668F01031,5,1,2008-12-12,S
1391,INE881B01054,1,10,2008-12-05,C
1392,INE080D01042,10,1,2008-12-02,S
1393,INE204C01024,100,10,2008-11-20,S
1394,INE023H01027,10,1,2008-11-12,S
1395,INE742C01031,10,5,2008-11-06,S
1396,INE703B01027,10,2,2008-11-06,S
1397,INE770B01026,10,1,2008-10-31,S
1398,INE508G01029,10,1,2008-10-29,S
1399,INE178E01026,10,1,2008-10-27,S
1400,INE200A01026,10,2,2008-10-23,S
1401,INE652F01027,10,2,2008-10-15,S
1402,INE212H01026,10,2,2008-10-13,S
1403,INE968G01033,10,2,2008-10-03,S
1404,INE331A01037,10,1,2008-10-01,S
1405,INE142I01023,10,1,2008-09-18,S
1406,INE688E01024,10,1,2008-09-17,S
1407,INE878C01033,5,1,2008-09-17,S
1408,INE768E01024,10,5,2008-09-11,S
1409,INE780C01023,10,1,2008-09-08,S
1410,INE012E01035,2,5,2008-09-04,C
1411,INE643A01035,2,1,2008-09-02,S
1412,INE760A01029,10,1,2008-08-22,S
1413,INE736H01024,10,5,2008-08-20,S
1414,INE205A01025,10,1,2008-08-08,S
1415,INE530B01024,10,2,2008-08-08,S
1416,INE214F01026,10,2,2008-08-04,S
1417,INE338I01027,5,1,2008-07-25,S
1418,INE531E01026,10,5,2008-07-17,S
1419,INE473B01035,10,2,2008-07-17,S
1420,INE865C01022,10,1,2008-07-11,S
1421,INE962C01027,10,2,2008-06-27,S
1422,INE287C01037,10,2,2008-06-27,S
1423,INE105A01035,10,5,2008-06-20,S
1424,INE040C01022,10,1,2008-05-28,S
1425,INE295Z01015,10,5,2008-05-12,S
1426,INE483C01032,2,1,2008-05-02,S
1427,INE646D01024,10,2,2008-04-25,S
1428,INE348B01021,10,1,2008-04-24,S
1429,INE584A01023,10,1,2008-04-10,S
1430,INE087H01022,10,1,2008-04-10,S
1431,INE299C01024,10,1,2008-04-04,S
1432,INE449C01025,10,2,2008-04-04,S
1433,INE294A01037,10,2,2008-03-31,S
1434,INE664B01021,10,1,2008-03-28,S
1435,INE460D01038,10,2,2008-03-19,S
1436,INE524B01027,10,5,2008-03-17,S
1437,INE078A01026,10,2,2008-03-14,S
1438,INE731H01025,10,2,2008-03-13,S
1439,INE416D01022,10,1,2008-03-11,S
1440,INE105C01023,10,2,2008-03-11,S
1441,INE750C01026,10,1,2008-03-11,S
1442,INE711A01022,10,2,2008-02-25,S
1443,INE034D01049,10,2,2008-02-25,S
1444,INE936A01025,10,1,2008-02-21,S
1445,INE541C01037,2,10,2008-02-21,C
1446,INE886H01027,10,2,2008-02-21,S
1447,INE982C01033,2,1,2008-02-18,S
1448,INE731D01024,10,5,2008-02-14,S
1449,INE211B01039,10,2,2008-02-13,S
1450,INE133D01023,10,1,2008-02-08,S
1451,INE251H01024,10,1,2008-02-08,S
1452,INE890C01046,2,1,2008-02-04,S
1453,INE592A01026,10,1,2008-02-01,S
1454,INE538A01037,2,1,2008-02-01,S
1455,INE343B01030,2,1,2008-01-29,S
1456,INE251D01023,10,2,2008-01-25,S
1457,INE491A01021,10,1,2008-01-23,S
1458,INE039B01026,10,2,2008-01-22,S
1459,INE040H01021,10,2,2008-01-21,S
1460,INE749A01030,5,1,2008-01-21,S
1461,INE124G01033,10,1,2008-01-15,S
1462,INE064H01021,10,2,2008-01-10,S
1463,INE199G01027,10,2,2008-01-09,S
1464,INE713D01055,1,10,2008-01-02,C
1465,INE138C01024,10,5,2007-12-31,S
1466,INE455F01025,10,2,2007-12-17,S
1467,INE479D01038,10,1,2007-12-13,S
1468,INE259A01022,10,1,2007-11-29,S
1469,INE572G01025,10,2,2007-11-26,S
1470,INE213C01025,10,2,2007-11-23,S
1471,INE287B01021,10,2,2007-11-20,S
1472,INE810C01044,1,10,2007-11-16,C
1473,INE416A01036,2,10,2007-11-16,C
1474,INE963C01033,2,10,2007-11-09,C
1475,INE131A01031,10,2,2007-11-08,S
1476,INE946H01037,10,2,2007-10-29,S
1477,INE619A01035,10,2,2007-10-29,S
1478,INE976A01021,10,2,2007-10-26,S
1479,INE077F01035,10,2,2007-10-26,S
1480,INE372E01025,10,2,2007-10-24,S
1481,INE306B01029,10,2,2007-10-23,S
1482,INE350H01032,10,5,2007-10-22,S
1483,INE199C01026,10,2,2007-10-22,S
1484,INE281B01032,10,2,2007-10-19,S
1485,INE138A01028,10,2,2007-10-16,S
1486,INE968D01022,10,2,2007-10-12,S
1487,INE993A01026,10,5,2007-10-09,S
1488,INE242C01024,10,2,2007-10-08,S
1489,INE453B01029,10,2,2007-10-08,S
1490,INE070D01027,10,1,2007-10-05,S
1491,INE790G01031,10,2,2007-09-28,S
1492,INE776C01039,10,2,2007-09-28,S
1493,INE177C01022,10,5,2007-09-26,S
1494,INE885A01032,10,2,2007-09-19,S
1495,INE086A01029,10,1,2007-09-17,S
1496,INE758C01029,10,2,2007-09-14,S
1497,INE935A01035,2,1,2007-09-10,S
1498,INE228A01035,5,1,2007-08-29,S
1499,INE835D01023,10,2,2007-08-28,S
1500,INE161A01038,10,2,2007-08-24,S
1501,INE989A01032,10,2,2007-08-23,S
1502,INE184H01027,10,2,2007-08-21,S
1503,INE438A01022,10,1,2007-08-17,S
1504,INE190E01021,10,5,2007-08-17,S
1505,INE737D01021,10,1,2007-08-03,S
1506,INE361B01024,10,2,2007-08-03,S
1507,INE964B01033,1,10,2007-07-31,C
1508,INE268C01029,10,2,2007-07-31,S
1509,INE424H01027,10,5,2007-07-23,S
1510,INE086E01021,10,2,2007-07-09,S
1511,INE117A01022,10,2,2007-06-28,S
1512,INE415D01024,10,2,2007-06-28,S
1513,INE123B01028,10,5,2007-06-18,S
1514,INE275B01026,10,2,2007-05-25,S
1515,INE357A01032,1,10,2007-05-22,C
1516,INE332A01027,10,1,2007-05-14,S
1517,INE771A01026,10,2,2007-04-24,S
1518,INE823E01035,1,10,2007-04-23,C
1519,INE701B01021,10,2,2007-03-29,S
1520,INE349A01021,10,2,2007-03-26,S
1521,INE290A01027,10,5,2007-03-23,S
1522,INE495B01038,2,1,2007-03-23,S
1523,INE308A01027,10,5,2007-03-23,S
1524,INE952C01028,10,1,2007-03-21,S
1525,INE419E01024,10,2,2007-03-13,S
1526,INE180A01020,10,2,2007-03-12,S
1527,INE026B01049,1,10,2007-03-08,C
1528,INE538D01015,10,5,2007-03-02,S
1529,INE196A01026,10,1,2007-02-21,S
1530,INE063E01053,2,10,2007-02-21,C
1531,INE887G01027,10,5,2007-02-08,S
1532,INE074B01023,10,2,2007-01-25,S
1533,INE102C01020,10,5,2007-01-18,S
1534,INE921C01031,10,2,2007-01-15,S
1535,INE091E01039,5,2,2007-01-09,S
1536,INE235A01022,10,2,2007-01-08,S
1537,INE135H01029,10,1,2007-01-08,S
1538,INE058D01030,1,10,2007-01-05,C
1539,INE836A01035,5,2,2007-01-04,S
1540,INE501G01024,10,2,2006-12-28,S
1541,INE878B01027,10,2,2006-12-21,S
1542,INE992B01026,10,2,2006-12-15,S
1543,INE269B01029,100,10,2006-12-13,S
1544,INE623B01027,10,2,2006-12-12,S
1545,INE371A01025,10,2,2006-12-11,S
1546,INE890C01046,5,2,2006-12-08,S
1547,INE201A01024,7.5,5,2006-12-06,S
1548,INE688A01022,10,2,2006-12-05,S
1549,INE062D01024,10,5,2006-12-04,S
1550,INE885E01042,2,10,2006-11-30,C
1551,INE651G01027,10,5,2006-11-17,S
1552,INE170B01037,1,10,2006-11-13,C
1553,INE053A01029,10,1,2006-10-27,S
1554,INE167E01029,100,10,2006-10-27,S
1555,INE541A01023,10,2,2006-10-20,S
1556,INE205B01031,10,2,2006-10-17,S
1557,INE577A01027,10,2,2006-10-16,S
1558,INE665A01038,100,2,2006-10-13,S
1559,INE060A01024,10,2,2006-09-27,S
1560,INE426A01027,10,2,2006-09-26,S
1561,INE007B01023,10,1,2006-09-26,S
1562,INE226A01021,10,1,2006-09-22,S
1563,INE472A01039,10,2,2006-09-20,S
1564,INE059B01024,10,2,2006-09-13,S
1565,INE230A01023,10,2,2006-09-12,S
1566,INE102A01024,10,2,2006-09-08,S
1567,INE302A01020,10,1,2006-09-08,S
1568,INE662A01027,10,1,2006-09-01,S
1569,INE233A01035,6,1,2006-08-25,S
1570,INE102D01028,4,1,2006-08-24,S
1571,INE878C01033,10,5,2006-08-18,S
1572,INE395B01048,1,10,2006-08-16,C
1573,INE067A01029,10,2,2006-08-10,S
1574,INE254H01044,10,2,2006-08-03,S
1575,INE489G01022,10,5,2006-07-31,S
1576,INE197A01024,10,2,2006-07-28,S
1577,INE136B01020,10,5,2006-07-28,S
1578,INE694A01020,10,2,2006-06-23,S
1579,INE203A01020,10,2,2006-06-15,S
1580,INE991A01020,10,2,2006-06-14,S
1581,INE003A01024,10,2,2006-06-13,S
1582,INE686F01025,10,1,2006-06-09,S
1583,INE255A01020,10,2,2006-06-08,S
1584,INE776E01027,10,2,2006-06-08,S
1585,INE149A01033,10,2,2006-05-31,S
1586,INE536A01023,10,5,2006-05-26,S
1587,INE585A01020,100,10,2006-05-26,S
1588,INE551A01022,10,2,2006-05-26,S
1589,INE436A01026,10,5,2006-05-10,S
1590,INE271B01025,10,5,2006-04-18,S
1591,INE894A01026,10,1,2006-04-03,S
1592,INE152A01029,10,2,2006-03-31,S
1593,INE285K01026,10,2,2006-03-31,S
1594,INE875A01025,10,2,2006-03-29,S
1595,INE905C01034,10,1,2006-03-29,S
1596,INE348A01023,10,2,2006-03-23,S
1597,INE354B01029,10,2,2006-03-21,S
1598,INE152B01027,10,2,2006-03-21,S
1599,INE700A01033,5,1,2006-03-17,S
1600,INE201A01024,10,7.5,2006-03-15,S
1601,INE135A01024,10,5,2006-03-09,S
1602,INE881B01054,10,1,2006-03-08,S
1603,INE488A01050,10,1,2006-03-08,S
1604,INE091E01039,10,5,2006-03-03,S
1605,INE579C01029,10,2,2006-02-24,S
1606,INE685A01028,10,5,2006-02-20,S
1607,INE450G01024,10,2,2006-02-16,S
1608,INE405C01035,10,2,2006-02-08,S
1609,INE668D01028,10,2,2006-01-27,S
1610,INE040F01033,10,1,2006-01-13,S
1611,INE769A01020,10,5,2006-01-13,S
1612,INE932A01024,10,5,2006-01-10,S
1613,INE357A01032,10,1,2006-01-10,S
1614,INE944F01028,10,2,2006-01-06,S
1615,INE036B01030,10,2,2006-01-06,S
1616,INE169A01031,10,2,2006-01-02,S
1617,INE233C01023,10,5,2006-01-02,S
1618,INE524A01029,10,1,2005-12-30,S
1619,INE416A01036,10,2,2005-12-30,S
1620,INE415A01038,5,2,2005-12-30,S
1621,INE728B01032,10,1,2005-12-27,S
1622,INE634D01038,10,1,2005-12-21,S
1623,INE211B01039,100,10,2005-12-09,S
1624,INE810C01044,10,1,2005-12-02,S
1625,INE378D01032,10,2,2005-12-02,S
1626,INE108E01023,10,1,2005-11-09,S
1627,INE549A01026,10,1,2005-11-08,S
1628,INE632C01026,10,1,2005-11-08,S
1629,INE602G01020,10,1,2005-11-07,S
1630,INE058D01030,10,1,2005-11-02,S
1631,INE234B01023,10,2,2005-11-02,S
1632,INE875G01048,10,1,2005-11-02,S
1633,INE136C01036,10,5,2005-10-31,S
1634,INE442A01024,10,1,2005-10-28,S
1635,INE812B01026,10,1,2005-10-28,S
1636,INE495A01022,10,2,2005-10-27,S
1637,INE774B01028,10,2,2005-10-27,S
1638,INE696C01021,10,1,2005-10-26,S
1639,INE162C01024,10,1,2005-10-26,S
1640,INE964B01033,10,1,2005-10-26,S
1641,INE077C01024,10,1,2005-10-26,S
1642,INE659B01021,10,2,2005-10-26,S
1643,INE802A01037,10,1,2005-10-26,S
1644,INE552D01024,10,1,2005-10-24,S
1645,INE670B01028,10,5,2005-10-24,S
1646,INE973B01026,10,1,2005-10-24,S
1647,INE895A01023,10,1,2005-10-21,S
1648,INE385W01011,10,2,2005-10-21,S
1649,INE214D01021,10,1,2005-10-20,S
1650,INE217B01036,10,2,2005-10-19,S
1651,INE997D01021,10,1,2005-10-18,S
1652,INE049A01027,10,5,2005-10-14,S
1653,INE429C01035,10,2,2005-10-10,S
1654,INE586B01026,10,2,2005-10-10,S
1655,INE538A01037,10,2,2005-10-10,S
1656,INE405A01021,10,2,2005-10-10,S
1657,INE499A01024,10,2,2005-10-07,S
1658,INE386C01029,10,2,2005-10-07,S
1659,INE507F01023,10,1,2005-10-06,S
1660,INE867A01022,10,2,2005-10-03,S
1661,INE882C01035,10,1,2005-09-28,S
1662,INE628A01036,10,2,2005-09-28,S
1663,INE606B01022,10,1,2005-09-28,S
1664,INE937C01029,10,1,2005-09-26,S
1665,INE699B01027,10,1,2005-09-23,S
1666,INE571B01036,10,5,2005-09-23,S
1667,INE154A01025,10,1,2005-09-21,S
1668,INE500A01029,10,2,2005-09-20,S
1669,INE783X01023,10,5,2005-09-20,S
1670,INE318A01026,10,1,2005-09-20,S
1671,INE713D01055,10,1,2005-09-19,S
1672,INE219A01026,10,4,2005-09-16,S
1673,INE343B01030,10,2,2005-09-09,S
1674,INE464A01036,100,10,2005-09-09,S
1675,INE068D01021,10,2,2005-09-08,S
1676,INE038A01020,10,1,2005-08-30,S
1677,INE868B01028,10,2,2005-08-24,S
1678,INE725A01030,10,2,2005-08-24,S
1679,INE764B01029,10,1,2005-08-22,S
1680,INE239D01028,10,1,2005-08-22,S
1681,INE885E01042,10,2,2005-08-18,S
1682,INE074A01025,10,2,2005-08-17,S
1683,INE569C01020,10,1,2005-08-16,S
1684,INE394C01023,10,1,2005-08-12,S
1685,INE515C01023,10,2,2005-08-12,S
1686,INE732A01036,10,2,2005-08-10,S
1687,INE250A01039,10,2,2005-08-10,S
1688,INE290B01025,10,2,2005-08-02,S
1689,INE600B01033,10,1,2005-07-25,S
1690,INE963C01033,10,2,2005-07-22,S
1691,INE259E01032,10,5,2005-07-21,S
1692,INE465A01025,10,2,2005-07-20,S
1693,INE683B01047,10,1,2005-07-15,S
1694,INE236A01020,10,2,2005-07-08,S
1695,INE933C01036,10,1,2005-07-04,S
1696,INE052C01027,10,1,2005-07-04,S
1697,INE071E01023,10,1,2005-06-29,S
1698,INE266C01023,10,1,2005-06-23,S
1699,INE957E01031,10,1,2005-06-22,S
1700,INE079A01024,10,2,2005-06-20,S
1701,INE461C01038,10,5,2005-06-16,S
1702,INE012E01035,10,2,2005-06-13,S
1703,INE823E01035,10,1,2005-06-02,S
1704,INE170B01037,10,1,2005-05-30,S
1705,INE126A01031,10,2,2005-05-27,S
1706,INE421A01028,10,2,2005-05-04,S
1707,INE788B01028,10,2,2005-04-29,S
1708,INE093A01041,10,2,2005-04-28,S
1709,INE413B01023,10,1,2005-04-21,S
1710,INE063D01030,10,1,2005-04-11,S
1711,INE572A01036,10,2,2005-04-05,S
1712,INE119A01028,10,1,2005-03-23,S
1713,INE220A01032,4,1,2005-03-22,S
1714,INE218A01028,10,1,2005-03-22,S
1715,INE324C01038,2,1,2005-03-18,S
1716,INE259B01020,10,2,2005-03-15,S
1717,INE386D01027,10,2,2005-03-15,S
1718,INE191B01025,10,5,2005-03-15,S
1719,INE209B01025,10,1,2005-03-11,S
1720,INE063E01053,10,2,2005-03-09,S
1721,INE836A01035,10,5,2005-03-03,S
1722,INE458B01036,10,2,2005-02-24,S
1723,INE130B01031,10,5,2005-02-24,S
1724,INE256C01024,10,1,2005-02-16,S
1725,INE177D01020,10,1,2005-02-14,S
1726,INE913A01024,10,1,2005-02-11,S
1727,INE395B01048,10,1,2005-02-08,S
1728,INE934B01028,10,1,2005-01-24,S
1729,INE256G01033,10,1,2005-01-19,S
1730,INE415B01036,10,2,2004-12-24,S
1731,INE937A01023,10,2,2004-11-19,S
1732,INE204D01022,10,5,2004-10-27,S
1733,INE244B01030,5,1,2004-10-25,S
1734,INE130C01021,10,2,2004-10-05,S
1735,INE323C01030,100,10,2004-08-24,S
1736,INE643A01035,10,2,2004-08-24,S
1737,INE463A01038,10,2,2004-08-24,S
1738,INE120A01034,10,2,2004-08-16,S
1739,INE423A01024,10,1,2004-07-28,S
1740,INE631A01022,10,1,2004-07-27,S
1741,INE048B01035,10,5,2004-07-20,S
1742,INE323A01026,100,10,2004-07-08,S
1743,INE726V01018,10,1,2004-07-07,S
1744,INE208A01029,10,1,2004-06-28,S
1745,INE059A01026,10,2,2004-05-11,S
1746,INE049B01025,10,5,2004-04-28,S
1747,INE306A01021,10,1,2004-04-28,S
1748,INE757C01021,10,5,2004-04-07,S
1749,INE351A01035,10,5,2004-03-16,S
1750,INE775A01035,5,1,2004-03-16,S
1751,INE399C01030,10,5,2004-03-16,S
1752,INE819L01012,10,1,2004-03-04,S
1753,INE220G01021,10,2,2004-03-01,S
1754,INE548C01032,10,2,2004-02-17,S
1755,INE922A01025,10,1,2004-02-16,S
1756,INE018A01030,10,2,2004-02-15,S
1757,INE415A01038,10,5,2004-02-10,S
1758,INE387A01021,10,1,2004-01-27,S
1759,INE945F01025,10,1,2004-01-20,S
1760,INE495B01038,10,2,2004-01-15,S
1761,INE749A01030,10,5,2003-12-22,S
1762,INE494B01023,10,1,2003-12-18,S
1763,INE337A01034,10,1,2003-12-09,S
1764,INE735C01027,10,1,2003-12-04,S
1765,INE673C01020,10,1,2003-12-04,S
1766,INE462A01022,100,10,2003-11-24,S
1767,INE331A01037,100,10,2003-11-06,S
1768,INE406A01037,10,5,2003-10-23,S
1769,INE935A01035,10,2,2003-10-23,S
1770,INE541C01037,10,2,2003-08-11,S
1771,INE703D01023,10,1,2003-07-29,S
1772,INE435E01020,10,1,2003-07-03,S
1773,INE121D01036,10,1,2003-04-22,S
1774,INE922B01023,10,1,2003-02-05,S
1775,INE593B01030,10,1,2003-02-03,S
1776,INE065D01027,10,2,2003-01-27,S
1777,INE044A01036,10,5,2003-01-13,S
1778,INE700A01033,10,5,2002-11-12,S
1779,INE742B01025,10,1,2002-10-29,S
1780,INE912B01032,10,1,2002-10-22,S
1781,INE775A01035,10,5,2002-10-22,S
1782,INE439A01020,10,1,2002-10-08,S
1783,INE417B01040,10,2,2002-09-19,S
1784,INE910D01024,10,1,2002-09-17,S
1785,INE309B01023,10,2,2002-08-13,S
1786,INE034D01049,100,10,2002-06-13,S
1787,INE890C01046,10,5,2002-06-12,S
1788,INE258B01022,10,1,2002-05-14,S
1789,INE339F01021,100,50,2002-04-10,S
1790,INE657B01025,10,2,2002-04-01,S
1791,INE194B01029,10,5,2002-03-13,S
1792,INE178C01020,10,2,2002-02-28,S
1793,INE555C01029,10,2,2002-01-31,S
1794,INE324C01038,10,2,2002-01-07,S
1795,INE739B01039,10,2,2002-01-07,S
1796,INE089A01031,10,5,2001-10-10,S
1797,INE640A01023,100,10,2001-10-01,S
1798,INE055C01020,10,1,2001-09-10,S
1799,INE376A01032,1,10,2001-08-20,C
1800,INE804A01025,10,1,2001-07-30,S
1801,INE061B01020,10,1,2001-06-05,S
1802,INE108B01029,10,1,2001-04-30,S
1803,INE158A01026,10,2,2001-03-12,S
1804,INE365C01023,10,1,2001-02-19,S
1805,INE244B01030,10,5,2001-01-02,S
1806,INE298A01020,10,2,2000-11-20,S
1807,INE026B01049,10,1,2000-11-13,S
1808,INE759A01021,10,5,2000-10-26,S
1809,INE228A01035,10,5,2000-10-09,S
1810,INE717A01029,100,10,2000-09-18,S
1811,INE376A01032,10,1,2000-09-18,S
1812,INE220A01032,10,4,2000-08-21,S
1813,INE785A01026,10,5,2000-08-21,S
1814,INE285A01027,10,1,2000-07-31,S
1815,INE030A01027,10,1,2000-07-03,S
1816,INE966A01022,10,1,2000-05-02,S
1817,INE009A01021,10,5,2000-01-24,S
1818,INE012A01025,100,10,1999-05-17,S
1819,INE055A01016,100,10,1997-11-24,S
1820,INE050A01025,100,10,1995-11-16,S
1821,INE976A01021,100,10,1995-07-18,S
1822,INE193E01025,100,10,1995-01-20,S
1823,INE071A01013,100,10,1994-11-21,S
1824,INE360D01014,100,10,1994-09-12,S
1825,INE067A01029,100,10,1994-04-04,S
