1,INE0PPK01015,1,10,2026-01-05,B
2,INE0PPK01015,1,10,2026-01-05,B
3,INE0H8H01019,4,1,2026-01-02,B
4,INE664N01018,23,1,2026-01-02,B
5,INE732K01027,1,1,2026-01-02,B
6,INE911Z01017,3,1,2025-12-31,B
7,INE207E01023,1,1,2025-12-26,B
8,INE207E01023,1,1,2025-12-26,B
9,INE192H01012,2,1,2025-12-24,B
10,INE192H01012,2,1,2025-12-24,B
11,INE600L01024,1,1,2025-12-19,B
12,INE926R01012,4,1,2025-12-19,B
13,INE600L01024,1,1,2025-12-19,B
14,INE706F01021,5,11,2025-12-17,B
15,INE296Q01012,1,1,2025-12-15,B
16,INE296Q01012,1,1,2025-12-15,B
17,INE838B01021,1,1,2025-12-12,B
18,INE838B01021,1,1,2025-12-12,B
19,INE112X01025,1,1,2025-12-08,B
20,INE070K01014,24,1,2025-12-05,B
21,INE0OPC01015,1,1,2025-12-05,B
22,INE258R01028,5,2,2025-12-05,B
23,INE594H01019,2,1,2025-11-28,B
24,INE594H01019,2,1,2025-11-28,B
25,INE127D01025,1,1,2025-11-26,B
26,INE127D01025,1,1,2025-11-26,B
27,INE0O4601016,2,10,2025-11-21,B
28,INE0MEG01014,3,5,2025-11-19,B
29,INE340U01010,5,1,2025-11-18,B
30,INE103C01036,1,1,2025-11-14,B
31,INE103C01036,1,1,2025-11-14,B
32,INE045J01034,4,1,2025-10-31,B
33,INE045J01034,4,1,2025-10-31,B
34,INE0QJ901011,1,1,2025-10-24,B
35,INE0N0J01014,3,5,2025-10-16,B
36,INE331C01025,1,10,2025-10-16,B
37,INE0SOY01013,1,1,2025-10-15,B
38,INE947T01022,1,1,2025-10-15,B
39,INE0N7S01028,1,1,2025-10-14,B
40,INE562X01013,2,1,2025-10-13,B
41,INE760B01019,1,2,2025-10-10,B
42,INE258Y01016,7,5,2025-10-10,B
43,INE060D01028,1,1,2025-10-10,B
44,INE098E01026,10,32,2025-10-10,B
45,INE898O01010,2,1,2025-10-10,B
46,INE0CBM01019,3,7,2025-10-10,B
47,INE371F01024,1,2,2025-10-09,B
48,INE327G01032,3,1,2025-10-07,B
49,INE890N01027,1,1,2025-10-06,B
50,INE064H01021,1,1,2025-10-03,B
51,INE111F01024,3,1,2025-10-03,B
52,INE790G01031,1,1,2025-10-03,B
53,INE790G01031,1,1,2025-10-03,B
54,INE239T01016,1,10,2025-09-26,B
55,INE368D01025,1,2,2025-09-26,B
56,INE418L01047,1,1,2025-09-26,B
57,INE418L01047,1,1,2025-09-26,B
58,INE508G01029,1,1,2025-09-23,B
59,INE318A01026,1,1,2025-09-23,B
60,INE318A01026,1,1,2025-09-23,B
61,INE508G01029,1,1,2025-09-23,B
62,INE149K01016,2,1,2025-09-22,B
63,INE260B01028,2,1,2025-09-16,B
64,INE260B01028,2,1,2025-09-16,B
65,INE809Q01020,3,2,2025-09-16,B
66,INE395F01023,4,1,2025-09-12,B
67,INE745R01024,1,2,2025-09-12,B
68,INE619A01035,2,1,2025-09-11,B
69,INE619A01035,2,1,2025-09-11,B
70,INE0QBD01018,1,1,2025-09-08,B
71,INE115S01010,2,1,2025-09-02,B
72,INE07L501010,8,5,2025-08-28,B
73,INE036D01028,1,5,2025-08-26,B
74,INE036D01028,1,5,2025-08-26,B
75,INE040A01034,1,1,2025-08-26,B
76,INE040A01034,1,1,2025-08-26,B
77,INE721Z01010,1,1,2025-08-25,B
78,INE128R01023,2,25,2025-08-25,B
79,INE142E01022,1,1,2025-08-22,B
80,INE0LS001014,1,1,2025-08-19,B
81,INE598D01035,8,1,2025-08-18,B
82,INE366I01010,1,1,2025-08-14,B
83,INE239A01024,1,1,2025-08-08,B
84,INE239A01024,1,1,2025-08-08,B
85,INE060601031,1,10,2025-08-07,B
86,INE454E01013,1,1,2025-07-31,B
87,INE793Z01027,1,20,2025-07-28,B
88,INE910R01024,2,1,2025-07-28,B
89,INE0BLY01023,7,1,2025-07-25,B
90,INE0DXR01010,29,50,2025-07-21,B
91,INE133Y01011,1,1,2025-07-18,B
92,INE0OMI01019,1,2,2025-07-18,B
93,INE775A01035,1,2,2025-07-18,B
94,INE0FS801015,1,2,2025-07-18,B
95,INE208A01029,1,1,2025-07-16,B
96,INE208A01029,1,1,2025-07-16,B
97,INE489G01022,1,1,2025-07-15,B
98,INE489G01022,1,1,2025-07-15,B
99,INE600Y01019,1,1,2025-07-11,B
100,INE535D01037,2,1,2025-07-11,B
101,INE302D01024,1,1,2025-07-11,B
102,INE0KA601012,1,2,2025-07-11,B
103,INE600Y01019,1,1,2025-07-11,B
104,INE898Q01015,1,1,2025-07-08,B
105,INE111A01025,1,4,2025-07-04,B
106,INE111A01025,1,4,2025-07-04,B
107,INE0O5T01011,1,1,2025-07-04,B
108,INE0HS001028,1,1,2025-07-04,B
109,INE01GN01025,1,1,2025-07-04,B
110,INE597I01028,1,1,2025-07-04,B
111,INE155E01016,1,1,2025-06-27,B
112,INE665J01013,3,1,2025-06-23,B
113,INE665J01013,3,1,2025-06-23,B
114,INE296A01032,4,1,2025-06-16,B
115,INE296A01032,4,1,2025-06-16,B
116,INE579C01029,1,1,2025-06-13,B
117,INE579C01029,1,1,2025-06-13,B
118,INE222F01029,3,2,2025-06-11,B
119,INE0PZA01015,4,1,2025-06-11,B
120,INE024F01011,1,2,2025-06-06,B
121,INE861D01011,3,1,2025-06-04,B
122,INE899L01022,17,25,2025-05-30,B
123,INE899L01022,17,25,2025-05-30,B
124,INE118H01025,2,1,2025-05-23,B
125,INE931X01010,1,1,2025-04-29,B
126,INE268H01044,3,2,2025-04-24,B
127,INE268H01044,3,2,2025-04-24,B
128,INE199P01028,9,10,2025-04-09,B
129,INE278R01034,1,1,2025-04-04,B
130,INE724G01014,1,1,2025-04-03,B
131,INE172D01021,1,1,2025-04-02,B
132,INE0P4701011,1,1,2025-04-02,B
133,INE01A501027,1,1,2025-04-02,B
134,INE220C01012,1,1,2025-03-26,B
135,INE351Y01019,1,20,2025-03-26,B
136,INE993I01029,1,6,2025-03-24,B
137,INE02AP01013,1,1,2025-03-21,B
138,INE890S01026,5,4,2025-03-21,B
139,INE544R01021,1,1,2025-03-21,B
140,INE544R01021,1,1,2025-03-21,B
141,INE448D01025,2,3,2025-03-18,B
142,INE04AK01028,1,2,2025-03-10,B
143,INE04AK01028,1,2,2025-03-10,B
144,INE656B01027,2,1,2025-03-07,B
145,INE463V01026,1,1,2025-03-05,B
146,INE463V01026,1,1,2025-03-05,B
147,INE427T01025,2,1,2025-03-05,B
148,INE247D01039,4,1,2025-02-28,B
149,INE247D01039,4,1,2025-02-28,B
150,INE145J01032,5,1,2025-02-18,B
151,INE823A01017,1,1,2025-02-18,B
152,INE823A01017,1,1,2025-02-18,B
153,INE763I01026,1,1,2025-02-14,B
154,INE201C01012,1,1,2025-02-14,B
155,INE886D01026,1,1,2025-02-11,B
156,INE475D01010,4,1,2025-02-07,B
157,INE0O0201019,1,1,2025-02-07,B
158,INE365S01045,2,1,2025-02-05,B
159,INE0LXT01019,3,1,2025-02-04,B
160,INE0LXT01019,3,1,2025-02-04,B
161,INE203G01027,1,1,2025-01-31,B
162,INE203G01027,1,1,2025-01-31,B
163,INE0MXP01015,1,1,2025-01-29,B
164,INE311M01018,1,1,2025-01-27,B
165,INE710D01028,1,1,2025-01-24,B
166,INE602G01020,2,1,2025-01-17,B
167,INE602G01020,2,1,2025-01-17,B
168,INE280E01038,3,5,2025-01-17,B
169,INE0O4R01018,2,1,2025-01-17,B
170,INE448D01025,1,1,2025-01-08,B
171,INE598D01035,1,2,2025-01-08,B
172,INE276A01018,4,1,2025-01-03,B
173,INE0R9I01021,1,1,2025-01-03,B
174,INE542W01025,1,2,2025-01-03,B
175,INE542W01025,1,2,2025-01-03,B
176,INE418D01010,1,5,2025-01-03,B
177,INE276A01018,4,1,2025-01-03,B
178,INE335A01020,1,1,2025-01-01,B
179,INE335A01020,1,1,2025-01-01,B
180,INE213C01025,1,1,2024-12-30,B
181,INE213C01025,1,1,2024-12-30,B
182,INE584A01023,2,1,2024-12-27,B
183,INE584A01023,2,1,2024-12-27,B
184,INE626Z01029,2,5,2024-12-27,B
185,INE626Z01029,2,5,2024-12-27,B
186,INE06TD01010,1,1,2024-12-26,B
187,INE430R01023,1,2,2024-12-26,B
188,INE415D01024,1,1,2024-12-20,B
189,INE802B01027,1,1,2024-12-20,B
190,INE802B01027,1,1,2024-12-20,B
191,INE0CQ101015,1,1,2024-12-19,B
192,INE01IU01018,9,1,2024-12-16,B
193,INE01IU01018,9,1,2024-12-16,B
194,INE0ITO01014,1,5,2024-12-13,B
195,INE0K1401020,4,10,2024-12-10,B
196,INE0Q7P01013,1,1,2024-12-06,B
197,INE187R01029,1,1,2024-12-06,B
198,INE075A01022,1,1,2024-12-03,B
199,INE075A01022,1,1,2024-12-03,B
200,INE535F01024,1,3,2024-12-02,B
201,INE912T01018,1,1,2024-11-29,B
202,INE07O001026,1,1,2024-11-29,B
203,INE912T01018,1,1,2024-11-29,B
204,INE179O01031,1,1,2024-11-29,B
205,INE07O001026,1,1,2024-11-29,B
206,INE908D01010,5,1,2024-11-25,B
207,INE908D01010,5,1,2024-11-25,B
208,INE114O01020,3,2,2024-11-14,B
209,INE704G01024,3,1,2024-11-12,B
210,INE293E01031,2,1,2024-11-08,B
211,INE195F01027,1,8,2024-10-31,B
212,INE002A01018,1,1,2024-10-28,B
213,INE002A01018,1,1,2024-10-28,B
214,INE335X01014,1,1,2024-10-25,B
215,INE0HQI01014,3,1,2024-10-25,B
216,INE343C01012,3,1,2024-10-23,B
217,INE972X01022,1,1,2024-10-15,B
218,INE448V01019,1,4,2024-10-14,B
219,INE0N6D01014,3,1,2024-10-09,B
220,INE211R01019,1,1,2024-10-08,B
221,INE211R01019,1,1,2024-10-08,B
222,INE095N01031,1,2,2024-10-07,B
223,INE095N01031,1,2,2024-10-07,B
224,INE0I3Y01014,1,1,2024-10-04,B
225,INE02BR01017,5,1,2024-10-04,B
226,INE183U01022,1,10,2024-09-27,B
227,INE07OG01012,1,1,2024-09-25,B
228,INE594W01042,1,5,2024-09-25,B
229,INE07OG01012,1,1,2024-09-25,B
230,INE110B01017,1,4,2024-09-20,B
231,INE714U01024,1,150,2024-09-20,B
232,INE02EZ01022,1,3,2024-09-20,B
233,INE02EZ01022,1,3,2024-09-20,B
234,INE211B01039,1,1,2024-09-20,B
235,INE211B01039,1,1,2024-09-20,B
236,INE320J01015,1,1,2024-09-20,B
237,INE110B01017,1,4,2024-09-20,B
238,INE880Y01017,1,4,2024-09-20,B
239,INE899L01022,1,4,2024-09-20,B
240,INE899L01022,1,4,2024-09-20,B
241,INE320J01015,1,1,2024-09-20,B
242,INE667G01023,1,4,2024-09-19,B
243,INE667G01023,1,4,2024-09-19,B
244,INE903D01011,1,1,2024-09-13,B
245,INE903D01011,1,1,2024-09-13,B
246,INE412U01025,1,1,2024-09-12,B
247,INE0POP01017,3,5,2024-09-12,B
248,INE412U01025,1,1,2024-09-12,B
249,INE407P01017,7,10,2024-09-10,B
250,INE789R01022,1,1,2024-09-09,B
251,INE710A01016,10,1,2024-09-06,B
252,INE710A01016,10,1,2024-09-06,B
253,INE653S01028,1,1,2024-09-03,B
254,INE736A01011,1,1,2024-08-23,B
255,INE537U01037,1,1,2024-08-21,B
256,INE428B01021,1,1,2024-08-20,B
257,INE0G2G01015,1,1,2024-08-14,B
258,INE276C01014,1,1,2024-08-13,B
259,INE588G01021,1,1,2024-08-13,B
260,INE137I01015,3,1,2024-08-12,B
261,INE190H01024,4,1,2024-08-09,B
262,INE392G01028,1,2,2024-08-09,B
263,INE01C001026,1,2,2024-08-09,B
264,INE0B1K01014,2,1,2024-08-09,B
265,INE942C01045,1,2,2024-08-09,B
266,INE176N01021,2,1,2024-08-09,B
267,INE535F01024,1,1,2024-08-08,B
268,INE0K6L01010,4,1,2024-07-31,B
269,INE0A1E01018,1,1,2024-07-19,B
270,INE227C01017,1,1,2024-07-16,B
271,INE541R01019,1,3,2024-07-12,B
272,INE08E401029,14,48,2024-07-12,B
273,INE123D01024,2,1,2024-07-11,B
274,INE0JJS01014,4,1,2024-07-08,B
275,INE549S01036,3,1,2024-07-05,B
276,INE188Y01023,1,1,2024-07-05,B
277,INE813G01023,4,1,2024-07-05,B
278,INE390G01014,1,1,2024-07-03,B
279,INE274J01014,1,2,2024-07-02,B
280,INE132H01018,1,1,2024-06-27,B
281,INE894A01026,1,2,2024-06-25,B
282,INE029A01011,1,1,2024-06-21,B
283,INE428B01021,1,5,2024-06-21,B
284,INE094A01015,1,2,2024-06-21,B
285,INE338I01027,3,1,2024-06-10,B
286,INE0O5T01011,3,1,2024-06-06,B
287,INE232E01013,1,1,2024-05-29,B
288,INE075D01018,1,4,2024-05-24,B
289,INE066P01011,3,1,2024-05-24,B
290,INE997D01021,2,1,2024-05-22,B
291,INE0IJY01014,1,1,2024-05-17,B
292,INE807M01031,3,5,2024-05-17,B
293,INE0L2Y01011,1,1,2024-05-03,B
294,INE276H01013,1,1,2024-05-02,B
295,INE294Z01018,1,1,2024-04-23,B
296,INE0GOA01018,2,1,2024-04-19,B
297,INE551C01044,3,1,2024-04-19,B
298,INE882B01037,1,1,2024-04-16,B
299,INE266D01021,1,1,2024-04-10,B
300,INE0I2F01015,1,1,2024-04-08,B
301,INE509F01029,1,1,2024-04-04,B
302,INE0KPY01017,1,2,2024-04-03,B
303,INE740X01023,6,11,2024-03-28,B
304,INE199C01026,1,1,2024-03-20,B
305,INE420C01059,1,1,2024-03-20,B
306,INE0JM501013,1,2,2024-03-20,B
307,INE0L1C01019,6,1,2024-03-19,B
308,INE230R01035,2,1,2024-03-19,B
309,INE317W01030,1,1,2024-03-19,B
310,INE179O01031,1,1,2024-03-18,B
311,INE036B01030,1,1,2024-03-15,B
312,INE964W01021,2,1,2024-03-15,B
313,INE974F01025,7,1,2024-03-07,B
314,INE180C01042,1,1,2024-03-05,B
315,INE737H01014,1,1,2024-02-28,B
316,INE03RS01027,2,1,2024-02-27,B
317,INE760W01023,2,1,2024-02-26,B
318,INE348L01012,2,1,2024-02-22,B
319,INE385F01024,1,1,2024-02-22,B
320,INE0BSU01018,5,1,2024-02-21,B
321,INE102B01014,1,1,2024-02-20,B
322,INE256Z01017,1,5,2024-02-15,B
323,INE542W01025,1,2,2024-02-15,B
324,INE512D01028,2,1,2024-02-12,B
325,INE127T01021,2,1,2024-02-12,B
326,INE402Y01028,1,3,2024-02-08,B
327,INE0KY201021,1,4,2024-02-05,B
328,INE149K01016,5,1,2024-02-02,B
329,INE0FFK01017,2,1,2024-02-02,B
330,INE00IK01029,1,5,2024-02-02,B
331,INE170V01019,4,1,2024-02-01,B
332,INE879E01037,1,1,2024-01-30,B
333,INE985A01022,1,1,2024-01-29,B
334,INE0LCW01025,2,1,2024-01-25,B
335,INE04AK01028,1,2,2024-01-19,B
336,INE04AK01028,1,2,2024-01-19,B
337,INE227F01010,1,2,2024-01-17,B
338,INE619B01017,1,1,2024-01-12,B
339,INE619B01017,1,1,2024-01-12,B
340,INE418N01035,1,1,2024-01-11,B
341,INE418N01035,1,1,2024-01-11,B
342,INE808W01012,1,50,2024-01-05,B
343,INE418H01029,3,1,2024-01-02,B
344,INE625D01028,2,1,2023-12-29,B
345,INE08E401029,1,3,2023-12-22,B
346,INE02EZ01022,1,3,2023-12-22,B
347,INE291E01019,2,1,2023-12-19,B
348,INE00Z501011,2,1,2023-12-19,B
349,INE714U01024,1,10,2023-12-18,B
350,INE429E01023,1,1,2023-12-12,B
351,INE269A01021,1,1,2023-12-12,B
352,INE0K5F01014,9,5,2023-12-12,B
353,INE147C01017,6,1,2023-12-08,B
354,INE0NZF01019,1,1,2023-12-01,B
355,INE005B01027,2,1,2023-11-24,B
356,INE0M3901015,17,20,2023-11-20,B
357,INE864X01013,1,7,2023-11-08,B
358,INE614Z01017,4,1,2023-11-03,B
359,INE0J5801029,4,5,2023-11-02,B
360,INE0HLJ01013,1,1,2023-10-27,B
361,INE0JSJ01014,1,1,2023-10-27,B
362,INE506W01012,1,1,2023-10-25,B
363,INE900L01010,1,1,2023-10-20,B
364,INE027T01023,1,1,2023-10-18,B
365,INE411F01010,4,1,2023-10-17,B
366,INE900E01015,1,1,2023-10-13,B
367,INE655V01019,1,2,2023-10-13,B
368,INE0D7801012,2,1,2023-10-13,B
369,INE793Z01027,9,50,2023-10-10,B
370,INE338Y01016,1,5,2023-10-06,B
371,INE796W01019,15,100,2023-10-05,B
372,INE882C01035,1,1,2023-09-22,B
373,INE359U01028,2,1,2023-09-22,B
374,INE463A01038,1,5,2023-09-22,B
375,INE134E01011,1,4,2023-09-21,B
376,INE575D01041,1,1,2023-09-20,B
377,INE015C01016,1,1,2023-09-15,B
378,INE324X01026,2,1,2023-09-15,B
379,INE0MRE01011,1,1,2023-09-13,B
380,INE752E01010,1,3,2023-09-12,B
381,INE0KPY01017,1,1,2023-09-08,B
382,INE391J01032,1,1,2023-09-07,B
383,INE024F01011,1,1,2023-09-06,B
384,INE299W01022,1,4,2023-09-05,B
385,INE934S01014,1,1,2023-09-01,B
386,INE250Z01010,1,1,2023-08-29,B
387,INE0DXR01010,4,5,2023-08-23,B
388,INE244W01010,1,1,2023-08-22,B
389,INE572G01025,1,2,2023-08-18,B
390,INE912T01018,1,1,2023-08-08,B
391,INE0BTI01037,1,1,2023-08-01,B
392,INE549S01036,9,5,2023-07-28,B
393,INE145Y01023,2,1,2023-07-28,B
394,INE215I01027,1,1,2023-07-27,B
395,INE06LG01010,7,1,2023-07-26,B
396,INE526E01018,1,1,2023-07-24,B
397,INE07OG01012,1,1,2023-07-24,B
398,INE715Q01029,1,1,2023-07-20,B
399,INE0CAJ01017,1,1,2023-07-19,B
400,INE405Y01021,1,4,2023-07-19,B
401,INE02AR01019,4,1,2023-07-18,B
402,INE085J01014,1,1,2023-07-17,B
403,INE266F01018,2,5,2023-07-14,B
404,INE614R01014,4,1,2023-07-11,B
405,INE08KJ01020,2,1,2023-07-07,B
406,INE535D01037,1,1,2023-07-07,B
407,INE922A01025,1,2,2023-07-05,B
408,INE888C01040,2,9,2023-07-05,B
409,INE531A01024,1,2,2023-07-04,B
410,INE0HR601026,1,10,2023-06-30,B
411,INE255D01024,1,5,2023-06-21,B
412,INE933S01016,1,1,2023-06-21,B
413,INE472A01039,1,1,2023-06-20,B
414,INE894A01026,1,2,2023-06-19,B
415,INE626Z01029,1,3,2023-06-05,B
416,INE0HPK01012,3,1,2023-06-02,B
417,INE670K01029,1,1,2023-05-31,B
418,INE050M01012,1,1,2023-05-26,B
419,INE0GMR01016,1,1,2023-05-19,B
420,INE0ID001024,2,3,2023-05-19,B
421,INE923Y01023,1,4,2023-05-19,B
422,INE0JOO01021,1,1,2023-05-12,B
423,INE792Z01011,1,1,2023-05-11,B
424,INE425C01017,1,2,2023-05-03,B
425,INE537U01037,2,3,2023-04-28,B
426,INE0K1401020,1,2,2023-04-25,B
427,INE027D01019,1,1,2023-04-24,B
428,INE155R01018,1,1,2023-04-21,B
429,INE714U01024,1,4,2023-04-21,B
430,INE062C01034,6,10,2023-04-20,B
431,INE06ZX0101,1,1,2023-04-18,B
432,INE403Y01018,1,1,2023-03-29,B
433,INE451S01027,24,100,2023-03-24,B
434,INE613C01026,3,1,2023-03-21,B
435,INE006I01046,1,3,2023-03-14,B
436,INE0KKN01029,11,4,2023-03-10,B
437,INE08KD01015,1,2,2023-03-06,B
438,INE513R01026,2,1,2023-03-03,B
439,INE466L01038,1,1,2023-03-02,B
440,INE335X01014,1,1,2023-03-01,B
441,INE0KR801019,2,1,2023-03-01,B
442,INE01KI01027,13,10,2023-02-24,B
443,INE06TD01010,1,1,2023-02-10,B
444,INE964W01021,2,1,2023-02-03,B
445,INE405Y01021,4,5,2023-01-20,B
446,INE542W01025,1,1,2023-01-18,B
447,INE0I3Y01014,3,1,2023-01-09,B
448,INE804Q01013,1,1,2023-01-06,B
449,INE230R01035,4,1,2023-01-06,B
450,INE195Y01010,3,1,2023-01-04,B
451,INE0E2801015,6,1,2023-01-04,B
452,INE898Q01015,15,10,2022-12-30,B
453,INE0ALI01010,1,1,2022-12-28,B
454,INE0JM501013,1,1,2022-12-23,B
455,INE518E01015,2,1,2022-12-22,B
456,INE372C01037,1,2,2022-12-22,B
457,INE916U01025,1,1,2022-12-21,B
458,INE074H01012,1,3,2022-12-20,B
459,INE350Z01018,1,1,2022-12-16,B
460,INE201M01029,1,1,2022-12-16,B
461,INE526R01028,1,1,2022-12-16,B
462,INE184S01024,9,1,2022-12-14,B
463,INE153T01027,1,1,2022-12-08,B
464,INE0DB001013,1,1,2022-11-29,B
465,INE04OV01018,4,3,2022-11-28,B
466,INE413X01027,1,5,2022-11-28,B
467,INE255E01030,3,10,2022-11-25,B
468,INE271B01025,1,1,2022-11-25,B
469,INE073V01015,2,1,2022-11-25,B
470,INE07O001026,3,1,2022-11-21,B
471,INE0FS801015,2,5,2022-11-16,B
472,INE0L0L01012,3,1,2022-11-15,B
473,INE390G01014,1,1,2022-11-11,B
474,INE388Y01029,5,1,2022-11-10,B
475,INE750G01019,5,1,2022-11-09,B
476,INE112X01025,1,2,2022-10-28,B
477,INE411Y01011,1,1,2022-10-27,B
478,INE964R01013,1,1,2022-10-21,B
479,INE09KD01013,1,1,2022-10-21,B
480,INE556Z01010,2,3,2022-10-19,B
481,INE900L01010,1,1,2022-10-18,B
482,INE607V01028,1,2,2022-10-14,B
483,INE199P01028,8,1,2022-10-13,B
484,INE386D01027,1,2,2022-10-12,B
485,INE947T01022,1,1,2022-10-12,B
486,INE262Z01023,3,2,2022-10-12,B
487,INE0BTM01013,3,2,2022-10-12,B
488,INE282Y01016,1,1,2022-10-12,B
489,INE702Y01013,102,100,2022-10-11,B
490,INE00CE01017,1,2,2022-10-11,B
491,INE803H01014,1,10,2022-10-10,B
492,INE425H01016,4,1,2022-10-07,B
493,INE092G01024,1,1,2022-10-07,B
494,INE926K01017,1,2,2022-10-06,B
495,INE808W01012,6,1,2022-10-04,B
496,INE775A01035,1,2,2022-10-03,B
497,INE0GOJ01027,1,1,2022-10-03,B
498,INE796W01019,1,2,2022-10-03,B
499,INE793Z01027,4,23,2022-10-03,B
500,INE070I01018,1,2,2022-09-30,B
501,INE207E01023,1,1,2022-09-28,B
502,INE063E01053,1,1,2022-09-28,B
503,INE688J01023,1,2,2022-09-28,B
504,INE561C01019,1,2,2022-09-27,B
505,INE047E01031,1,1,2022-09-23,B
506,INE0EEJ01023,4,1,2022-09-23,B
507,INE301D01026,1,1,2022-09-22,B
508,INE102B01014,1,1,2022-09-22,B
509,INE738I01010,1,2,2022-09-21,B
510,INE08E401029,1,2,2022-09-21,B
511,INE714U01024,1,1,2022-09-21,B
512,INE01J501010,1,10,2022-09-21,B
513,INE05QJ01015,1,2,2022-09-16,B
514,INE263A01024,2,1,2022-09-15,B
515,INE00KV01022,1,2,2022-09-15,B
516,INE0D0U01013,1,2,2022-09-14,B
517,INE918I01026,1,1,2022-09-13,B
518,INE577D01013,2,1,2022-09-08,B
519,INE269A01021,1,3,2022-09-08,B
520,INE129A01019,1,2,2022-09-06,B
521,INE953W01016,2,3,2022-09-06,B
522,INE688Y01022,1,2,2022-09-06,B
523,INE07S101038,1,1,2022-09-05,B
524,INE0ALR01029,2,1,2022-09-01,B
525,INE01IU01018,1,1,2022-09-01,B
526,INE020B01018,1,3,2022-08-17,B
527,INE626Z01029,1,2,2022-07-25,B
528,INE773T01014,74,100,2022-07-22,B
529,INE685Z01033,2,1,2022-07-21,B
530,INE945O01019,1,2,2022-07-19,B
531,INE642Z01026,3,10,2022-07-19,B
532,INE01NE01012,2,1,2022-07-14,B
533,INE986B01044,1,1,2022-07-14,B
534,INE00LM01029,1,1,2022-07-14,B
535,INE236W01016,1,4,2022-07-13,B
536,INE534E01020,1,1,2022-07-12,B
537,INE568Z01015,1,1,2022-07-11,B
538,INE541A01023,2,1,2022-07-11,B
539,INE685A01028,1,1,2022-07-08,B
540,INE405E01023,1,1,2022-07-07,B
541,INE00Y701026,1,4,2022-07-06,B
542,INE0CPR01018,3,1,2022-07-04,B
543,INE895A01023,5,4,2022-07-01,B
544,INE445C01015,1,2,2022-07-01,B
545,INE703B01027,1,2,2022-06-30,B
546,INE242A01010,1,2,2022-06-30,B
547,INE418L01047,1,1,2022-06-24,B
548,INE031B01049,1,2,2022-06-22,B
549,INE020D01022,1,1,2022-06-20,B
550,INE06IR01021,3,5,2022-06-20,B
551,INE005B01027,3,1,2022-06-17,B
552,INE757A01017,1,2,2022-06-16,B
553,INE709B01016,1,1,2022-06-16,B
554,INE906Y01028,3,10,2022-06-16,B
555,INE949L01017,1,1,2022-06-09,B
556,INE395U01014,1,2,2022-06-06,B
557,INE200M01039,1,2,2022-06-06,B
558,INE094S01041,1,1,2022-06-02,B
559,INE0BDU01028,82,32,2022-06-02,B
560,INE248B01023,10,100,2022-05-27,B
561,INE01KI01027,1,10,2022-05-26,B
562,INE325D01025,2,1,2022-05-19,B
563,INE195Y01010,110,100,2022-05-18,B
564,INE153T01027,1,1,2022-05-13,B
565,INE666Y01010,1,3,2022-05-13,B
566,INE337E01010,4,1,2022-05-12,B
567,INE732K01027,2,1,2022-04-28,B
568,INE051N01018,1,1,2022-04-27,B
569,INE0CPQ01010,5,1,2022-04-25,B
570,INE741L01018,1,10,2022-04-18,B
571,INE06CG01019,2,1,2022-04-12,B
572,INE834D01018,1,4,2022-04-07,B
573,INE560F01022,1,10,2022-04-07,B
574,INE591Q01016,1,1,2022-03-30,B
575,INE918C01029,1,1,2022-03-30,B
576,INE063601012,6,5,2022-03-29,B
577,INE0B1K01014,1,1,2022-03-24,B
578,INE875G01048,2,1,2022-03-24,B
579,INE539B01017,1,1,2022-03-21,B
580,INE118H01025,2,1,2022-03-21,B
581,INE425B01027,2,3,2022-03-15,B
582,INE483S01020,1,1,2022-03-14,B
583,INE755Q01025,2,1,2022-03-10,B
584,INE010R01023,1,2,2022-03-10,B
585,INE368E01023,1,1,2022-03-10,B
586,INE00IY01012,3,4,2022-03-08,B
587,INE07O001026,1,1,2022-02-28,B
588,INE904R01027,1,2,2022-02-24,B
589,INE170I01016,1,1,2022-02-22,B
590,INE04AK01028,1,1,2022-02-22,B
591,INE0JM501013,1,10,2022-02-22,B
592,INE069B01023,1,10,2022-02-17,B
593,INE128R01023,1,10,2022-02-10,B
594,INE227F01010,2,1,2022-02-08,B
595,INE05MV01019,205,100,2022-02-03,B
596,INE093G01022,1,1,2022-02-03,B
597,INE652Z01017,21,10,2022-01-27,B
598,INE309H01038,1,2,2022-01-20,B
599,INE925Y01036,1,1,2022-01-20,B
600,INE840Y01029,1,2,2022-01-18,B
601,INE01B501018,7,10,2022-01-14,B
602,INE02EZ01022,1,2,2022-01-11,B
603,INE0A1101019,1,1,2022-01-10,B
604,INE919H01018,1,1,2022-01-07,B
605,INE098201036,2,3,2021-12-27,B
606,INE685Z01033,5,4,2021-12-23,B
607,INE401H01017,4,1,2021-12-16,B
608,INE00UG01014,1,30,2021-12-16,B
609,INE01NE01012,1,1,2021-12-16,B
610,INE316G01019,1,1,2021-12-06,B
611,INE022Q01020,2,1,2021-12-03,B
612,INE126J01016,2,1,2021-12-02,B
613,INE132F01038,1,1,2021-12-02,B
614,INE250Z01010,1,5,2021-11-29,B
615,INE949H01023,1,2,2021-11-17,B
616,INE0EMB01015,2,1,2021-11-17,B
617,INE01C001026,1,2,2021-11-17,B
618,INE630Y01024,3,1,2021-11-16,B
619,INE203T01012,1,4,2021-11-11,B
620,INE414Y01015,1,5,2021-11-01,B
621,INE177H01039,1,1,2021-10-26,B
622,INE060X01034,1,1,2021-10-21,B
623,INE974Z01015,3,1,2021-10-20,B
624,INE491V01019,4,1,2021-10-18,B
625,INE239T01016,1,4,2021-10-14,B
626,INE647A01010,4,1,2021-10-13,B
627,INE0J2K01014,44,100,2021-10-13,B
628,INE359U01028,2,1,2021-10-13,B
629,INE121N01019,2,1,2021-10-12,B
630,INE06H201014,1,3,2021-10-11,B
631,INE543V01017,1,2,2021-10-07,B
632,INE319Y01024,3,4,2021-10-07,B
633,INE099D01026,4,1,2021-10-07,B
634,INE558R01013,4,1,2021-10-07,B
635,INE02WG01024,3,5,2021-10-06,B
636,INE05QJ01015,1,1,2021-09-29,B
637,INE906Y01028,1,1,2021-09-27,B
638,INE885H01029,3,1,2021-09-23,B
639,INE236W01016,1,1,2021-09-22,B
640,INE064H01021,1,10,2021-09-21,B
641,INE908V01012,1,5,2021-09-21,B
642,INE919P01029,1,1,2021-09-16,B
643,INE413G01022,1,1,2021-09-16,B
644,INE702C01027,1,1,2021-09-16,B
645,INE694E01014,1,2,2021-09-15,B
646,INE813A01018,2,1,2021-09-14,B
647,INE998I01010,1,2,2021-09-08,B
648,INE298W01016,2,1,2021-09-06,B
649,INE0D6I01023,1,1,2021-09-06,B
650,INE00KV01022,1,2,2021-09-02,B
651,INE997Y01027,1,10,2021-08-31,B
652,INE804A01025,2,7,2021-08-23,B
653,INE425B01027,1,4,2021-08-18,B
654,INE891D01026,1,1,2021-08-18,B
655,INE911Z01017,3,20,2021-08-17,B
656,INE206Z01020,3,5,2021-08-13,B
657,INE013801027,1,6,2021-08-13,B
658,INE278R01034,4,1,2021-08-12,B
659,INE718F01018,2,1,2021-08-09,B
660,INE060601031,1,1,2021-08-09,B
661,INE08E401029,27,10,2021-08-09,B
662,INE341R01014,1,2,2021-08-05,B
663,INE581X01021,2,1,2021-08-03,B
664,INE215I01027,1,1,2021-08-02,B
665,INE752E01010,1,3,2021-07-29,B
666,INE484C01030,1,1,2021-07-26,B
667,INE502O01018,5,4,2021-07-23,B
668,INE864T01011,59,100,2021-07-20,B
669,INE888C01040,2,5,2021-07-19,B
670,INE192H01012,2,1,2021-07-15,B
671,INE170V01019,1,1,2021-07-13,B
672,INE793Z01027,5,37,2021-07-08,B
673,INE669Y01022,1,1,2021-07-08,B
674,INE319Q01012,3,1,2021-07-06,B
675,INE769A01020,1,1,2021-06-22,B
676,INE911T01010,1,5,2021-06-15,B
677,INE200M01039,1,2,2021-06-10,B
678,INE571B01036,1,1,2021-06-07,B
679,INE0D6I01023,3,1,2021-06-04,B
680,INE960Z01014,1,5,2021-06-03,B
681,INE962Y01021,1,1,2021-05-20,B
682,INE442V01012,2,1,2021-05-06,B
683,INE799N01012,1,1,2021-04-27,B
684,INE04LG01015,1,1,2021-04-27,B
685,INE908V01012,1,5,2021-04-06,B
686,INE595R01023,1,4,2021-03-30,B
687,INE483S01020,1,1,2021-03-18,B
688,INE006I01046,1,3,2021-03-18,B
689,INE947T01022,1,4,2021-03-18,B
690,INE112X01025,1,1,2021-03-18,B
691,INE172E01011,2,1,2021-03-16,B
692,INE820Y01021,1,9,2021-03-10,B
693,INE234G01022,1,6,2021-03-09,B
694,INE433G01020,1,100,2021-03-08,B
695,INE869Y01010,1,1,2021-03-03,B
696,INE641R01017,1,1,2021-03-02,B
697,INE236Y01012,5,8,2021-02-25,B
698,INE867C01010,1,1,2021-02-17,B
699,INE368U01029,2,1,2021-02-17,B
700,INE634I01029,1,1,2021-02-03,B
701,INE691Z01023,1,3,2021-01-11,B
702,INE01II01013,1,4,2021-01-07,B
703,INE417C01014,2,5,2020-12-31,B
704,INE565V01010,1,1,2020-12-24,B
705,INE755Q01025,1,2,2020-12-16,B
706,INE473B01035,1,3,2020-12-09,B
707,INE00Y801016,3,5,2020-12-07,B
708,INE145Y01023,6,5,2020-12-01,B
709,INE291W01037,31,10,2020-11-12,B
710,INE01NE01012,1,3,2020-11-05,B
711,INE725P01012,2,5,2020-11-03,B
712,INE277T01024,1,2,2020-11-03,B
713,INE01GN01025,5,2,2020-10-14,B
714,INE263W01010,1,1,2020-10-13,B
715,INE006Z01016,1,1,2020-10-13,B
716,INE118R01032,1,1,2020-10-12,B
717,INE01J501010,1,1,2020-10-09,B
718,INE761Y01019,1,1,2020-10-08,B
719,INE00Q901014,1,2,2020-10-08,B
720,INE632X01030,2,1,2020-10-08,B
721,INE647Z01025,26,100,2020-10-08,B
722,INE030U01025,1,1,2020-10-07,B
723,INE414Y01015,3,26,2020-10-06,B
724,INE976T01013,1,2,2020-10-05,B
725,INE767A01016,3,1,2020-09-30,B
726,INE658T01017,2,3,2020-09-25,B
727,INE03QK01018,1,1,2020-09-25,B
728,INE285A01027,1,1,2020-09-24,B
729,INE489G01022,1,1,2020-09-18,B
730,INE888C01040,1,2,2020-09-17,B
731,INE715Y01031,5,100,2020-09-16,B
732,INE063Z01017,5,6,2020-09-11,B
733,INE862Y01015,3,2,2020-09-08,B
734,INE914G01029,1,4,2020-09-07,B
735,INE721Z01010,10,11,2020-09-03,B
736,INE00KV01022,1,1,2020-09-03,B
737,INE0APB01032,1,2,2020-08-31,B
738,INE032Z01020,1,3,2020-08-27,B
739,INE071Y01013,14,10,2020-08-11,B
740,INE631R01026,3,1,2020-08-06,B
741,INE793Z01027,1,43,2020-07-30,B
742,INE06CG01019,1,1,2020-07-28,B
743,INE01B501018,3,4,2020-07-22,B
744,INE864T01011,1,4,2020-07-02,B
745,INE155Z01011,2,100,2020-06-30,B
746,INE607V01028,13,10,2020-04-13,B
747,INE653S01028,1,2,2020-03-30,B
748,INE838Z01012,36,100,2020-03-26,B
749,INE087Z01024,1,2,2020-03-26,B
750,INE614B01018,1,10,2020-03-17,B
751,INE919I01024,1,4,2020-03-12,B
752,INE452S01025,2,1,2020-03-06,B
753,INE117Z01011,8,10,2020-02-25,B
754,INE225B01021,2,1,2020-02-13,B
755,INE340Z01019,2,3,2020-02-13,B
756,INE203Y01012,6,5,2020-02-11,B
757,INE343X01018,7,5,2020-02-06,B
758,INE923Y01023,11,10,2020-01-29,B
759,INE317V01016,2,1,2020-01-28,B
760,INE542Z01028,1,6,2020-01-27,B
761,INE223G01017,51,2,2020-01-24,B
762,INE820R01017,1,1,2020-01-16,B
763,INE973X01012,1,1,2020-01-02,B
764,INE188Y01023,1,1,2020-01-02,B
765,INE511Y01018,1,2,2019-12-30,B
766,INE164A01016,1,2,2019-12-26,B
767,INE02EZ01022,1,1,2019-12-26,B
768,INE562X01013,1,1,2019-12-19,B
769,INE403Y01018,3,2,2019-12-17,B
770,INE860A01027,1,1,2019-12-05,B
771,INE296Q01012,1,10,2019-11-21,B
772,INE547E01014,1,2,2019-10-25,B
773,INE933X01016,1,2,2019-10-22,B
774,INE032Z01020,1,5,2019-10-22,B
775,INE813V01022,1,1,2019-10-22,B
776,INE972X01022,3,5,2019-10-17,B
777,INE376Y01016,1,10,2019-10-14,B
778,INE402Y01028,2,1,2019-10-14,B
779,INE793Z01027,1,25,2019-10-10,B
780,INE986W01016,15,100,2019-10-04,B
781,INE375Y01018,1,5,2019-10-03,B
782,INE319Y01024,6,10,2019-10-03,B
783,INE576N01014,1,2,2019-09-30,B
784,INE439T01012,1,4,2019-09-30,B
785,INE769A01020,1,1,2019-09-27,B
786,INE072D01015,1,1,2019-09-26,B
787,INE335X01014,1,1,2019-09-26,B
788,INE00SY01011,1,1,2019-09-26,B
789,INE853A01022,1,1,2019-09-19,B
790,INE319X01018,2,5,2019-09-19,B
791,INE006I01046,1,4,2019-09-16,B
792,INE451D01029,4,3,2019-09-11,B
793,INE721Z01010,1,10,2019-08-29,B
794,INE791I01019,1,2,2019-08-28,B
795,INE316A01038,1,10,2019-08-22,B
796,INE409B01013,1,2,2019-08-22,B
797,INE486Y01013,1.5,1,2019-08-22,B
798,INE691K01017,1,1,2019-08-13,B
799,INE320J01015,1,4,2019-08-08,B
800,INE358U01012,4,10,2019-07-25,B
801,INE200M01039,1,2,2019-07-25,B
802,INE931X01010,1,1,2019-07-22,B
803,INE593W01028,2,1,2019-07-22,B
804,INE895W01019,1,1,2019-07-18,B
805,INE354C01027,1,1,2019-07-17,B
806,INE748Z01013,1,1,2019-07-16,B
807,INE621B01021,1,2,2019-07-11,B
808,INE129A01019,1,1,2019-07-09,B
809,INE792Z01011,1,2,2019-07-09,B
810,INE628A01036,1,2,2019-07-02,B
811,INE749Y01014,3,1,2019-07-01,B
812,INE349W01017,1,1,2019-06-27,B
813,INE347W01011,4,10,2019-06-27,B
814,INE694X01022,2,3,2019-06-27,B
815,INE711V01010,2,1,2019-06-27,B
816,INE131B01039,1,1,2019-06-26,B
817,INE985W01018,1,1,2019-06-25,B
818,INE139E01028,4,5,2019-06-24,B
819,INE997Y01027,2,3,2019-06-20,B
820,INE376G01013,1,1,2019-06-12,B
821,INE398R01022,1,1,2019-06-11,B
822,INE550U01014,1,1,2019-05-30,B
823,INE690A01028,1,5,2019-05-15,B
824,INE017I01027,3,2,2019-05-14,B
825,INE696V01013,3,2,2019-04-30,B
826,INE976E01023,2,1,2019-04-30,B
827,INE840Y01029,1,2,2019-04-24,B
828,INE250Z01010,1,4,2019-04-23,B
829,INE645W01026,1,1,2019-04-22,B
830,INE411U01027,1,1,2019-04-09,B
831,INE980Y01015,1,1,2019-04-04,B
832,INE464Z01017,1,2,2019-03-28,B
833,INE450E01029,1,1,2019-03-27,B
834,INE733E01010,1,5,2019-03-19,B
835,INE737W01013,1,1,2019-03-07,B
836,INE075A01022,1,3,2019-03-06,B
837,INE060T01024,4,5,2019-02-28,B
838,INE544W01021,1,1,2019-02-26,B
839,INE586E01020,1,1,2019-02-15,B
840,INE146C01019,1,1,2019-02-06,B
841,INE111A01025,1,4,2019-02-04,B
842,INE325X01015,25,10,2019-01-21,B
843,INE959C01023,1,1,2018-12-13,B
844,INE742R01013,6,10,2018-11-29,B
845,INE023S01016,1,1,2018-11-19,B
846,INE784R01023,1,5,2018-11-13,B
847,INE397G01019,1,1,2018-10-26,B
848,INE396F01013,27,1,2018-10-22,B
849,INE700V01021,1,5,2018-10-12,B
850,INE840D01015,1,3,2018-10-11,B
851,INE509F01029,1,5,2018-10-11,B
852,INE546F01013,1,20,2018-10-11,B
853,INE452S01025,1,1,2018-10-11,B
854,INE613C01026,4,1,2018-10-09,B
855,INE679E01015,1,1,2018-10-08,B
856,INE341Z01025,1,1,2018-10-08,B
857,INE541R01019,1,5,2018-10-04,B
858,INE518E01015,1,1,2018-10-04,B
859,INE819S01025,2,1,2018-10-04,B
860,INE191N01012,1,5,2018-09-27,B
861,INE188B01013,25,202,2018-09-27,B
862,INE332S01011,5,1,2018-09-24,B
863,INE908V01012,1,2,2018-09-21,B
864,INE671T01028,11,10,2018-09-19,B
865,INE062Y01020,1,1,2018-09-18,B
866,INE413X01027,1,2,2018-09-17,B
867,INE155R01018,1,1,2018-09-14,B
868,INE384C01016,3,1,2018-09-12,B
869,INE982V01025,1,1,2018-09-12,B
870,INE102D01028,1,2,2018-09-12,B
871,INE159A01016,1,1,2018-09-11,B
872,INE813V01022,2,1,2018-09-05,B
873,INE009A01021,1,1,2018-09-04,B
874,INE974B01016,1,2,2018-08-29,B
875,INE036D01028,1,10,2018-08-14,B
876,INE225B01021,1,1,2018-08-08,B
877,INE715A01015,1,1,2018-08-08,B
878,INE666D01022,3,1,2018-08-02,B
879,INE235C01036,1,4,2018-08-02,B
880,INE239T01016,1,4,2018-07-19,B
881,INE227C01017,1,1,2018-07-18,B
882,INE481Y01014,1,1,2018-07-12,B
883,INE442H01029,1,2,2018-07-12,B
884,INE405E01023,2,1,2018-07-11,B
885,INE491A01021,1,10,2018-07-10,B
886,INE606K01049,1,10,2018-07-06,B
887,INE668F01031,1,1,2018-06-28,B
888,INE171P01019,1,5,2018-06-28,B
889,INE470Y01017,1,1,2018-06-27,B
890,INE871C01038,1,2,2018-06-26,B
891,INE475B01022,1,2,2018-06-22,B
892,INE548C01032,1,1,2018-06-21,B
893,INE797F01020,1,1,2018-06-21,B
894,INE255A01020,1,1,2018-06-20,B
895,INE173U01015,1,3,2018-06-20,B
896,INE330E01023,1,4,2018-06-19,B
897,INE337A01034,1,1,2018-06-14,B
898,INE580B01029,1,1,2018-06-06,B
899,INE467B01029,1,1,2018-05-31,B
900,INE377E01024,3,1,2018-05-23,B
901,INE075D01018,1,4,2018-05-21,B
902,INE961D01019,1,1,2018-05-10,B
903,INE480S01026,1,20,2018-05-10,B
904,INE912T01018,2,5,2018-05-08,B
905,INE123F01029,1,2,2018-05-03,B
906,INE127T01021,3,10,2018-04-26,B
907,INE030T01027,36,10,2018-04-26,B
908,INE534E01020,1,1,2018-04-20,B
909,INE788J01021,1,4,2018-04-19,B
910,INE982Q01017,1,20,2018-04-10,B
911,INE129A01019,1,3,2018-03-27,B
912,INE164B01030,1,1,2018-03-27,B
913,INE274J01014,1,2,2018-03-27,B
914,INE906D01014,1,1,2018-03-26,B
915,INE059D01020,1,1,2018-03-22,B
916,INE242A01010,1,1,2018-03-15,B
917,INE801W01017,1,1,2018-03-15,B
918,INE571U01010,3,2,2018-03-14,B
919,INE590B01010,2,1,2018-03-06,B
920,INE688J01023,2,1,2018-01-23,B
921,INE296C01020,1,1,2018-01-17,B
922,INE211P01021,1,3,2018-01-11,B
923,INE607L01029,1,1,2018-01-11,B
924,INE704V01015,1,1,2018-01-09,B
925,INE359U01028,3,5,2018-01-03,B
926,INE101A01026,1,1,2017-12-21,B
927,INE172A01027,1,1,2017-12-21,B
928,INE051B01021,1,1,2017-12-21,B
929,INE787D01026,1,1,2017-12-21,B
930,INE094T01015,1,10,2017-12-06,B
931,INE340O01021,1,4,2017-11-13,B
932,INE480S01026,1,20,2017-11-10,B
933,INE486J01014,1,26,2017-11-01,B
934,INE784R01023,2,1,2017-11-01,B
935,INE802A01037,3,20,2017-10-26,B
936,INE340U01010,1,1,2017-10-19,B
937,INE262S01010,5,1,2017-10-17,B
938,INE717E01013,1,1,2017-10-12,B
939,INE629F01025,1,4,2017-10-12,B
940,INE191N01012,1,5,2017-10-11,B
941,INE552U01010,1,1,2017-10-11,B
942,INE196R01012,1,1,2017-10-10,B
943,INE386D01027,1,1,2017-10-05,B
944,INE305C01029,1,2,2017-10-03,B
945,INE465A01025,1,1,2017-09-28,B
946,INE257A01026,1,2,2017-09-28,B
947,INE263A01024,1,10,2017-09-28,B
948,INE490G01020,1,1,2017-09-27,B
949,INE122R01018,1,1,2017-09-27,B
950,INE876S01017,1,2,2017-09-27,B
951,INE670A01012,1,1,2017-09-18,B
952,INE002A01018,1,1,2017-09-07,B
953,INE829S01016,1,1,2017-08-30,B
954,INE751R01014,9,5,2017-08-28,B
955,INE398L01017,2,1,2017-08-22,B
956,INE016Q01014,1,10,2017-08-10,B
957,INE159N01027,1,10,2017-08-04,B
958,INE785A01026,1,1,2017-08-01,B
959,INE018A01030,1,2,2017-07-13,B
960,INE491A01021,1,10,2017-07-13,B
961,INE029A01011,1,2,2017-07-13,B
962,INE390G01014,1,1,2017-07-13,B
963,INE142K01011,2,5,2017-07-12,B
964,INE672B01032,1,1,2017-07-11,B
965,INE094A01015,1,2,2017-07-11,B
966,INE998I01010,1,2,2017-07-10,B
967,INE215I01027,1,1,2017-07-10,B
968,INE408F01024,2,1,2017-07-07,B
969,INE785M01021,1,1,2017-07-06,B
970,INE775A01035,1,2,2017-07-05,B
971,INE890C01046,1,1,2017-07-03,B
972,INE083C01022,1,1,2017-07-03,B
973,INE347G01014,1,1,2017-07-03,B
974,INE602G01020,2,5,2017-06-22,B
975,INE102D01028,1,1,2017-06-22,B
976,INE090A01021,1,10,2017-06-20,B
977,INE077P01034,32,21,2017-06-16,B
978,INE376G01013,2,1,2017-06-15,B
979,INE075A01022,1,1,2017-06-13,B
980,INE296G01013,1,10,2017-06-12,B
981,INE310C01029,1,2,2017-05-25,B
982,INE520H01022,1,5,2017-05-04,B
983,INE174N01026,4,1,2017-04-18,B
984,INE111A01025,1,4,2017-04-05,B
985,INE361S01010,4,1,2017-03-31,B
986,INE205C01021,1,1,2017-03-24,B
987,INE647N01021,1,1,2017-03-16,B
988,INE951I01027,2,5,2017-03-15,B
989,INE127T01021,1.5,1,2017-03-15,B
990,INE251C01025,5,1,2017-03-15,B
991,INE621I01034,1,1,2017-03-10,B
992,INE129A01019,1,3,2017-03-09,B
993,INE030T01027,1,1,2017-03-08,B
994,INE526R01028,1,1,2017-03-07,B
995,INE095N01031,1,2,2017-02-17,B
996,INE231G01010,1,1,2017-02-14,B
997,INE561M01018,1,2,2017-02-14,B
998,INE563S01011,1,2,2017-02-03,B
999,INE230G01020,1,10,2017-01-19,B
1000,INE274J01014,1,3,2017-01-12,B
1001,INE224E01036,1,4,2017-01-10,B
1002,INE184U01012,3,20,2017-01-04,B
1003,INE510A01028,1,1,2016-12-30,B
1004,INE164A01016,3,1,2016-12-26,B
1005,INE213A01029,1,2,2016-12-15,B
1006,INE060T01024,1,4,2016-12-15,B
1007,INE323C01030,1,1,2016-12-09,B
1008,INE305H01028,1,1,2016-12-01,B
1009,INE361M01021,1,10,2016-10-24,B
1010,INE072D01015,1,1,2016-10-20,B
1011,INE914E01040,1,1,2016-10-19,B
1012,INE242A01010,1,1,2016-10-18,B
1013,INE419D01026,1,10,2016-10-14,B
1014,INE650K01021,1,3,2016-10-10,B
1015,INE546C01010,1,1,2016-10-10,B
1016,INE909P01012,1,4,2016-10-06,B
1017,INE280D01022,2,1,2016-10-04,B
1018,INE443A01030,1,4,2016-09-29,B
1019,INE020B01018,1,1,2016-09-28,B
1020,INE324N01027,2,1,2016-09-27,B
1021,INE185K01036,5,1,2016-09-27,B
1022,INE694E01014,1,2,2016-09-23,B
1023,INE225D01027,1,1,2016-09-14,B
1024,INE094A01015,2,1,2016-09-14,B
1025,INE011R01013,1,4,2016-09-14,B
1026,INE015B01018,1,1,2016-09-08,B
1027,INE010R01023,1,2,2016-09-08,B
1028,INE296A01032,1,1,2016-09-08,B
1029,INE285K01026,1,1,2016-09-06,B
1030,INE725A01030,1,1,2016-09-01,B
1031,INE071D01033,1,5,2016-08-30,B
1032,INE189Q01019,1,3,2016-08-30,B
1033,INE134E01011,1,1,2016-08-26,B
1034,INE096L01025,1,25,2016-08-11,B
1035,INE782L01012,1,5,2016-08-10,B
1036,INE598C01011,1,2,2016-08-09,B
1037,INE829P01020,1,5,2016-08-08,B
1038,INE732P01018,7,10,2016-07-28,B
1039,INE977E01013,1,3,2016-07-28,B
1040,INE023S01016,1,5,2016-07-27,B
1041,INE620D01011,2,1,2016-07-19,B
1042,INE463A01038,2,5,2016-07-15,B
1043,INE536A01023,1,1,2016-07-14,B
1044,INE460C01014,1,2,2016-07-14,B
1045,INE473B01035,2,5,2016-07-13,B
1046,INE029A01011,1,1,2016-07-13,B
1047,INE154A01025,1,2,2016-07-01,B
1048,INE675G01018,1,1,2016-06-23,B
1049,INE442P01014,1,5,2016-06-13,B
1050,INE075D01018,1,4,2016-05-30,B
1051,INE350Z01018,1,1,2016-05-20,B
1052,INE563S01011,1,1,2016-05-11,B
1053,INE385W01011,1,1,2016-05-02,B
1054,INE370E01029,1,3,2016-03-30,B
1055,INE354E01031,1,1,2016-03-17,B
1056,INE484C01030,1,1,2016-03-16,B
1057,INE230R01035,4,1,2016-03-14,B
1058,INE073G01016,1,1,2016-03-10,B
1059,INE128R01023,2,5,2016-03-10,B
1060,INE018I01017,1,1,2016-03-09,B
1061,INE541R01019,3,2,2016-03-06,B
1062,INE365O01028,7,1,2016-03-03,B
1063,INE761D01021,9,5,2016-02-18,B
1064,INE663B01015,1,2,2016-01-11,B
1065,INE823A01017,1,2,2016-01-05,B
1066,INE418H01029,1,1,2015-12-30,B
1067,INE196A01026,1,1,2015-12-22,B
1068,INE182D01020,1,2,2015-12-21,B
1069,INE398A01010,1,2,2015-12-21,B
1070,INE545L01039,5,1,2015-12-17,B
1071,INE738I01010,1,3,2015-12-17,B
1072,INE204N01013,3,4,2015-10-29,B
1073,INE052001026,1,10,2015-10-29,B
1074,INE313M01030,1,3,2015-10-23,B
1075,INE301D01026,1,1,2015-10-21,B
1076,INE260R01016,1,4,2015-10-21,B
1077,INE952M01019,47,1,2015-10-15,B
1078,INE906O01029,3,2,2015-10-15,B
1079,INE275D01022,1,1,2015-10-08,B
1080,INE536P01021,1,8,2015-10-08,B
1081,INE675G01018,1,1,2015-10-08,B
1082,INE637H01024,1,1,2015-10-08,B
1083,INE840D01015,1,1,2015-10-06,B
1084,INE377E01024,1,1,2015-09-29,B
1085,INE259A01022,1,1,2015-09-23,B
1086,INE116A01032,1,1,2015-09-23,B
1087,INE361B01024,1,1,2015-09-23,B
1088,INE263A01024,2,1,2015-09-14,B
1089,INE202B01038,1,1,2015-09-09,B
1090,INE579B01039,2,1,2015-09-08,B
1091,INE497D01022,1,4,2015-09-02,B
1092,INE793G01035,1,1,2015-08-31,B
1093,INE489G01022,2,1,2015-08-05,B
1094,INE912H01013,1,1,2015-07-28,B
1095,INE775A01035,1,2,2015-07-23,B
1096,INE406A01037,1,1,2015-07-20,B
1097,INE683C01011,1,1,2015-07-15,B
1098,INE171A01029,1,1,2015-07-08,B
1099,INE237A01028,1,1,2015-07-08,B
1100,INE945P01024,1,1,2015-07-08,B
1101,INE131B01039,1,1,2015-07-01,B
1102,INE219H01039,1,1,2015-06-25,B
1103,INE572G01025,1,1,2015-06-24,B
1104,INE009A01021,1,1,2015-06-15,B
1105,INE370E01029,10,1,2015-05-28,B
1106,INE070C01037,3,5,2015-05-26,B
1107,INE825M01017,3,1,2015-05-05,B
1108,INE070I01018,1,2,2015-04-16,B
1109,INE546C01010,1,1,2015-04-06,B
1110,INE956G01038,1,1,2015-03-26,B
1111,INE767A01016,1,1,2015-03-24,B
1112,INE860A01027,1,1,2015-03-19,B
1113,INE669C01036,1,1,2015-03-19,B
1114,INE313D01013,1,6,2015-03-16,B
1115,INE262H01021,1,1,2015-03-10,B
1116,INE308E01011,9,1,2015-03-04,B
1117,INE045J01034,1,1,2015-02-12,B
1118,INE532D01018,1,1,2015-02-11,B
1119,INE872E01016,2,1,2015-01-23,B
1120,INE953I01023,1,1,2015-01-13,B
1121,INE047E01031,1,1,2015-01-01,B
1122,INE509J01013,3,1,2014-12-11,B
1123,INE009A01021,1,1,2014-12-02,B
1124,INE377M01035,1,10,2014-11-14,B
1125,INE806A01020,3,2,2014-11-13,B
1126,INE489H01020,1,3,2014-11-13,B
1127,INE404L01039,3,2,2014-10-21,B
1128,INE647D01014,49,50,2014-10-17,B
1129,INE132F01038,4,1,2014-10-16,B
1130,INE319B01014,1,1,2014-10-09,B
1131,INE927D01051,1,1,2014-10-08,B
1132,INE659A01023,1,1,2014-09-30,B
1133,INE524N01014,1,1,2014-09-29,B
1134,INE142K01011,1,2,2014-09-29,B
1135,INE869A01010,1,2,2014-09-26,B
1136,INE330E01023,1,4,2014-09-25,B
1137,INE635I01018,1,5,2014-09-18,B
1138,INE621O01016,1,5,2014-09-18,B
1139,INE510K01019,1,1,2014-09-16,B
1140,INE988E01036,5,2,2014-07-30,B
1141,INE191O01010,18,10,2014-07-25,B
1142,INE536P01021,1,5,2014-07-24,B
1143,INE299N01021,57,100,2014-07-21,B
1144,INE149O01018,2,1,2014-07-18,B
1145,INE959A01019,1,10,2014-07-09,B
1146,INE337A01034,1,1,2014-07-04,B
1147,INE288B01029,1,1,2014-06-20,B
1148,INE580B01029,1,1,2014-06-09,B
1149,INE018I01017,1,1,2014-06-03,B
1150,INE559N01010,2,5,2014-05-29,B
1151,INE075D01018,1,4,2014-05-16,B
1152,INE040D01038,1,1,2014-03-28,B
1153,INE823A01017,2,1,2014-03-28,B
1154,INE952H01027,1,1,2014-03-25,B
1155,INE793G01035,8,10,2014-03-13,B
1156,INE028B01029,1,1,2014-02-20,B
1157,INE313D01013,2,1,2014-02-06,B
1158,INE008M01044,2,1,2014-01-24,B
1159,INE050B01023,1,2,2013-12-26,B
1160,INE775A01035,1,2,2013-12-20,B
1161,INE636N01016,1,1,2013-11-28,B
1162,INE800H01010,10,39,2013-11-11,B
1163,INE210C01013,1,2,2013-10-30,B
1164,INE043K01029,1,1,2013-09-30,B
1165,INE426A01027,1,1,2013-09-27,B
1166,INE488D01021,1,1,2013-09-26,B
1167,INE350D01015,3,2,2013-09-20,B
1168,INE031B01049,1,2,2013-09-17,B
1169,INE760F01028,1,1,2013-09-16,B
1170,INE121N01019,1,1,2013-09-11,B
1171,INE621O01016,1,5,2013-09-11,B
1172,INE121N01019,1,1,2013-09-11,B
1173,INE918N01018,1,10,2013-09-06,B
1174,INE111A01025,1,2,2013-09-06,B
1175,INE918N01018,1,10,2013-09-06,B
1176,INE989C01038,1,3,2013-08-26,B
1177,INE734I01027,6,1,2013-08-22,B
1178,INE312C01025,5,2,2013-08-19,B
1179,INE421D01022,1,1,2013-08-19,B
1180,INE517B01013,2,15,2013-08-07,B
1181,INE044A01036,1,1,2013-07-29,B
1182,INE735U01011,13,10,2013-07-29,B
1183,INE978A01027,1,1,2013-07-26,B
1184,INE685A01028,1,1,2013-07-23,B
1185,INE790G01031,1,2,2013-07-16,B
1186,INE018A01030,1,2,2013-07-11,B
1187,INE205C01021,1,1,2013-07-09,B
1188,INE586G01017,23,19,2013-07-09,B
1189,INE660C01027,5,1,2013-07-03,B
1190,INE442H01029,1,2,2013-07-03,B
1191,INE859A01011,1,3,2013-07-03,B
1192,INE959A01019,1,10,2013-07-03,B
1193,INE645H01027,1,2,2013-06-27,B
1194,INE548C01032,1,2,2013-06-26,B
1195,INE350Z01018,1,1,2013-06-26,B
1196,INE651D01016,1,5,2013-06-21,B
1197,INE265B01019,1,3,2013-06-19,B
1198,INE763I01026,1,9,2013-06-13,B
1199,INE295D01020,3,14,2013-05-30,B
1200,INE664N01018,3,1,2013-05-28,B
1201,INE164A01016,3,4,2013-05-23,B
1202,INE073C01015,1,1,2013-05-08,B
1203,INE213M01024,5,2,2013-05-03,B
1204,INE880B01015,2,1,2013-04-10,B
1205,INE712A01012,7,10,2013-03-21,B
1206,INE904G01038,2,1,2013-03-21,B
1207,INE442D01010,3,1,2013-03-19,B
1208,INE671D01014,1,10,2013-03-13,B
1209,INE861A01058,1,10,2013-03-07,B
1210,INE927A01040,3,2,2013-02-27,B
1211,INE495J01015,1,5,2013-02-12,B
1212,INE683D01027,4,1,2013-02-05,B
1213,INE879E01037,1,10,2013-02-01,B
1214,INE181G01025,1,34,2013-01-23,B
1215,INE331L01026,5,1,2012-12-20,B
1216,INE676A01027,1,1,2012-12-19,B
1217,INE702E01015,2,3,2012-12-13,B
1218,INE660A01013,1,1,2012-12-13,B
1219,INE274F01020,1,1,2012-12-07,B
1220,INE309H01038,1,1,2012-12-04,B
1221,INE286E01019,3,1,2012-11-19,B
1222,INE553C01016,3,1,2012-11-15,B
1223,INE234E01027,1,2,2012-10-23,B
1224,INE952D01018,1,1,2012-10-04,B
1225,INE775A01035,1,2,2012-10-03,B
1226,INE782E01017,1,2,2012-09-27,B
1227,INE482D01024,1,2,2012-09-27,B
1228,INE547E01014,1,1,2012-09-10,B
1229,INE172A01027,1,1,2012-09-04,B
1230,INE878E01021,1,2,2012-08-14,B
1231,INE040D01038,1,1,2012-08-06,B
1232,INE124E01038,1,1,2012-07-25,B
1233,INE194D01017,1,2,2012-07-20,B
1234,INE088E01019,1,1,2012-07-17,B
1235,INE029A01011,1,1,2012-07-13,B
1236,INE524A01029,1,1,2012-07-12,B
1237,INE959A01019,1,5,2012-07-12,B
1238,INE668F01031,1,1,2012-07-12,B
1239,INE688E01024,1,1,2012-07-11,B
1240,INE231G01010,1,2,2012-07-09,B
1241,INE951D01028,1,2,2012-07-03,B
1242,INE198H01019,1,5,2012-06-25,B
1243,INE650K01021,2,3,2012-06-22,B
1244,INE663F01032,1,1,2012-06-22,B
1245,INE878H01024,3,1,2012-05-22,B
1246,INE873D01024,1,2,2012-05-17,B
1247,INE108E01023,2,1,2012-04-13,B
1248,INE051B01021,1,1,2012-04-12,B
1249,INE808B01016,3,10,2012-03-29,B
1250,INE274J01014,3,2,2012-03-29,B
1251,INE473B01035,1,2,2012-03-26,B
1252,INE201J01017,1,2,2012-03-20,B
1253,INE836A01035,1,1,2012-03-13,B
1254,INE360C01024,22,1,2011-12-20,B
1255,INE598F01014,2,1,2011-11-28,B
1256,INE068D01021,1,1,2011-11-21,B
1257,INE694E01014,1,2,2011-11-16,B
1258,INE175A01038,1,20,2011-11-08,B
1259,INE590L01019,1,4,2011-10-24,B
1260,INE134R01013,17,1,2011-10-20,B
1261,INE914E01040,4,1,2011-10-14,B
1262,INE866G01013,1,1,2011-10-13,B
1263,INE274B01011,1,1,2011-10-05,B
1264,INE206B01013,1,2,2011-09-27,B
1265,INE839G01010,1,1,2011-09-27,B
1266,INE839G01010,1,1,2011-09-27,B
1267,INE489H01020,5,2,2011-09-22,B
1268,INE298A01020,2,5,2011-09-20,B
1269,INE826D01014,1,1,2011-09-20,B
1270,INE092B01025,2,5,2011-09-20,B
1271,INE435D01014,1,1,2011-09-12,B
1272,INE208A01029,1,1,2011-08-02,B
1273,INE591D01014,1,2,2011-07-19,B
1274,INE145E01017,1,1,2011-07-15,B
1275,INE930A01010,3,1,2011-07-14,B
1276,INE296E01026,1,1,2011-07-13,B
1277,INE761G01016,1,1,2011-06-30,B
1278,INE280A01028,1,1,2011-06-23,B
1279,INE522D01027,1,1,2011-06-09,B
1280,INE418C01012,1,4,2011-06-06,B
1281,INE370E01029,1,1,2011-05-26,B
1282,INE039A01010,1,1,2011-05-03,B
1283,INE809I01019,1,1,2011-05-03,B
1284,INE935D01013,1,1,2011-05-03,B
1285,INE908D01010,1,1,2011-04-28,B
1286,INE066C01035,1,1,2011-04-18,B
1287,INE999A01023,1,1,2011-04-18,B
1288,INE890C01046,1,1,2011-04-07,B
1289,INE254H01044,1,3,2011-03-21,B
1290,INE490J01032,1,1,2011-03-16,B
1291,INE139A01034,1,1,2011-03-15,B
1292,INE097E01028,2,3,2011-03-10,B
1293,INE267A01025,1,1,2011-03-07,B
1294,INE415B01036,1,4,2011-03-04,B
1295,INE474E01029,7,20,2011-02-24,B
1296,INE093A01041,1,1,2011-02-24,B
1297,INE872A01014,4,5,2011-02-10,B
1298,INE213A01029,1,1,2011-02-08,B
1299,INE600D01021,1,2,2011-02-03,B
1300,INE229D01011,1,1,2011-01-13,B
1301,INE474I01012,1,10,2011-01-07,B
1302,INE818A01017,1,10,2010-12-31,B
1303,INE386C01029,1,2,2010-12-30,B
1304,INE558F01026,1,1,2010-12-24,B
1305,INE633B01018,1,1,2010-12-23,B
1306,INE285A01027,1,1,2010-12-14,B
1307,INE555C01029,1,10,2010-12-09,B
1308,INE127B01011,1,1,2010-12-01,B
1309,INE529F01035,5,1,2010-11-19,B
1310,INE256A01028,1,1,2010-11-11,B
1311,INE489G01022,2,1,2010-10-28,B
1312,INE104E01014,1,1,2010-10-25,B
1313,INE197D01010,1,1,2010-10-22,B
1314,INE453B01029,1,2,2010-10-19,B
1315,INE867D01018,2,3,2010-10-15,B
1316,INE176B01034,1,1,2010-10-08,B
1317,INE637D01015,4,1,2010-09-30,B
1318,INE350H01032,1,1,2010-09-29,B
1319,INE655I01024,1,5,2010-09-29,B
1320,INE893A01036,1,1,2010-09-29,B
1321,INE133E01013,2,1,2010-09-28,B
1322,INE297J01023,1,1,2010-09-28,B
1323,INE663F01032,1,1,2010-09-27,B
1324,INE420B01036,3,5,2010-09-23,B
1325,INE036D01028,2,5,2010-09-16,B
1326,INE047B01011,1,2,2010-09-14,B
1327,INE904D01019,1,3,2010-09-13,B
1328,INE016A01026,1,1,2010-09-08,B
1329,INE917I01010,1,1,2010-09-08,B
1330,INE494B01023,1,1,2010-09-08,B
1331,INE088G01014,1,1,2010-09-06,B
1332,INE900B01029,1,1,2010-09-06,B
1333,INE349A01021,1,1,2010-09-03,B
1334,INE162L01017,2,1,2010-09-02,B
1335,INE739E01017,1,1,2010-09-02,B
1336,INE206B01013,1,2,2010-08-23,B
1337,INE208C01025,2,3,2010-08-18,B
1338,INE537L01010,5,1,2010-08-13,B
1339,INE318D01020,1,5,2010-08-11,B
1340,INE549A01026,1,1,2010-08-10,B
1341,INE532F01054,1,1,2010-08-10,B
1342,INE878E01021,1,1,2010-08-05,B
1343,INE154A01025,1,1,2010-08-03,B
1344,INE123F01029,1,1,2010-07-29,B
1345,INE004E01016,1,1,2010-07-27,B
1346,INE738I01010,1,2,2010-07-23,B
1347,INE520A01027,1,1,2010-07-21,B
1348,INE317F01035,1,1,2010-07-20,B
1349,INE603J01030,1,2,2010-07-08,B
1350,INE182D01020,1,2,2010-07-06,B
1351,INE440G01017,2,1,2010-07-05,B
1352,INE628H01015,1,1,2010-06-29,B
1353,INE531A01024,1,1,2010-06-23,B
1354,INE194B01029,5,1,2010-06-21,B
1355,INE165B01029,28,100,2010-06-21,B
1356,INE683C01011,1,2,2010-06-17,B
1357,INE075A01022,2,3,2010-06-15,B
1358,INE775B01025,5,7,2010-06-15,B
1359,INE136B01020,1,1,2010-06-10,B
1360,INE613A01020,1,2,2010-06-08,B
1361,INE420C01059,3,1,2010-05-18,B
1362,INE110D01013,1,10,2010-05-06,B
1363,INE510A01028,2,1,2010-05-06,B
1364,INE522D01027,1,1,2010-05-03,B
1365,INE312B01027,3,1,2010-04-12,B
1366,INE172A01027,1,1,2010-04-09,B
1367,INE010B01027,1,2,2010-04-05,B
1368,INE205C01021,1,1,2010-03-26,B
1369,INE507F01023,23,2,2010-03-23,B
1370,INE662C01015,5,2,2010-03-22,B
1371,INE807A01010,2,1,2010-03-18,B
1372,INE875A01025,1,1,2010-03-18,B
1373,INE399C01030,1,1,2010-03-18,B
1374,INE551A01022,1,1,2010-03-15,B
1375,INE318A01026,1,1,2010-03-15,B
1376,INE087H01022,1,1,2010-03-15,B
1377,INE995D01025,1,1,2010-03-10,B
1378,INE089C01029,1,1,2010-03-09,B
1379,INE067A01029,3,4,2010-03-08,B
1380,INE512B01022,1,1,2010-02-26,B
1381,INE206I01026,3,1,2010-02-08,B
1382,INE460D01038,1,2,2010-02-08,B
1383,INE764D01017,1,2,2010-02-08,B
1384,INE997D01021,2,1,2010-01-28,B
1385,INE559B01023,1,1,2010-01-22,B
1386,INE855C01023,1,1,2009-12-29,B
1387,INE195E01020,1,1,2009-12-23,B
1388,INE529F01035,2,1,2009-12-21,B
1389,INE455F01025,1,2,2009-12-17,B
1390,INE135H01029,1,1,2009-12-17,B
1391,INE989C01038,1,3,2009-12-16,B
1392,INE575C01027,1,1,2009-12-10,B
1393,INE423A01024,1,1,2009-12-10,B
1394,INE808A01018,1,1,2009-12-07,B
1395,INE002A01018,1,1,2009-11-26,B
1396,INE242A01010,1,1,2009-10-29,B
1397,INE537F01012,1,1,2009-10-14,B
1398,INE409B01013,1,1,2009-10-14,B
1399,INE105A01035,1,1,2009-10-09,B
1400,INE490J01032,3,1,2009-10-07,B
1401,INE091E01039,1,2,2009-09-16,B
1402,INE614A01028,1,1,2009-09-14,B
1403,INE749A01030,5,1,2009-09-14,B
1404,INE074J01018,20,1,2009-09-14,B
1405,INE060A01024,3,2,2009-09-08,B
1406,INE695B01025,2,1,2009-09-04,B
1407,INE133E01013,2,1,2009-09-02,B
1408,INE064H01021,1,4,2009-08-25,B
1409,INE879E01037,2,1,2009-08-20,B
1410,INE569C01020,1,1,2009-08-12,B
1411,INE910G01027,7,2,2009-08-05,B
1412,INE758A01072,4,1,2009-08-03,B
1413,INE391D01019,1,1,2009-07-31,B
1414,INE361B01024,1,1,2009-07-30,B
1415,INE330E01023,1,2,2009-07-02,B
1416,INE920A01037,1,3,2009-06-29,B
1417,INE467B01029,1,1,2009-06-16,B
1418,INE603J01030,1,1,2009-05-13,B
1419,INE064H01021,1,5,2009-01-07,B
1420,INE453B01029,1,1,2008-12-24,B
1421,INE826C01016,1,2,2008-12-19,B
1422,INE274F01020,79,1,2008-12-15,B
1423,INE460D01038,1,1,2008-12-05,B
1424,INE485D01043,1,1,2008-12-05,B
1425,INE255E01030,14,10,2008-11-14,B
1426,INE802A01037,2,5,2008-11-10,B
1427,INE623B01027,1,10,2008-11-05,B
1428,INE158G01015,1,1,2008-11-03,B
1429,INE808B01016,7,10,2008-11-03,B
1430,INE628A01036,1,1,2008-10-29,B
1431,INE109A01011,1,2,2008-10-29,B
1432,INE110D01013,2,5,2008-10-17,B
1433,INE683A01023,1,4,2008-10-16,B
1434,INE131A01031,1,1,2008-10-16,B
1435,INE885A01032,1,2,2008-10-14,B
1436,INE835D01023,1,1,2008-10-06,B
1437,INE129A01019,1,2,2008-10-06,B
1438,INE331A01037,1,1,2008-10-01,B
1439,INE018A01030,1,1,2008-10-01,B
1440,INE350Z01018,1,1,2008-09-29,B
1441,INE416D01022,3,5,2008-09-26,B
1442,INE890C01046,1,1,2008-09-26,B
1443,INE210C01013,1,2,2008-09-26,B
1444,INE227C01017,1,1,2008-09-26,B
1445,INE919C01019,1,2,2008-09-25,B
1446,INE344D01018,1,1,2008-09-19,B
1447,INE376G01013,1,1,2008-09-11,B
1448,INE780C01023,3,2,2008-09-08,B
1449,INE660A01013,1,1,2008-08-22,B
1450,INE191I01012,2,7,2008-08-21,B
1451,INE403F01017,1,1,2008-08-14,B
1452,INE205A01025,1,1,2008-08-08,B
1453,INE050B01023,1,2,2008-07-28,B
1454,INE879E01037,1,1,2008-07-25,B
1455,INE614G01033,3,5,2008-05-30,B
1456,INE584A01023,2,1,2008-05-21,B
1457,INE255E01030,9,5,2008-05-16,B
1458,INE894A01026,3,5,2008-05-15,B
1459,INE895A01023,1,3,2008-05-15,B
1460,INE111A01025,1,1,2008-04-16,B
1461,INE828I01019,5,1,2008-04-02,B
1462,INE655A01013,1,1,2008-03-19,B
1463,INE606B01022,3,8,2008-03-17,B
1464,INE003A01024,1,1,2008-02-29,B
1465,INE272G01014,3,1,2008-02-28,B
1466,INE711A01022,1,1,2008-02-25,B
1467,INE365D01021,5,2,2008-02-21,B
1468,INE646D01024,1,1,2008-02-06,B
1469,INE343B01030,2,1,2008-01-29,B
1470,INE293A01013,1,1,2008-01-24,B
1471,INE086E01021,2,1,2008-01-24,B
1472,INE364D01032,1,1,2008-01-10,B
1473,INE855A01019,1,2,2008-01-03,B
1474,INE795D01011,1,1,2008-01-03,B
1475,INE856A01017,1,2,2008-01-03,B
1476,INE138C01024,1,2,2007-12-31,B
1477,INE822D01021,2,5,2007-12-19,B
1478,INE981D01025,1,1,2007-12-05,B
1479,INE410B01037,1,2,2007-11-22,B
1480,INE663D01011,3,1,2007-11-15,B
1481,INE939D01015,1,1,2007-11-15,B
1482,INE135H01029,1,2,2007-11-05,B
1483,INE904D01019,1,1,2007-11-02,B
1484,INE802A01037,2,5,2007-11-02,B
1485,INE966A01022,1,1,2007-10-29,B
1486,INE250A01039,1,1,2007-10-25,B
1487,INE808B01016,1,2,2007-10-25,B
1488,INE927D01051,1,2,2007-10-24,B
1489,INE348A01023,1,1,2007-10-18,B
1490,INE202H01019,1,10,2007-10-16,B
1491,INE182D01020,2,1,2007-10-12,B
1492,INE205B01031,2,1,2007-10-10,B
1493,INE070D01027,1,1,2007-10-05,B
1494,INE001F01019,3,2,2007-09-28,B
1495,INE617B01011,1,1,2007-09-28,B
1496,INE713C01016,2,1,2007-09-14,B
1497,INE091E01039,1,1,2007-09-03,B
1498,INE217G01035,1,1,2007-08-31,B
1499,INE213C01025,1,1,2007-08-30,B
1500,INE591G01025,1,2,2007-08-30,B
1501,INE775A01035,1,2,2007-08-30,B
1502,INE694A01020,1,1,2007-08-30,B
1503,INE193E01025,1,1,2007-08-28,B
1504,INE748C01020,1,1,2007-08-27,B
1505,INE748C01020,1,1,2007-08-27,B
1506,INE161A01038,1,2,2007-08-24,B
1507,INE919C01019,1,1,2007-08-22,B
1508,INE190E01021,5,1,2007-08-17,B
1509,INE096B01018,1,1,2007-08-03,B
1510,INE079J01017,1,4,2007-08-02,B
1511,INE424H01027,1,1,2007-07-23,B
1512,INE074A01025,1,1,2007-07-18,B
1513,INE739A01015,1,2,2007-07-17,B
1514,INE878C01033,1,1,2007-07-17,B
1515,INE415D01024,1,1,2007-06-28,B
1516,INE257A01026,1,1,2007-05-31,B
1517,INE702C01027,1,1,2007-05-24,B
1518,INE235C01036,1,10,2007-04-26,B
1519,INE299C01024,1,1,2007-04-24,B
1520,INE436A01026,1,1,2007-04-23,B
1521,INE112D01035,1,4,2007-04-23,B
1522,INE605F01017,1,1,2007-04-19,B
1523,INE688D01026,3,1,2007-04-09,B
1524,INE946H01037,1,1,2007-03-30,B
1525,INE495B01038,1,1,2007-03-23,B
1526,INE826C01016,1,2,2007-03-22,B
1527,INE146F01020,2,1,2007-03-15,B
1528,INE860A01027,1,1,2007-03-15,B
1529,INE522D01027,1,1,2007-03-14,B
1530,INE964B01033,1,1,2007-03-08,B
1531,INE050E01027,1,1,2007-03-05,B
1532,INE314H01012,10,1,2007-02-27,B
1533,INE063E01053,1,10,2007-02-21,B
1534,INE188C01011,21,10,2007-02-01,B
1535,INE402H01015,2,1,2007-02-01,B
1536,INE016A01026,1,2,2007-01-25,B
1537,INE719A01017,1,3,2007-01-18,B
1538,INE875G01048,1,1,2007-01-18,B
1539,INE035D01020,2,3,2007-01-17,B
1540,INE607D01018,5,4,2007-01-15,B
1541,INE372A01015,1,3,2007-01-11,B
1542,INE920A01037,3,5,2007-01-11,B
1543,INE135H01029,1,2,2007-01-08,B
1544,INE957D01017,2,1,2007-01-05,B
1545,INE387A01021,1,1,2007-01-04,B
1546,INE836A01035,1,1,2007-01-04,B
1547,INE550F01049,1,1,2006-12-28,B
1548,INE067A01029,2,5,2006-12-14,B
1549,INE856A01017,1,1,2006-12-14,B
1550,INE214F01026,1,1,2006-12-09,B
1551,INE551A01022,1,5,2006-11-23,B
1552,INE482B01010,1,4,2006-11-23,B
1553,INE968D01022,3,2,2006-11-20,B
1554,INE694C01018,1,2,2006-11-17,B
1555,INE097E01028,19,5,2006-11-14,B
1556,INE195A01028,1,1,2006-11-13,B
1557,INE450E01029,1,1,2006-11-08,B
1558,INE272E01027,5,3,2006-11-03,B
1559,INE199G01027,1,5,2006-11-02,B
1560,INE808B01016,1,1,2006-10-30,B
1561,INE213A01029,1,2,2006-10-27,B
1562,INE076B01028,1,2,2006-10-19,B
1563,INE488D01021,1,1,2006-10-12,B
1564,INE463A01038,3,5,2006-10-12,B
1565,INE018A01030,1,1,2006-09-28,B
1566,INE110D01013,1,1,2006-09-28,B
1567,INE895A01023,1,2,2006-09-25,B
1568,INE571B01036,1,1,2006-09-25,B
1569,INE059D01020,1,1,2006-09-25,B
1570,INE093B01015,1,1,2006-09-22,B
1571,INE868B01028,1,1,2006-09-20,B
1572,INE688E01024,1,1,2006-09-14,B
1573,INE643A01035,1,1,2006-09-14,B
1574,INE230A01023,1,2,2006-09-12,B
1575,INE974B01016,1,2,2006-09-11,B
1576,INE458B01036,1,1,2006-09-07,B
1577,INE317F01035,1,1,2006-09-04,B
1578,INE010B01027,1,1,2006-08-30,B
1579,INE089A01031,1,1,2006-08-28,B
1580,INE155E01016,3,1,2006-08-24,B
1581,INE143C01024,3,2,2006-08-21,B
1582,INE629D01020,1,2,2006-08-17,B
1583,INE326A01037,1,1,2006-08-11,B
1584,INE489G01022,1,1,2006-07-31,B
1585,INE696A01025,1,1,2006-07-28,B
1586,INE136B01020,1,2,2006-07-28,B
1587,INE467B01029,1,1,2006-07-28,B
1588,INE176B01034,1,1,2006-07-20,B
1589,INE036D01028,1,1,2006-07-19,B
1590,INE009A01021,1,1,2006-07-13,B
1591,INE865C01022,1,1,2006-07-12,B
1592,INE091E01039,15,10,2006-07-06,B
1593,INE219A01026,1,5,2006-07-06,B
1594,INE694A01020,12,1,2006-06-23,B
1595,INE050B01023,1,2,2006-06-23,B
1596,INE536A01023,1,1,2006-05-26,B
1597,INE585A01020,3,2,2006-05-26,B
1598,INE059A01026,3,2,2006-04-24,B
1599,INE220B01022,1,1,2006-04-13,B
1600,INE785A01026,1,1,2006-04-13,B
1601,INE182D01020,4,1,2006-04-05,B
1602,INE759A01021,1,1,2006-03-27,B
1603,INE924D01017,1,1,2006-03-21,B
1604,INE164H01011,1,5,2006-03-20,B
1605,INE787A01022,1,1,2006-03-17,B
1606,INE685A01028,1,1,2006-02-20,B
1607,INE450G01024,3,4,2006-02-16,B
1608,INE640C01011,1,1,2006-02-13,B
1609,INE934B01028,3,2,2006-02-02,B
1610,INE668D01028,1,1,2006-01-27,B
1611,INE016A01026,1,1,2006-01-19,B
1612,INE460C01014,2,1,2006-01-19,B
1613,INE040F01033,2,1,2006-01-13,B
1614,INE754A01055,1,1,2006-01-05,B
1615,INE256C01024,3,2,2005-12-13,B
1616,INE211B01039,4,1,2005-12-09,B
1617,INE963C01033,3,2,2005-11-24,B
1618,INE559D01011,1,2,2005-11-14,B
1619,INE356A01018,1,1,2005-11-11,B
1620,INE334A01023,1,1,2005-11-10,B
1621,INE234B01023,1,1,2005-11-02,B
1622,INE132C01027,1,2,2005-10-28,B
1623,INE247D01039,3,1,2005-10-28,B
1624,INE285K01026,4,5,2005-10-27,B
1625,INE077C01024,1,1,2005-10-26,B
1626,INE206B01013,1,1,2005-10-24,B
1627,INE670B01028,1,1,2005-10-24,B
1628,INE586G01017,3,5,2005-10-20,B
1629,INE732A01036,2,1,2005-10-17,B
1630,INE049A01027,1,1,2005-10-14,B
1631,INE156C01018,1,2,2005-10-14,B
1632,INE890C01046,1,4,2005-10-13,B
1633,INE557B01019,1,1,2005-10-13,B
1634,INE405A01021,3,5,2005-10-10,B
1635,INE713B01026,1,1,2005-10-10,B
1636,INE499A01024,1,1,2005-10-07,B
1637,INE386C01029,1,1,2005-10-07,B
1638,INE818D01011,1,5,2005-10-05,B
1639,INE416D01022,2,5,2005-09-28,B
1640,INE425A01011,2,1,2005-09-22,B
1641,INE154A01025,1,2,2005-09-21,B
1642,INE266D01021,1,4,2005-09-20,B
1643,INE191A01027,1,2,2005-09-15,B
1644,INE825A01020,1,2,2005-09-15,B
1645,INE835D01023,1,2,2005-09-13,B
1646,INE101A01026,1,1,2005-09-01,B
1647,INE439A01020,1,1,2005-09-01,B
1648,INE116C01012,1,1,2005-08-30,B
1649,INE323C01030,2,3,2005-08-29,B
1650,INE237A01028,3,2,2005-08-25,B
1651,INE025B01025,1,1,2005-08-25,B
1652,INE012E01035,3,2,2005-08-24,B
1653,INE075A01022,1,1,2005-08-22,B
1654,INE672A01026,1,2,2005-08-22,B
1655,INE787D01026,1,2,2005-08-19,B
1656,INE074A01025,1,1,2005-08-17,B
1657,INE808B01016,1,2,2005-08-16,B
1658,INE277A01016,2,1,2005-08-12,B
1659,INE176B01034,1,1,2005-08-04,B
1660,INE826C01016,1,1,2005-08-03,B
1661,INE091E01039,9,1,2005-07-29,B
1662,INE895A01023,3,5,2005-07-18,B
1663,INE219A01026,2,1,2005-07-14,B
1664,INE071E01023,3,5,2005-06-29,B
1665,INE120A01034,1,1,2005-06-23,B
1666,INE079A01024,1,2,2005-06-20,B
1667,INE053D01015,1,2,2005-04-28,B
1668,INE256G01033,2,1,2005-04-25,B
1669,INE413B01023,3,1,2005-04-21,B
1670,INE436A01026,1,2,2005-03-30,B
1671,INE007B01023,1,1,2005-03-29,B
1672,INE127B01011,1,1,2005-03-16,B
1673,INE386D01027,1,1,2005-03-15,B
1674,INE235C01036,1,2,2005-03-14,B
1675,INE935A01035,1,1,2005-03-04,B
1676,INE775A01035,1,2,2005-02-24,B
1677,INE415B01036,1,2,2005-02-22,B
1678,INE205A01025,1,1,2005-02-16,B
1679,INE227C01017,1,1,2005-02-16,B
1680,INE110D01013,1,1,2005-02-09,B
1681,INE769A01020,2,1,2005-02-09,B
1682,INE571A01038,1,1,2005-01-28,B
1683,INE832D01020,1,2,2005-01-10,B
1684,INE415A01038,2,3,2005-01-05,B
1685,INE187D01029,5,2,2004-12-29,B
1686,INE919C01019,1,1,2004-12-13,B
1687,INE171A01029,2,1,2004-11-29,B
1688,INE285K01026,1,1,2004-11-22,B
1689,INE210C01013,1,2,2004-10-28,B
1690,INE204D01022,8,10,2004-10-27,B
1691,INE139B01016,1,1,2004-10-25,B
1692,INE244B01030,1,1,2004-10-25,B
1693,INE719A01017,1,2,2004-10-21,B
1694,INE668D01028,1,1,2004-10-20,B
1695,INE808B01016,3,10,2004-10-20,B
1696,INE088G01014,1,1,2004-10-19,B
1697,INE091E01039,31,10,2004-10-14,B
1698,INE287B01021,1,1,2004-09-23,B
1699,INE277B01014,1,1,2004-09-22,B
1700,INE569C01020,1,1,2004-09-14,B
1701,INE149A01033,1,1,2004-08-31,B
1702,INE155E01016,1,1,2004-08-27,B
1703,INE237A01028,1,1,2004-08-25,B
1704,INE669A01022,1,1,2004-08-19,B
1705,INE747B01016,1,4,2004-08-17,B
1706,INE531A01024,2,3,2004-08-13,B
1707,INE081A01020,1,2,2004-08-11,B
1708,INE096B01018,1,1,2004-08-06,B
1709,INE631A01022,1,1,2004-07-27,B
1710,INE048B01035,3,1,2004-07-20,B
1711,INE825D01016,1,1,2004-07-14,B
1712,INE134R01013,4,3,2004-07-08,B
1713,INE726V01018,1,2,2004-07-07,B
1714,INE009A01021,3,1,2004-07-01,B
1715,INE075A01022,2,1,2004-06-25,B
1716,INE395A01016,4,5,2004-06-09,B
1717,INE995A01013,1,2,2004-05-28,B
1718,INE044A01036,1,1,2004-05-27,B
1719,INE356A01018,1,1,2004-05-26,B
1720,INE196A01026,1,1,2004-05-06,B
1721,INE258B01022,1,1,2004-04-29,B
1722,INE049B01025,1,2,2004-04-28,B
1723,INE110D01013,1,2,2004-04-20,B
1724,INE541C01037,1,1,2004-04-07,B
1725,INE548C01032,1,1,2004-03-26,B
1726,INE426A01027,2,1,2004-03-25,B
1727,INE463A01038,1,2,2004-03-24,B
1728,INE351A01035,1,1,2004-03-16,B
1729,INE399C01030,1,1,2004-03-16,B
1730,INE700A01033,3,5,2004-03-12,B
1731,INE772B01014,2,5,2004-03-10,B
1732,INE445C01015,3,10,2004-02-26,B
1733,INE787D01026,1,1,2004-01-09,B
1734,INE244J01017,1,1,2004-01-08,B
1735,INE742C01031,1,1,2004-01-01,B
1736,INE986A01012,2,1,2003-12-12,B
1737,INE179A01014,1,2,2003-12-10,B
1738,INE337A01034,1,1,2003-12-09,B
1739,INE739A01015,1,1,2003-11-27,B
1740,INE808B01016,1,5,2003-11-10,B
1741,INE493B01017,1,1,2003-10-16,B
1742,INE475B01022,1,2,2003-09-29,B
1743,INE881D01027,1,1,2003-09-05,B
1744,INE274C01019,1,1,2003-09-04,B
1745,INE266D01021,1,2,2003-09-04,B
1746,INE021A01026,1,2,2003-08-22,B
1747,INE302A01020,1,1,2003-07-03,B
1748,INE356A01018,1,1,2003-07-02,B
1749,INE110D01013,1,2,2003-05-29,B
1750,INE757A01017,1,1,2003-03-20,B
1751,INE417B01040,1,1,2003-02-20,B
1752,INE507F01023,9,1,2003-02-04,B
1753,INE808B01016,1,10,2003-01-14,B
1754,INE092B01025,7,10,2002-12-12,B
1755,INE130C01021,1,1,2002-12-04,B
1756,INE888C01040,2,5,2002-12-03,B
1757,INE541A01023,1,2,2002-12-02,B
1758,INE884A01027,1,1,2002-11-28,B
1759,INE266D01021,1,1,2002-11-08,B
1760,INE190E01021,1,2,2002-11-07,B
1761,INE082B01018,1,1,2002-10-25,B
1762,INE614B01018,1,1,2002-10-25,B
1763,INE036D01028,1,1,2002-10-21,B
1764,INE202A01022,1,10,2002-09-25,B
1765,INE890C01046,1,5,2002-09-18,B
1766,INE910D01024,5,1,2002-09-17,B
1767,INE025B01025,1,1,2002-08-29,B
1768,INE136B01020,1,1,2002-08-21,B
1769,INE196A01026,1,1,2002-08-14,B
1770,INE090B01011,5,1,2002-08-13,B
1771,INE541C01037,1,1,2002-07-02,B
1772,INE657B01025,2,5,2002-04-01,B
1773,INE209B01025,1,1,2002-03-13,B
1774,INE058D01030,1,1,2001-12-24,B
1775,INE229A01017,3,2,2001-11-19,B
1776,INE244B01030,1,2,2001-11-12,B
1777,INE910B01028,2,1,2001-10-15,B
1778,INE398A01010,1,3,2001-10-08,B
1779,INE408B01015,1,2,2001-09-25,B
1780,INE074B01023,2,5,2001-09-17,B
1781,INE096B01018,1,2,2001-09-17,B
1782,INE669A01022,1,2,2001-08-27,B
1783,INE439A01020,1,1,2001-08-21,B
1784,INE130B01031,3,2,2001-08-13,B
1785,INE233B01017,1,1,2001-08-13,B
1786,INE763A01023,1,2,2001-07-04,B
1787,INE200D01020,2,1,2001-06-18,B
1788,INE266D01021,1,1,2001-04-27,B
1789,INE660C01027,2,1,2001-03-27,B
1790,INE008A01015,3,5,2001-02-12,B
1791,INE007B01023,1,1,2001-02-12,B
1792,INE131B01039,1,1,2001-02-09,B
1793,INE058D01030,1,5,2001-01-24,B
1794,INE255A01020,3,5,2000-12-26,B
1795,INE029A01011,1,1,2000-12-18,B
1796,INE775A01035,1,2,2000-11-13,B
1797,INE742B01025,5,2,2000-10-30,B
1798,INE127B01011,1,1,2000-10-30,B
1799,INE151A01013,2,1,2000-10-26,B
1800,INE152B01027,1,2,2000-09-25,B
1801,INE717A01029,1,1,2000-09-18,B
1802,INE086A01029,1,1,2000-09-13,B
1803,INE607D01018,1,1,2000-09-04,B
1804,INE475B01022,1,1,2000-08-23,B
1805,INE285A01027,1,1,2000-07-31,B
1806,INE021A01026,3,5,2000-07-31,B
1807,INE182A01018,1,1,2000-06-12,B
1808,INE318A01026,1,1,2000-06-05,B
1809,INE332A01027,2,3,2000-06-05,B
1810,INE709A01018,2,1,2000-05-11,B
1811,INE180A01020,1,1,2000-05-08,B
1812,INE966A01022,1,1,2000-05-02,B
1813,INE093A01041,1,1,2000-05-02,B
1814,INE060A01024,1,1,2000-04-26,B
1815,INE351A01035,1,1,2000-04-03,B
1816,INE060B01014,1,1,2000-04-03,B
1817,INE395A01016,1,1,2000-04-03,B
1818,INE992B01026,1,1,2000-03-27,B
1819,INE696C01021,5,1,2000-03-22,B
1820,INE406A01037,1,1,2000-03-07,B
1821,INE044A01036,2,1,2000-03-06,B
1822,INE771A01026,1,1,2000-02-28,B
1823,INE214A01019,5,4,2000-02-25,B
1824,INE890A01024,1,2,2000-02-07,B
1825,INE079A01024,1,1,1999-12-20,B
1826,INE759A01021,1,1,1999-11-29,B
1827,INE875A01025,1,1,1999-11-29,B
1828,INE213C01025,1,1,1999-11-25,B
1829,INE761A01019,2,5,1999-11-15,B
1830,INE510A01028,2,1,1999-11-09,B
1831,INE423A01024,1,1,1999-11-01,B
1832,INE059A01026,4,1,1999-10-18,B
1833,INE094A01015,1,2,1999-10-11,B
1834,INE216A01030,1,2,1999-09-27,B
1835,INE489G01022,1,1,1999-09-23,B
1836,INE242A01010,1,1,1999-09-20,B
1837,INE049A01027,1,1,1999-09-06,B
1838,INE731A01020,1,1,1999-08-24,B
1839,INE202A01022,1,1,1999-08-16,B
1840,INE235A01022,1,1,1999-08-02,B
1841,INE917B01023,1,7,1999-07-15,B
1842,INE668D01028,1,1,1999-07-06,B
1843,INE172A01027,1,1,1999-05-17,B
1844,INE362A01016,1,1,1999-03-22,B
1845,INE161A01038,1,2,1999-02-27,B
1846,INE009A01021,1,1,1999-02-08,B
1847,INE966A01022,1,1,1998-11-24,B
1848,INE155E01016,1,1,1998-11-13,B
1849,INE598D01035,2,5,1998-11-09,B
1850,INE406A01037,1,1,1998-10-26,B
1851,INE819L01012,1,2,1998-10-26,B
1852,INE764D01017,1,2,1998-10-26,B
1853,INE463A01038,1,1,1998-10-19,B
1854,INE567A01028,1,1,1998-10-05,B
1855,INE572A01036,1,1,1998-10-05,B
1856,INE948A01012,1,1,1998-09-28,B
1857,INE577A01027,1,1,1998-09-28,B
1858,INE373A01013,1,2,1998-09-21,B
1859,INE999B01013,1,2,1998-09-16,B
1860,INE358A01014,1,1,1998-08-17,B
1861,INE364A01020,1,1,1998-08-17,B
1862,INE158A01026,1,1,1998-08-10,B
1863,INE832D01020,1,1,1998-07-27,B
1864,INE709A01018,1,1,1998-06-22,B
1865,INE093A01041,1,1,1998-06-15,B
1866,INE803A01027,3,2,1998-04-15,B
1867,INE636A01039,1,5,1998-04-06,B
1868,INE071E01023,1,5,1998-03-16,B
1869,INE655B01011,1,10,1998-03-10,B
1870,INE617A01013,1,1,1998-02-09,B
1871,INE186B01017,3,5,1998-01-13,B
1872,INE359D01024,1,1,1997-12-26,B
1873,INE155B01012,1,1,1997-12-22,B
1874,INE775A01035,1,2,1997-12-01,B
1875,INE179A01014,1,2,1997-11-17,B
1876,INE439A01020,1,1,1997-10-27,B
1877,INE613B01010,1,1,1997-10-27,B
1878,INE150B01039,1,1,1997-10-27,B
1879,INE002A01018,1,1,1997-10-27,B
1880,INE895A01023,1,2,1997-10-21,B
1881,INE688E01024,1,1,1997-10-21,B
1882,INE075A01022,2,1,1997-10-20,B
1883,INE269B01029,1,1,1997-10-20,B
1884,INE426D01013,1,1,1997-10-20,B
1885,INE080B01012,2,5,1997-10-20,B
1886,INE193E01025,1,2,1997-10-14,B
1887,INE669A01022,1,2,1997-09-30,B
1888,INE540A01017,1,4,1997-09-30,B
1889,INE265B01019,1,1,1997-09-29,B
1890,INE719A01017,1,5,1997-09-29,B
1891,INE118A01012,1,2,1997-09-15,B
1892,INE288A01013,1,1,1997-09-15,B
1893,INE055A01016,1,1,1997-09-01,B
1894,INE009A01021,1,1,1997-08-19,B
1895,INE332A01027,2,3,1997-08-04,B
1896,INE264A01014,3,5,1997-06-23,B
1897,INE771A01026,1,1,1997-01-06,B
1898,INE732A01036,1,2,1996-12-23,B
1899,INE117A01022,1,3,1996-12-16,B
1900,INE363A01022,2,5,1996-12-16,B
1901,INE105A01035,1,1,1996-12-16,B
1902,INE425E01013,1,2,1996-12-09,B
1903,INE569C01020,1,1,1996-12-02,B
1904,INE750A01020,1,2,1996-11-25,B
1905,INE277A01016,1,1,1996-11-18,B
1906,INE886A01014,1,1,1996-11-18,B
1907,INE274C01019,1,1,1996-11-14,B
1908,INE043C01018,1,2,1996-11-10,B
1909,INE230A01023,1,2,1996-11-04,B
1910,INE498D01012,3,2,1996-11-04,B
1911,INE479A01018,2,5,1996-11-04,B
1912,INE849A01020,1,1,1996-10-22,B
1913,INE598D01035,2,5,1996-10-14,B
1914,INE301A01014,1,2,1996-10-07,B
1915,INE423A01024,1,1,1996-10-07,B
1916,INE318A01026,1,1,1996-10-07,B
1917,INE045A01017,1,2,1996-10-07,B
1918,INE766A01018,1,2,1996-09-30,B
1919,INE572G01025,3,1,1996-09-24,B
1920,INE488A01050,2,3,1996-09-23,B
1921,INE927A01040,1,1,1996-09-10,B
1922,INE376A01032,1,1,1996-09-09,B
1923,INE038A01020,1,2,1996-09-02,B
1924,INE536A01023,1,1,1996-09-02,B
1925,INE222J01013,1,1,1996-08-19,B
1926,INE717A01029,1,1,1996-08-05,B
1927,INE239A01024,1,2,1996-07-15,B
1928,INE197D01010,1,1,1996-07-08,B
1929,INE060A01024,1,2,1996-06-24,B
1930,INE012A01025,3,5,1996-06-10,B
1931,INE767A01016,1,2,1996-05-13,B
1932,INE119A01028,3,2,1996-04-30,B
1933,INE578C01021,3,5,1996-03-18,B
1934,INE075B01012,1,1,1996-03-04,B
1935,INE614R01014,1,10,1996-03-04,B
1936,INE999A01023,1,1,1996-02-19,B
1937,INE659A01023,1,2,1996-02-05,B
1938,INE340F01011,1,1,1996-01-22,B
1939,INE383A01012,1,1,1996-01-22,B
1940,INE575C01027,1,1,1996-01-22,B
1941,INE529A01010,1,2,1996-01-02,B
1942,INE450A01019,1,2,1996-01-01,B
1943,INE101A01026,2,3,1995-12-20,B
1944,INE888C01040,1,2,1995-12-04,B
1945,INE464A01036,1,1,1995-12-04,B
1946,INE405A01021,1,1,1995-11-17,B
1947,INE203A01020,1,1,1995-11-14,B
1948,INE158B01016,1,2,1995-11-14,B
1949,INE529F01035,5,2,1995-11-13,B
1950,INE696C01021,3,5,1995-11-09,B
1951,INE021A01026,1,1,1995-11-08,B
1952,INE369A01029,1,2,1995-10-26,B
1953,INE731D01024,1,1,1995-10-26,B
1954,INE835D01023,1,1,1995-10-23,B
1955,INE149A01033,1,3,1995-10-23,B
1956,INE348A01023,1,1,1995-10-23,B
1957,INE966A01022,9,1,1995-10-06,B
1958,INE155A01022,3,5,1995-10-04,B
1959,INE163A01018,1,1,1995-10-04,B
1960,INE092A01019,3,5,1995-10-04,B
1961,INE387A01021,1,1,1995-09-25,B
1962,INE139B01016,1,5,1995-09-11,B
1963,INE017I01027,1,1,1995-09-11,B
1964,INE472A01039,1,1,1995-09-11,B
1965,INE393A01011,1,2,1995-09-11,B
1966,INE295A01018,1,2,1995-09-11,B
1967,INE050A01025,1,1,1995-09-11,B
1968,INE332A01027,2,3,1995-07-31,B
1969,INE549A01026,1,1,1995-06-19,B
1970,INE221B01012,1,3,1995-06-19,B
1971,INE161A01038,1,2,1995-06-05,B
1972,INE264A01014,1,1,1995-05-31,B
1973,INE156A01020,1,2,1995-05-23,B
1974,INE236A01020,1,2,1995-05-05,B
1975,INE172A01027,3,5,1995-05-05,B
1976,INE425A01011,1,1,1995-04-21,B
1977,INE940N01012,1,2,1995-04-07,B
1978,INE075A01022,1,1,1995-04-03,B
1979,INE567A01028,1,1,1995-03-02,B
1980,INE489G01022,3,1,1995-02-24,B
1981,INE606A01024,1,1,1995-02-17,B
1982,INE213C01025,1,2,1995-02-09,B
1983,INE279A01012,1,1,1995-02-03,B
1984,INE603A01013,1,2,1995-02-03,B
1985,INE302D01024,1,1,1995-02-01,B
1986,INE071A01013,2,1,1995-01-13,B
1987,INE281B01032,1,1,1995-01-13,B
1988,INE159A01016,1,1,1995-01-02,B
1989,INE938C01019,1,2,1994-12-19,B
1990,INE374C01017,1,1,1994-12-09,B
1991,INE335A01020,3,4,1994-12-09,B
1992,INE549D01012,1,2,1994-12-09,B
1993,INE583C01021,1,1,1994-12-06,B
1994,INE370A01019,1,2,1994-12-05,B
1995,INE973A01010,3,5,1994-12-02,B
1996,INE513A01022,1,2,1994-12-02,B
1997,INE255A01020,1,2,1994-11-29,B
1998,INE779A01011,1,2,1994-11-29,B
1999,INE131O01016,1,2,1994-11-29,B
2000,INE545A01024,1,1,1994-11-29,B
2001,INE741A01011,3,5,1994-11-25,B
2002,INE237A01028,1,1,1994-11-25,B
2003,INE158A01026,1,4,1994-11-23,B
2004,INE849A01020,1,2,1994-11-23,B
2005,INE638A01035,1,2,1994-11-22,B
2006,INE719A01017,1,1,1994-11-22,B
2007,INE200D01020,4,5,1994-10-31,B
2008,INE331A01037,1,1,1994-10-21,B
2009,INE769A01020,1,1,1994-10-21,B
2010,INE079A01024,1,1,1994-10-21,B
2011,INE094A01015,2,1,1994-10-21,B
2012,INE204C01024,1,1,1994-10-14,B
2013,INE029A01011,2,1,1994-10-14,B
2014,INE750A01020,1,2,1994-10-12,B
2015,INE458B01036,2,1,1994-10-11,B
2016,INE192A01025,1,2,1994-10-07,B
2017,INE531A01024,1,2,1994-10-04,B
2018,INE285C01015,2,5,1994-10-04,B
2019,INE197A01024,1,2,1994-09-28,B
2020,INE825A01020,1,1,1994-09-27,B
2021,INE298A01020,1,2,1994-09-23,B
2022,INE058A01010,1,1,1994-09-23,B
2023,INE686A01026,1,1,1994-09-23,B
2024,INE701A01023,2,1,1994-09-13,B
2025,INE154A01025,1,1,1994-09-12,B
2026,INE672A01026,1,2,1994-09-06,B
2027,INE276A01018,1,1,1994-09-02,B
2028,INE819L01012,1,2,1994-09-02,B
2029,INE664A01015,1,1,1994-08-29,B
2030,INE162B01018,3,2,1994-08-24,B
2031,INE009A01021,1,1,1994-08-19,B
2032,INE437B01014,1,1,1994-08-19,B
2033,INE446A01025,1,2,1994-08-18,B
2034,INE787D01026,1,1,1994-08-16,B
2035,INE053A01029,1,1,1994-08-12,B
2036,INE574A01016,1,1,1994-08-08,B
2037,INE631A01022,1,1,1994-08-01,B
2038,INE360D01014,1,1,1994-08-01,B
2039,INE049A01027,1,2,1994-07-25,B
2040,INE351A01035,1,2,1994-07-01,B
2041,INE618A01011,1,1,1994-07-01,B
2042,INE488A01050,1,2,1994-06-13,B
2043,INE235A01022,1,1,1994-06-10,B
2044,INE118A01012,1,1,1994-06-03,B
2045,INE443A01030,2,1,1994-05-30,B
2046,INE072A01029,3,2,1994-05-20,B
2047,INE384A01010,1,1,1994-04-25,B
2048,INE082A01010,1,2,1994-04-08,B
2049,INE089A01031,2,1,1994-04-08,B
2050,INE059A01026,2,1,1994-04-04,B
2051,INE436A01026,1,2,1994-03-18,B
2052,INE611A01016,1,1,1994-03-18,B
2053,INE796G01012,1,1,1994-03-15,B
2054,INE025A01027,1,1,1994-03-15,B
2055,INE218A01028,2,5,1994-03-04,B
2056,INE172A01027,1,1,1994-02-21,B
2057,INE295A01018,1,1,1994-02-09,B
2058,INE117A01022,1,3,1994-01-14,B
2059,INE360D01014,1,1,1994-01-11,B
2060,INE012A01025,2,5,1992-10-09,B
