SBI,INE062A01020,1018.75,998.05,974.89,954.38,830.61,22.7
Titan,INE280A01028,4104.05,4064.43,3941.04,3836.52,3510.3,16.9
IDBI Bank,INE008A01015,108.2,108.13,100.83,99.25,89.7,20.6
ESAB ,INE284A01012,6169.85,6139.95,6110.5,5541.45,5123.95,20.4
P H Cap,INE160F01013,454.2,441.7,291.05,223.88,216.01,110.3
Hero Motocorp,INE158A01026,6000,5908.33,5850.34,5779.72,4685.55,28.1
Hind Zinc,INE267A01025,642.95,624.8,586.54,520.29,462.22,39.1
Ramco Cement,INE331A01037,1079.1,1064.16,1048.53,1030.3,999.81,7.9
Max Financial,INE180A01020,1739.5,1693.03,1685.83,1647.34,1434.32,21.3
Mirc Elect,INE831A01028,35.02,30.39,26.41,26.31,20.28,72.7
Vedanta,INE205A01025,621.6,612.05,576.45,531.04,461.81,34.6
Grasim Ind,INE047A01021,2861.8,2849.62,2815.17,2803.26,2689.15,6.4
Torrent Pharma,INE685A01028,3936.6,3875.02,3810.36,3718.97,3424.2,15
Transchem,INE019B01010,190.4,188.99,168.09,107.83,59.67,219.1
Hindalco Ind,INE038A01020,942.5,916.23,865.21,824.93,704.72,33.7
Ashok Leyland,INE208A01029,186.15,185.34,173,154.75,126.73,46.9
Bharat Forge,INE465A01025,1475.45,1474.68,1435.45,1377.35,1228.28,20.1
Escorts Kubota,INE042A01014,3940,3855.86,3720.89,3696.01,3439.86,14.5
L&T,INE018A01030,4133.35,4132.93,4064.51,3992.43,3614.51,14.4
M&M,INE101A01026,3784.7,3770.4,3663.13,3646.37,3214.39,17.7
Voltas,INE226A01021,1486.15,1427.96,1382.62,1381.05,1354.54,9.7
Britannia,INE216A01030,6126.35,6046.4,6005.08,5941.75,5551.14,10.4
TCI Finance,INE911B01018,32.92,29.94,19.58,14.42,13.76,139.2
Shree Digvijay,INE232A01011,91.39,91.03,90.28,90.17,82.29,11.1
Indian Hume ,INE323C01030,421,415.54,409.75,385.26,383.18,9.9
Sandur Mang,INE149K01016,258,253.99,225.4,217.14,168.69,52.9
SML Mahindra,INE294B01019,4227.75,4100.94,3814.78,3312.76,2546.95,66
Bliss GVS ,INE416D01022,181.3,165.96,160.79,158.75,147.13,23.2
Tanfac Ind,INE639B01015,4562.2,4417.1,4185.97,4043.64,3775.7,20.8
Saptak Chem,INE467X01015,33.59,32.31,27.8,19.95,8.93,276.2
Rajas Petro Syn,INE374C01017,14.09,13.12,10.94,9.98,9,56.6
IFB Agro Ind,INE076C01018,1484.85,1476.42,1338.98,1307.45,808.31,83.7
Pioneer Invest,INE746D01014,118.75,117.4,108.47,87.84,72.41,64
Graphite India,INE371A01025,671.95,655.63,577.65,571.26,523.93,28.3
Can Fin Home,INE477A01020,949.9,935.51,922.44,885.27,763.57,24.4
Team India Guar,INE289C01025,296.95,294.21,289.24,271.19,214.54,38.4
Bhagyanagar Ind,INE458B01036,178.35,166.71,145.45,134.84,96.1,85.6
Onix Solar,INE173M01012,628.95,571.86,403.38,338.95,336.86,86.7
Krishanveer For,INE013J01016,145.9,145.49,143.19,140.08,112.62,29.6
Vallabh Steels,INE457E01016,11.49,11.44,10.45,10.42,8.97,28.1
Gujarat Natural,INE207H01018,106.69,94.44,89.86,89.34,58.29,83
Hind Copper,INE531E01026,565.2,540.24,436.33,372.45,276.11,104.7
Ramgopal Polyte,INE410D01017,19.67,19.53,16.8,10.35,6.75,191.4
Magnus Steel,INE898E01011,38.55,37.08,31.89,22.85,18.43,109.2
KEI Ind,INE878B01027,4531,4509.27,4280.13,4178.54,3764.67,20.4
Ritesh Interl,INE534D01014,73.9,69.42,64.48,63.2,42,76
Ncc Blue Water,INE630N01019,29.1,28.07,24.45,24.06,20.44,42.4
Jamna Auto Ind,INE039C01032,135.65,130.95,126.49,111.08,94.88,43
Kilburn Engg,INE338F01015,585,580.04,568.13,566.2,480.95,21.6
Rama Vision,INE763B01013,139,132.82,125.69,119.65,96.9,43.5
Phaarmasia,INE486I01016,121.85,117.25,103.14,64.15,41.82,191.4
KMC Specl,INE879K01018,90.31,83.72,77.41,74.96,69.6,29.8
Titan Bio ,INE150C01011,1088.9,1081.33,1069.81,1066.41,680.09,60.1
Aurobindo Pharm,INE406A01037,1234,1206.59,1196.92,1176.29,1143.99,7.9
Stellant Sec,INE395F01023,447.45,406.86,377.4,323.07,124.14,260.4
SC Agrotech,INE895E01017,43.5,40.69,28.88,21.52,18.06,140.9
NMDC,INE584A01023,83.83,83.79,79.52,76.79,70.97,18.1
Ajwa Fun,INE863E01015,55,54.85,44.66,44.26,39.73,38.4
Adarsh Plant,INE627D01016,36.5,34.51,31.65,30.46,27.83,31.2
Seamec,INE497B01018,1098.9,1091.23,1040.43,938.03,921.31,19.3
Spice Island,INE882D01017,188.2,181.4,141.68,108.15,67.24,179.9
Heera Ispat,INE025D01013,8.7,8.51,8.27,8.16,7.7,13
Ashapura Mine,INE348A01023,894.4,887.85,813.28,722.93,522.21,71.3
India Cements,INE383A01012,457,446.6,432.7,408.05,348.54,31.1
Fortune Intern,INE501D01013,64.97,63.4,61.57,61.01,58.83,10.4
Kiran Syntex,INE293D01017,17,16.38,14.6,10.77,9.4,80.9
Lykis,INE624M01014,43,42.19,40.32,36.12,35.92,19.7
Checkpoint Tre,INE396H01019,138.75,126.2,111.16,89.56,41.73,232.5
Organic Coat,INE412E01011,27.18,26.23,24.48,23.98,17.32,56.9
Pankaj Polymers,INE698B01011,49.31,44.85,33.88,24.59,19.07,158.6
ANS Ind,INE234J01018,18.53,17.25,14.16,13.96,13.25,39.9
GRM Overseas,INE192H01012,170,166.08,160.13,151.8,115.99,46.6
Cybele Ind,INE183D01010,38.9,37.7,34.14,30.05,26.97,44.2
Shukra Bullions,INE561E01015,44.04,43.41,31.73,27.23,26.54,65.9
Bampsl Sec,INE802A01037,21.5,21.23,21.15,20.64,18.34,17.2
Mayur Leather,INE799E01011,26.88,24.45,20.83,18.63,17.94,49.8
Unjha Form,INE576D01015,25.39,25.33,24.94,24.84,24.6,3.2
Indus Fin,INE935D01013,52.69,50.34,49.39,48.61,44.6,18.1
Shree Metalloys,INE914B01012,58,56.93,42.2,39.25,39.15,48.2
Hind Aluminium,INE227B01019,147.5,130.85,82.57,70.64,68.74,114.6
Gravity ,INE995A01013,11.52,11.14,11.04,8.14,6.19,86.1
Trustedge Cap,INE398H01015,120.4,119.84,104.09,95.36,81.24,48.2
Brijlaxmi Leas,INE957E01031,14.75,14.23,14.12,10.87,9.68,52.4
BOB,INE028A01039,305.2,302.72,291.63,284.88,246.56,23.8
BOI,INE084A01016,150.65,148.16,142.57,141.07,119.09,26.5
City Union,INE491A01021,293.8,290.36,281.44,261.64,206.34,42.4
CMX Holdings,INE027F01014,67,62.47,55.98,46.43,26.9,149.1
South Ind Bank,INE683A01023,42.12,39.33,39.1,38.26,30.13,39.8
Glenmark Phar,INE935A01035,2079.5,2050.53,1998.03,1921.18,1735.93,19.8
TVS Motor,INE494B01023,3868.05,3828.67,3680.85,3584.77,2985.43,29.6
Union Bank,INE692A01016,165.65,158.44,153.19,150.26,134.99,22.7
Granules ,INE101D01020,611.5,610.1,589.74,570.24,519.98,17.6
Jindal Stainles,INE220G01021,858.9,854.26,806.41,779.27,692.98,23.9
BOM,INE457A01014,64.43,63.6,58.79,58.63,53.79,19.8
Strides Pharma,INE939A01011,984.55,929.38,907.2,893.69,789.85,24.7
IIFL Finance,INE530B01024,666,636.12,589.71,554.14,445.72,49.4
Prime Focus,INE367G01038,244.25,236.29,221.58,190.1,143.41,70.3
SMS Pharm,INE812G01025,341.9,325.73,316.98,301.08,250.01,36.8
Take Sol,INE142I01023,40.83,40.34,37.09,29.75,14.89,174.2
eClerx Services,INE738I01010,4809.9,4770.18,4621.59,4532.04,3660.28,31.4
Bajaj Auto,INE917I01010,9664.15,9509.94,9142.54,9040.33,8556.89,12.9
ZF Com Veh Cont,INE342J01019,15273,14979.17,14816.29,13717.92,12933.61,18.1
Thangamayil ,INE085J01014,3481.75,3290.1,3267.66,2928,2181.06,59.6
Coromandel Engg,INE312J01012,103.8,100.7,86.89,70.79,63,64.8
Shah Metacorp,INE482J01021,5.3,5.09,4.75,4.41,3.78,40.2
Coal India,INE522F01014,426.9,416.35,395.15,387.23,386.36,10.5
Kirloskar Oil ,INE146L01010,1246,1242.35,1218.37,1093.56,894.87,39.2
LT Finance,INE498L01015,319.35,318.56,306.39,292.87,210.01,52.1
Onelife Cap,INE912L01015,16.6,16.49,16.27,14.39,13.17,26
CDG Petchem,INE198N01017,156.7,145.78,103.26,70.18,56.37,178
CARE,INE752H01013,1718.35,1672.3,1585.97,1563.78,1496.84,14.8
Shivamshree Bus,INE857P01021,2.34,2.26,2.22,2.14,2.1,11.4
Arman Holdings,INE510P01018,106,101.2,97.4,89.98,85.27,24.3
Jeevan Scienti,INE237B01018,71.45,66.6,62.86,61.78,46.41,54
Minda Corp,INE842C01021,599,592.84,587.74,585.66,539.04,11.1
Concord Drugs,INE858L01010,88.77,84.57,82.89,77.58,51.67,71.8
Alan Scott Ent,INE273F01022,397.75,367.63,352.43,321.51,203.34,95.6
SG Finserve,INE618R01015,415,412.24,401.15,397.05,387.87,7
Kwality Pharma,INE552U01010,1175.7,1124.5,1036.1,948.95,921.51,27.6
SAB Events ,INE860T01019,9.95,9.58,8.4,7.18,6.52,52.6
Riddhi Steel,INE367U01013,283.5,265.1,233.77,157.86,129.37,119.1
ICICI Prud,INE726G01019,690,678.53,651.4,624.44,612,12.8
Osiajee Tex,INE186R01013,398,391.41,385.08,378.06,244.61,62.7
Bhakti Gems,INE986W01016,39.55,37.78,33.12,27.74,18.54,113.3
AU Small Fin,INE949L01017,1007.05,1002.82,984.99,921.74,735.55,36.9
SBI Life Ins,INE123W01016,2089.6,2062.67,2028.3,1975.97,1757.45,18.9
Prataap Snacks,INE393P01035,1199.3,1197.14,1135.75,1086.05,1067.07,12.4
Sandhar Tech,INE278H01035,577.4,566.51,555.82,544.02,469.73,22.9
Milestone Furn,INE424Z01011,30.5,30.34,29.09,21.83,11.3,169.9
Karur Vysya,INE036D01028,276,271.61,254.46,248.1,209.51,31.7
Reliable Data,INE375Y01018,164.9,156.96,153.58,146.21,99.45,65.8
Shriram Piston,INE526E01018,3325,3277.91,3157.81,2840.25,2420.81,37.4
Silver Touch,INE625X01018,1438.55,1250.1,943.55,829.84,743.81,93.4
United Nilgiri,INE458F01011,484.05,467.26,451.68,447.89,442.16,9.5
Muthoot Fin,INE414G01012,3935.1,3868.28,3803.37,3565.38,2730.21,44.1
Mayur Floorings,INE262W01012,19,18.45,17.4,15.42,14.09,34.9
Everest Org,INE334C01029,512.7,509.54,480.95,435.02,361.62,41.8
Sri Adhikari,INE416A01036,1700.5,1676.41,1618.19,1218.63,867.75,96
National Alum,INE139A01034,346.7,327.41,293.77,263.11,206.23,68.1
Bharat Heavy,INE257A01026,296.95,295.06,282.63,271.04,237.81,24.9
Tata Consumer,INE192A01025,1210.8,1186.65,1170.64,1165.41,1091.86,10.9
Swadeshi Ind,INE716M01034,156.6,155.44,151.91,118.48,52.91,196
Avanti Feeds,INE871C01038,873.5,865.08,836.7,778.22,755.96,15.6
Uno Minda,INE405E01023,1319,1309.53,1269.7,1263.81,1099.73,19.9
AIA Engg,INE212H01026,4070,4052.09,3863.34,3646.29,3371.59,20.7
Lumax Auto ,INE872H01027,1662,1630.1,1540.3,1394.69,970.96,71.2
Mudunuru,INE491C01027,18.71,18.58,16.66,13.1,8.91,110
ISL Consult,INE569B01022,29.5,29.27,28.3,27.55,26.41,11.7
Automotive Axle,INE449A01011,1989,1944.09,1864.68,1759.21,1737.81,14.5
Vaghani Techno,INE554H01021,202.55,194.82,167.61,121.18,87.51,131.5
SMT Engineering,INE673E01018,211.8,203.69,175.23,125.51,76.04,178.5
Atishay,INE011R01013,212,209.72,192.89,175.57,158.29,33.9
Narayana Hrud,INE410P01011,1936.7,1914.72,1886.42,1860.56,1752.57,10.5
RGF Cap Mkt,INE684D01025,.98,.96,.87,.74,.64,53.1
MAS Financial,INE348L01012,338.1,325.48,319.73,312.57,290,16.6
Phoenix Mills,INE211B01039,1951,1902.6,1821.44,1747.51,1612.01,21
Jayaswal Neco ,INE854B01010,90.95,89.96,79.17,75.46,51.88,75.3
Axis Bank,INE238A01034,1290.05,1277.39,1254.45,1246.4,1141.33,13
Apex Frozen,INE346W01013,306,296.73,278.91,267.79,238.33,28.4
Shublaxmi Jewel,INE01Z401013,37.1,36.96,36.49,25.09,21.03,76.4
Lupin,INE326A01037,2151.95,2110.21,2096.68,2035.12,2004.63,7.4
Viceroy Hotel,INE048C01017,140.95,140.47,136.81,130.67,116.96,20.5
JK Tyre Ind,INE573A01042,511.7,510.74,483.69,452.69,362.23,41.3
Marico,INE196A01026,779.95,763.44,742.5,730.95,700.86,11.3
Megasoft,INE933B01012,203,200.49,189.8,188.99,117.54,72.7
Maruti Suzuki,INE585B01010,17297.05,16968.31,16535.21,16194.86,13702.35,26.2
DCB Bank,INE503A01015,182.5,177.18,172.1,167.45,137.26,33
Suprajit Engg,INE399C01030,471.15,469.59,464.72,456.15,436.25,8
Infobeans Tech,INE344S01016,941.9,867.94,765.29,641.4,469.56,100.6
Madhav Copper,INE813V01022,78.71,77.44,57.88,51.17,50.86,54.8
Cholaman Invest,INE121A01024,1800,1756.11,1710.92,1702.38,1546.8,16.4
Coral Newsprint,INE715D01019,14.07,13.57,13.18,12.49,11.12,26.5
City Pulse,INE056001014,3077.1,3070.41,3040.33,3016.61,2075.24,48.3
Sharat Ind,INE220Z01013,147.5,144.71,138.48,134.89,105.97,39.2
IIFL Capital,INE489L01022,389.85,381.27,336.05,329.93,289.47,34.7
Misquita Engg,INE957W01025,117,111.67,108.2,102.45,99.22,17.9
Vaxfab Enterpri,INE560T01015,42.47,39.87,37.45,36.46,21.83,94.6
CSB Bank,INE679A01013,533.9,504.87,427.76,418.28,370.18,44.2
Ujjivan Small,INE551W01018,58.25,55.73,53.74,52.81,44.51,30.9
Laxmi Gold,INE258Y01016,310,309.22,285.79,285.27,276.96,11.9
Eicher Motors,INE066A01021,7508.95,7397.63,7246.19,7069.92,5965.98,25.9
Laurus,INE947Q01028,1114.6,1108.66,1055.59,998.28,771.8,44.4
Gujarat Ambuja ,INE036B01030,137,136.82,124.71,113.88,111.96,22.4
APL Apollo,INE702C01027,1948.05,1944.92,1831.59,1782.83,1662.17,17.2
Anupam Rasayan,INE930P01018,1350.2,1328.28,1314.05,1195.36,1004.71,34.4
Craftsman Auto,INE00LO01017,8025,7878.87,7252.53,6940.64,5841.41,37.4
Sansera Engg,INE953O01021,1927.7,1837.78,1727.46,1615.56,1358.71,41.9
Anupam Finserv,INE069B01023,2.71,2.68,2.62,2.36,2.14,26.6
Aditya Bir Sun,INE404A01024,847.55,835.76,780.35,777.97,751.51,12.8
SJS Enterprises,INE284S01014,1793,1790.41,1725.54,1670.85,1257.69,42.6
One97 Comm,INE982J01020,1332.15,1320.47,1309.11,1303.06,1027.09,29.7
Vintage Coffee,INE498Q01014,162.5,160.05,159.36,158.75,129.84,25.2
AADI Industries,INE563D01013,12.91,12.82,10.12,6.84,5.8,122.6
Ironwood Edu,INE791H01011,50.2,49.33,48.08,45.91,42.43,18.3
Modern Insulat,INE219W01012,220.15,217.2,182.49,167.82,125.13,75.9
Precision Wire,INE372C01037,253.75,247.6,238.85,234.9,182.46,39.1
Foce India,INE0I7D01019,1900,1899.6,1856.7,1776.43,1719.49,10.5
Maruti Interior,INE0JSJ01014,205,197.19,167.16,120.15,119.56,71.5
SBC Export,INE04AK01028,29.01,28.64,28.2,25.93,18.3,58.5
Rajratan Global,INE451D01029,487,474.59,457.35,433,391.31,24.5
Mother Sumi Wir,INE0FS801015,51.17,50.11,46.84,46.81,41.03,24.7
Omega Interact,INE113B01029,499.05,453.77,429.85,374.65,221.92,124.9
Aether Indus,INE0BWX01014,999.8,927.56,867.77,826.05,799.97,25
Gujarat Inje(K),INE659F01014,38.56,36.86,33.48,27.91,24.68,56.2
Rachana Infra,INE02OY01016,37.05,37,36.25,36.17,35.7,3.8
Mangalam World,INE0JYY01011,278.1,275.64,271.52,248.48,190.75,45.8
TMB,INE668A01016,556.55,529.47,513.72,496.94,450.96,23.4
Kandarp Digi,INE0MOT01016,151.15,146.75,135.64,120.01,92.67,63.1
Arfin India,INE784R01023,74.99,74.89,67.96,59.94,38.92,92.7
Arham Techno,INE0L2Y01011,153.9,151.82,149.68,134,104.41,47.4
Dharni Capital,INE0M9Q01011,60.1,59.54,58.54,55.18,54.15,11
Vaxtex Cotfab,INE098201036,2.46,2.25,2.11,1.55,1.06,132.1
SVJ Enterpris,INE0JZS01010,544,525.9,496.1,414.8,275.12,97.7
Rhetan TMT,INE0KKN01029,25.03,24.93,24.53,23.43,19.52,28.2
Bright Outdoor,INE0OMI01019,423.95,417.27,389.55,385.51,351.74,20.5
Mufin Green Fin,INE08KJ01020,123,118.38,113.76,109.14,88.95,38.3
Hardwyn India,INE626Z01029,19.22,17.64,17.39,15.98,14.37,33.8
GDL Leasi & Fin,INE545E01018,150.9,145.13,127.92,94.76,68.61,119.9
Maan Alum,INE215I01027,161.9,159.48,159.25,146.98,117.03,38.3
Khazanchi Jewel,INE0OWC01011,784.6,779.42,762.47,713.93,614.45,27.7
CPS Shapers,INE0QBU01012,1306.2,1215.89,1033.25,944.57,739.41,76.7
JB Chem,INE572A01036,1874.5,1837.74,1810.53,1764.17,1694.06,10.7
R R Kabel,INE777K01022,1535,1501.44,1460.21,1388.61,1249.14,22.9
Unihealth Hospi,INE0PRF01011,307.65,307.07,299.01,246.37,180.03,70.9
Atal Realtech,INE0ALR01029,26.09,25.97,25.22,24.4,18.59,40.3
Fedbank Fin,INE007N01010,162.8,159.05,147.41,146.1,119.15,36.6
Sheetal Univer,INE04VX01019,168.25,165.58,154.06,147.15,118.11,42.5
Accent Microcel,INE0Q5D01013,370.25,347.7,340.81,311.39,262.42,41.1
Muthoot Micro,INE046W01019,185.7,180.11,177.44,174.51,155.19,19.7
Happy Forgings,INE330T01021,1170,1164.26,1096.13,1038.21,939.98,24.5
Dolphin Offsho,INE920A01037,479.45,477.92,421.3,391.46,384.27,24.8
Rashi Periphera,INE0J1F01024,398.25,371.08,349.18,337.59,312,27.6
Soma Papers,INE737E01011,210.15,191.1,134.8,88.94,79.83,163.3
Purple Finance,INE0CYK01015,56.5,54.12,52.21,45.26,44.49,27
Visaman Global,INE0BHK01012,132,129.86,122.98,118.21,79.21,66.7
Petro Carbon,INE998U01015,214,212.65,201.68,188.64,181.64,17.8
Emcure Pharma,INE168P01015,1526.6,1443.42,1413.02,1385.69,1266.03,20.6
Rajputana Indus,INE0PCU01012,85.55,84.64,84.15,83.21,81.85,4.5
Dhariwalcorp,INE0YRN01017,361.75,360.27,340.05,286.35,183.02,97.7
Sunlite Recycl,INE0U2N01013,375.1,341.58,304.43,257.23,174.79,114.6
Indian Phosphat,INE0DHF01018,65.55,65.19,65.06,60.4,58.91,11.3
Fedders Holding,INE417D01020,56.02,54.71,54.32,52.75,51.75,8.3
Avi Ansh Tex,INE0TFB01017,117,116.5,115.36,115.32,105.53,10.9
Integrated Indu,INE882B01037,38.16,36.59,32.06,28,25.02,52.5
Pondy Oxides,INE063E01053,1518.95,1503.79,1377.69,1359.99,983.98,54.4
HEG,INE545A01024,637.55,625.25,563.05,540.9,487.02,30.9
Premium Plast,INE0M1F01011,39.6,39.09,37.38,36.42,36.24,9.3
Sai Life Scienc,INE570L01029,973.65,931.65,903.69,890.34,796.02,22.3
Carraro India,INE0V7W01012,564.3,542.31,532.33,525.52,447.82,26
Senores Pharma,INE0RB801010,842.8,840.04,809.41,786.21,637.28,32.3
Parmeshwar Meta,INE0QQJ01021,164.35,151.98,129.25,95.8,73.47,123.7
Swan Defence,INE542F01020,1772.3,1611.41,1136.32,587.44,456.18,288.5
Covance Softsol,INE0R8101016,111.61,101.57,94.48,82.75,38.92,186.8
RDB Infra Power,INE245L01028,69.42,66.73,55.6,51.06,50.77,36.7
Divine Hira Jew,INE0NA501011,247.75,238.95,205.18,162.51,96.04,158
Paradeep Pariva,INE0SMW01011,162.9,162.33,157.89,156.16,129.4,25.9
Shantai Ind,INE408F01024,19.96,18.16,15.31,14.3,13.95,43.1
Mrugesh Trad,INE738D01029,6.06,5.84,5.05,3.38,2.76,119.6
Borana Weaves,INE16SF01016,307.45,306.95,289.88,267.13,240.34,27.9
Sacheerome,INE1ARD01016,410.05,390.95,377.05,306.96,239.56,71.2
Samay Project,INE124101010,45.3,44.3,43.92,43.6,38.31,18.3
Covidh Tech,INE899M01020,18.36,17.66,15.21,10.95,7.64,140.3
Supertech EV,INE0SC101013,74.3,73.94,72.42,56.53,54.08,37.4
ANB Metal Cast,INE0VG001016,362.65,356.25,351.4,324.15,283.11,28.1
Filtron Engg,INE589N01017,99.3,95.49,82.1,58.8,44.47,123.3
Shreeji Ship,INE1B6101010,388.2,374.37,345.04,303.77,285.04,36.2
Bluegod Ent,INE924N01024,5.1,4.98,4.4,3.58,2,155
Rachit Prints,INE0ZN101029,142.2,138.06,134.19,129.63,122,16.6
Shringar House,INE1B3L01017,237.4,235.93,218.56,217.24,211.82,12.1
L.T. Elevator,INE0TJ801010,223.95,220.89,196.25,171.44,165.74,35.1
JD Cables,INE14VP01014,236.85,219.11,185.84,171.75,168.17,40.8
RM Drip & Sprin,INE219Y01026,87.6,85.4,81.1,78.95,76.14,15.1
Anand Rathi Sha,INE549H01021,647.55,643.72,619.93,604.93,588.65,10
Aptus Pharma,INE15XJ01010,198,181.51,167.22,146.25,142.35,39.1
Sigma Solve,INE0A0S01028,63,59.85,54.96,53.63,39.72,58.6
Synthiko Foils,INE363L01029,1799,1759.79,1678.19,1303.34,687.21,161.8
Piramal Finance,INE202B01038,1811.55,1712.52,1593.1,1425.74,1165.99,55.4
Nuvama Wealth,INE531F01023,1475.65,1475.19,1455.86,1452.34,1328.97,11
MCX,INE745G01043,2248.4,2217.4,2115.7,1984.84,1515.06,48.4
Amara Raja Ener,INE885A01032,919.45,922.64,925.29,958.56,992.6,-7.4
Ansal Pro,INE436A01026,3.29,3.34,3.46,3.81,4.77,-31
Aruna Hotels,INE957C01019,8.2,8.52,8.66,8.68,9.7,-15.5
Bombay Dyeing,INE032A01023,127,130.13,130.55,148.2,153.3,-17.2
Bajaj Elect,INE193E01025,471,476.1,478.96,499.39,592.46,-20.5
Balrampur Chini,INE119A01028,434.55,438.82,438.83,451.42,516.34,-15.8
Aditya Birla Re,INE055A01016,1668.5,1676.03,1683.88,1721,1935.19,-13.8
Bata India,INE176A01028,943.5,948.93,951.95,1023.43,1179.85,-20
Disa India,INE131C01011,12020,12089.71,12210.73,12902.41,13920.44,-13.7
Oriental Aroma,INE959C01023,283.2,286.28,291.46,320.11,340.85,-16.9
Dalmia Bha Sug,INE495A01022,292.25,295.55,297.25,320.18,363.48,-19.6
Arvind,INE034A01011,312.05,316.86,317.54,324.66,335.42,-7
DCW,INE500A01029,56.73,57.45,58.08,62.37,73.76,-23.1
Ester Ind,INE778B01029,99.2,101.28,104.82,108.46,121.97,-18.7
Goodricke ,INE300A01016,167.2,169.41,170.76,180.87,199.14,-16
GTN Ind,INE537A01013,20.2,20.96,21.99,23.36,26.61,-24.1
GHCL,INE539A01019,568.05,568.07,571.02,599.56,610.66,-7
IG Petro,INE204A01010,382,393.1,393.6,398.44,437.71,-12.7
Jindal Poly ,INE197D01010,478.75,480.36,485.94,526.57,622.13,-23.1
Kakatiya Cement,INE437B01014,126.05,128.1,130.38,137.77,151.84,-17
Whirlpool,INE716A01013,878.55,897.17,918.1,1123.15,1217.03,-27.8
KG Denim,INE104A01012,16.15,16.81,16.95,17.42,18.28,-11.7
Kirloskar Ind,INE250A01039,3195,3201.04,3254.7,3544.64,3684.14,-13.3
Envair Elect,INE601C01013,67.22,69.28,71.13,78.37,90.67,-25.9
Spicejet,INE285B01017,29.48,29.82,31.1,33.48,39.79,-25.9
Nahar Spg,INE290A01027,190.5,193.37,195.61,200.83,227.21,-16.2
Nirlon,INE910A01012,499.2,500.84,501.84,502.6,516.43,-3.3
Indian Sucrose,INE557C01017,72.72,74.31,76.54,82.46,94.26,-22.9
Raymond,INE301A01014,426.25,429.14,434.64,501.15,874.94,-51.3
Pix Trans,INE751B01018,1331.55,1386.27,1429.71,1446.91,1560.74,-14.7
Rajshree Sugar,INE562B01019,33.7,34.57,35.28,36.98,43.45,-22.4
Thirumalai Chem,INE338A01024,224.6,231.64,232.82,251.21,267.13,-15.9
MPIL Corp,INE844C01027,358.1,376.94,407.36,481.97,547.44,-34.6
NOCIL,INE163A01018,149,151.31,155.41,169.47,185.31,-19.6
Indl & Prud,INE620D01011,5440,5440.52,5568.28,5848.45,6048.29,-10.1
WH Brady,INE855A01019,619.65,625.05,629.64,669.15,763.57,-18.9
Global Offshore,INE446C01013,54.15,55.63,59.05,65.91,81.08,-33.2
Saurashtra Cem,INE626A01014,82.05,82.32,82.59,92.12,95.63,-14.2
Triveni Glass,INE094C01011,9.16,9.35,9.44,10.92,13.54,-32.4
Nilachal Refra,INE416N01013,34.74,36.4,39.3,40.02,42.08,-17.4
Citadel,INE906D01014,38.8,41.65,45.96,55.48,57.79,-32.9
Katare Spg,INE498G01015,96.95,103.41,105.11,116.83,156.37,-38
Marathon Next,INE182D01020,526.55,534.24,534.4,565.52,569.55,-7.6
Reliance Chemo,INE750D01016,135.25,136.45,138.33,147.48,168.04,-19.5
Simplex Real,INE167H01014,163.6,164.81,167.51,176.35,194.08,-15.7
Svaraj Trading,INE406N01014,7.47,7.67,7.9,8.32,8.73,-14.4
Veer Energy ,INE255E01030,13.2,13.4,13.72,14.93,17.31,-23.7
Elcid Invest,INE927X01018,125650,125710.13,127397.47,130656.94,135401.02,-7.2
Zensar Tech,INE520A01027,701.5,702.25,722.56,741.34,775.61,-9.6
Jyoti,INE511D01012,83,84.25,87.47,88.19,92.69,-10.5
Nelco,INE045B01015,712.85,723.34,740.51,815.1,881.67,-19.2
Delton Cables,INE872E01016,628.25,633.38,634.31,686.52,712.27,-11.8
Jainex Aamcol,INE280F01019,123.6,125.13,131.02,165.81,182.91,-32.4
Monotype ,INE811D01024,.43,.44,.46,.5,.69,-37.7
Semac Construct,INE617A01013,298,303.15,303.5,360.12,398.91,-25.3
Wendt ,INE274C01019,7749.9,7803.2,7997,8295.43,9606.25,-19.3
SNL Bear,INE568F01017,372.95,373.89,374.95,378.93,380.52,-2
Mangal Credit,INE545L01039,165.6,165.74,168.04,174.76,176.15,-6
TRF,INE391D01019,297,300.24,300.52,314.71,350.49,-15.3
Visagar Poly,INE370E01029,.6,.62,.68,.74,.84,-28.6
Styrenix Perfor,INE189B01011,1954,1993.3,2014.04,2180.05,2642.14,-26
DMCC Spe Chem,INE505A01010,248.55,253.27,257,275.91,294.18,-15.5
GOCL Corpn,INE077F01035,287.6,290.73,293.67,320.15,330.94,-13.1
Kemp Co,INE060E01018,1063.15,1110.33,1188.01,1296.95,1368.49,-22.3
Amal,INE841D01013,655,667.89,669.73,707.02,734.02,-10.8
Unichem Lab,INE351A01035,434.5,437.56,446.23,460.95,568.33,-23.6
Makers Labs,INE987A01010,113.9,116.28,117.59,124.18,143.8,-20.8
Jagatjit Ind,INE574A01016,143.5,143.92,145.6,169.66,184.64,-22.3
Rana Sugars,INE625B01014,12.24,12.34,12.7,13.53,14.68,-16.6
Piccadily Sugar,INE544C01023,40.47,40.66,41.69,45.03,51.84,-21.9
Associated Alco,INE073G01016,940,948.13,951.57,1003.71,1103.64,-14.8
Dhanuka Agri,INE435G01025,1134.1,1166.37,1191.17,1275.09,1444.87,-21.5
TTK Health,INE910C01018,1015.25,1029.53,1048.91,1108.22,1199.25,-15.3
Fiberweb ,INE296C01020,35.52,36.04,36.1,39.18,44.14,-19.5
Cosmo First,INE757A01017,677,683.4,694.19,771.03,845.55,-19.9
HB Leasing,INE549B01016,13.25,13.3,13.33,13.5,14.31,-7.4
Voltaire Leasin,INE763D01019,10.86,11.07,11.45,11.95,12.29,-11.6
Cravatex,INE145E01017,370.25,374.49,381.36,388.48,407,-9
Graviss Hosp,INE214F01026,32.09,33.18,33.99,36.43,42.47,-24.4
VST Ind,INE710A01016,252,252.98,253.12,254.47,277.42,-9.2
First Custodian,INE609B01018,83.15,84.62,85.48,87.85,111.44,-25.4
India Cem Cap,INE429D01017,14.14,14.32,14.83,15.49,15.87,-10.9
Bharat Bhushan ,INE900A01013,28.11,28.66,28.67,29.03,37.65,-25.3
Shalibhadra Fin,INE861D01011,102.5,102.85,104.12,108.22,127.21,-19.4
Abirami Fin,INE195I01013,37.04,37.8,39.67,41.5,46.69,-20.7
Kapil Cotex,INE393H01016,158.05,175.55,184.79,186.13,195.68,-19.2
Ashirwad Cap,INE894A01026,2.98,2.99,3.02,3.09,3.87,-23
Media Matrix ,INE200D01020,10,10.07,10.39,11.25,12.37,-19.2
Aravali Sec,INE068C01015,3.55,3.65,3.93,4.01,4.25,-16.5
Cressanda Rail,INE716D01033,3.11,3.13,3.28,3.64,4.59,-32.2
Apollo Finvest,INE412D01013,390,396.8,403.3,425.77,527.32,-26
Betex ,INE765L01017,225.85,242.82,282.34,402.46,426.68,-47.1
Garnet Intl,INE590B01010,47.93,50.83,59.5,84.7,115.27,-58.4
Donear Ind,INE668D01028,92.64,93.08,95.63,97.92,106.34,-12.9
Super Sales ,INE091C01017,698.9,708.58,709.15,747.09,853.43,-18.1
Zenith Exports,INE058B01018,208.05,213.22,227.1,239.06,248.3,-16.2
Kohinoor Food,INE080B01012,26.52,26.59,27.15,29.44,34.03,-22.1
Shivalik Bimeta,INE386D01027,415.7,424.8,437.75,458.5,486.82,-14.6
Amforge Ind,INE991A01020,7.39,7.61,8.11,8.65,9.13,-19.1
Jyoti Struc,INE197A01024,9.68,9.79,10.01,11.61,16.74,-42.2
Carborundum ,INE120A01034,838.15,852.88,853.88,877.44,959.26,-12.6
Shr Steel Wire,INE387D01025,24.38,24.42,25.29,26.66,30.75,-20.7
South Mag,INE308N01012,89.69,89.93,90.96,101.74,136.38,-34.2
Shilp Grav,INE960A01017,204.65,207.66,212.06,229.33,251.12,-18.5
Himatsingka Sei,INE049A01027,111.8,113.25,114.69,118.9,137.52,-18.7
Ganesha Eco,INE845D01014,821,840.13,870.85,995.89,1360.9,-39.7
Seasons Tex,INE707B01010,16.54,17.29,18.24,19.29,19.47,-15.1
Zenith Fibre,INE106C01013,56.13,57.91,59.88,63.71,70.07,-19.9
Pioneer Emb,INE156C01018,28.02,28.26,28.91,31.67,40,-30
Kamadgiri Fash,INE535C01013,82.06,83.2,88.48,92.54,96.2,-14.7
Patspin ,INE790C01014,8,8.19,8.35,8.94,10.35,-22.7
Yarn Syndicate,INE564C01013,13.25,13.4,13.82,14.67,21.47,-38.3
Sri KPR Ind,INE009C01019,22.29,22.38,23.44,24.08,26.61,-16.2
Winsome Text,INE837B01031,76.9,77.38,78.61,83.58,92.86,-17.2
Regency Cera,INE277C01012,45,45.64,46,46.5,47.37,-5
Saint-Gobain ,INE068B01017,105.6,106.31,106.42,110,111.2,-5
Arrow Greentech,INE570D01018,509.65,509.93,516.1,548.34,606.86,-16
Vindhya Tel,INE707A01012,1396.05,1405.78,1408.28,1438.44,1508.88,-7.5
Salzer ,INE457F01013,675.1,685.45,691.82,748.26,908.6,-25.7
Gujarat Poly ,INE541F01022,57.5,58.81,63.22,72,86.78,-33.7
Incap,INE437C01012,75.11,78.05,82.9,93.05,93.09,-19.3
Vintron Info,INE043B01028,13.21,13.26,13.8,15.92,22.45,-41.2
Lee & Nee Soft,INE791B01014,8.6,8.71,8.76,9.51,9.92,-13.3
Patels Air,INE082C01024,239.15,245.84,247.19,266.28,416.68,-42.6
Magna Electro,INE437D01010,875.95,879.82,886.3,951.95,1014.07,-13.6
Trigyn Tech,INE948A01012,66.8,67.17,67.5,72.11,80.59,-17.1
Suraj Prod,INE069E01019,204.95,214.5,230.37,298.49,341.61,-40
Tasty Bite,INE488B01017,7795,7840.82,7959.34,8423.56,9409.97,-17.2
Vadilal Ent,INE693D01018,9950,9962.8,9989.96,10207.77,10316.37,-3.6
Prima Agro,INE297D01018,19,19.09,20.64,21.66,22.83,-16.8
Anik Ind,INE087B01017,51.66,52.07,52.88,64.87,91.06,-43.3
Virat Crane Ind,INE295C01014,38.01,38.28,38.92,40.97,47.54,-20.1
Asian Tea,INE822B01017,9.89,10.14,10.36,10.89,12.2,-18.9
Sical Logis,INE075B01012,85.7,87.96,92.51,95.45,103.39,-17.1
Ratnamani Met,INE703B01027,2288.05,2343.87,2356.73,2382.51,2589.2,-11.6
Auto Stamp,INE900C01027,470.1,477.96,486.63,511.94,518.87,-9.4
Balurghat Tech,INE654B01014,14.47,14.9,14.98,15.94,18.82,-23.1
Sibar Auto ,INE441C01014,8.5,8.56,8.6,9,10.13,-16.1
Starlog Ent,INE580C01019,37.73,38.09,39.61,44.98,60.25,-37.4
Kakatiya Tex,INE092E01011,14.8,15.11,16,16.59,18.86,-21.5
Alok Ind,INE270A01011,15.96,16.09,16.1,16.8,17.88,-10.7
Pasari Spg,INE604F01010,7.38,7.46,7.49,7.89,8.33,-11.4
Olympia Ind,INE482O01021,32.69,33.98,34.12,34.82,39.45,-17.1
Sri Laksmi Sara,INE456D01010,31.83,32.94,33.46,35.81,38.56,-17.5
Zodiac ,INE206B01013,84.5,84.84,86.12,92.24,101.14,-16.5
Cityman,INE117C01010,11.12,11.35,12.8,14.71,16.27,-31.7
Damodar Ind,INE497D01022,29.99,30.12,30.37,32.23,34.68,-13.5
Bharat Global,INE893C01032,137.7,142.03,144.74,171.87,244.2,-43.6
Kitex,INE602G01020,171.2,178.23,187.73,198.55,217.7,-21.4
Cranex,INE608B01010,64.54,65.77,66.9,72.56,88.06,-26.7
Windsor Mach,INE052A01021,267.05,268.15,271.83,281.91,314.47,-15.1
Shanthi Gear,INE631A01022,456.75,464.07,469.63,482.27,497.85,-8.3
Solitaire Mach,INE410A01013,110.5,111.31,111.96,113.82,131.11,-15.7
Yogi Infra ,INE429B01011,7.67,7.92,8.03,9.22,11.16,-31.3
Taneja Aero,INE692C01020,289.35,297.18,297.47,327.21,358.61,-19.3
Cosmo Ferrites,INE124B01018,154.3,158.9,162.96,184.41,240.95,-36
EIH Ass,INE276C01014,353.8,356.14,357.25,367.58,373.49,-5.3
Medi-Caps,INE442D01010,31.5,32.05,32.07,35.26,41.56,-24.2
Aban Offshore,INE421A01028,18.84,19.38,24.73,33.09,42.09,-55.2
Lotus Choco,INE026D01011,774,789.6,817.53,898.72,1078.5,-28.2
Swiss Military,INE010C01025,19.39,19.63,19.74,21.23,26.2,-26
Martin Burn,INE199D01016,46.75,48.36,49.03,54.9,63.71,-26.6
Dhunseri Vent,INE477B01010,280.3,281.81,282.6,306.2,334.23,-16.1
Mitshi India,INE844D01017,13.95,14.07,14.56,14.77,15.3,-8.8
Constronic Inf,INE537B01011,55.8,60.16,62.06,63.09,69.07,-19.2
Axtel Ind,INE767C01012,422.85,437.47,439.2,462.02,464.68,-9
Patidar Build,INE637N01014,7.62,8.01,8.29,8.7,9.66,-21.1
Vinyl Chem,INE250B01029,238,239.56,241.15,257.62,281.84,-15.6
Wanbury,INE107F01022,225.8,228.82,233.13,240.84,251.17,-10.1
Jayant Agro ,INE785A01026,200,202.1,203.72,216.03,241.7,-17.3
Marksans Pharma,INE750C01026,178.9,180.8,184.27,185.47,213.43,-16.2
Syncom Form,INE312C01025,13.9,14.21,14.6,15.65,17.37,-20
SVC Ind,INE038B01010,3.11,3.17,3.24,3.59,3.84,-19
Tirupati Starch,INE314D01011,168.6,168.75,169.77,174.01,178.09,-5.3
Aksharchem,INE542B01011,238,238.89,245.06,256.28,256.56,-7.2
Hester Bio,INE782E01017,1581,1590.64,1592.2,1636.73,1782.6,-11.3
Sandu Pharma,INE751D01014,37.85,37.94,38.46,41.04,48.23,-21.5
Link Pharma,INE302F01011,30.05,31.42,31.57,33.32,35.7,-15.8
MPL Plast,INE343A01016,8.11,8.2,8.35,8.94,9.78,-17.1
Orient Press,INE609C01024,76,77.69,78.45,83.26,87.79,-13.4
Ganesh Housing,INE460C01014,799.1,802.62,807.71,819.46,981.4,-18.6
Cindrella Hotel,INE908C01012,59.8,60,62.01,63.4,64,-6.6
Patel Integ,INE529D01014,13.43,13.78,13.79,13.98,15.54,-13.6
Kkalpana Ind,INE301C01028,8.73,8.85,9.27,10.11,12.08,-27.7
Indrayani Bio,INE007C01021,10.86,11.31,12.93,13.96,16.79,-35.3
Euro Leder,INE940E01011,19,19.5,19.86,20.83,21.44,-11.4
Winsome Brew,INE391C01011,26.11,26.55,27.28,28.15,32.33,-19.2
Elegant Flori,INE152E01013,4.61,4.64,4.86,5.17,5.79,-20.4
Sky Ind,INE765B01018,88.5,89.23,90.36,91.32,98.37,-10
Country Club ,INE652F01027,15.06,15.18,15.34,16.07,16.93,-11.1
Wim Plast,INE015B01018,432.2,433.16,451.18,480.04,495.81,-12.8
Royale Manor,INE008C01011,37.25,37.67,38.24,40.24,45.86,-18.8
Thakker Devel,INE403F01017,135,139.68,140.89,150.83,170,-20.6
Elegant Marbles,INE095B01010,204.9,206.28,212.11,220.75,238.04,-13.9
Raghunath Intl,INE753B01014,11.7,11.91,12.09,12.55,13.41,-12.8
Arex Ind,INE480H01011,133.5,137.23,140.25,146.77,151.26,-11.7
Rajasthan Sec,INE184D01018,39.1,39.86,40.91,43.8,47.32,-17.4
63 Moons,INE111B01023,714.5,723.32,744.19,771.02,827.36,-13.6
Sonal Adh,INE344I01017,43.04,44.86,45.39,47.55,51.69,-16.7
Gujarat Craft,INE372D01019,115.05,117.83,118.96,127.83,144.56,-20.4
Gujarat Alkali,INE186A01019,496.5,501.3,505.01,533.82,583.67,-14.9
Lords Ishwa Hot,INE689J01013,14.01,14.24,14.95,16.56,17.76,-21.1
Antelopus Selan,INE818A01017,381.55,401.52,404.08,466.95,568.35,-32.9
Natraj Proteins,INE444D01016,31.81,31.83,33.79,37.36,40.32,-21.1
Surat Trade,INE936A01025,5.02,5.05,5.17,5.58,6.43,-21.9
Kay Power,INE961B01013,11.43,11.68,12.31,13.39,17.63,-35.2
Global Capital ,INE062C01034,.58,.59,.6,.61,.69,-15.9
Nila Infra,INE937C01029,9.35,9.5,9.67,9.82,10.65,-12.2
Epic Energy,INE932F01015,40.71,41.77,42.8,43.74,54.37,-25.1
Sumedha Fis,INE886B01012,44.44,45.01,48.42,50.51,61.48,-27.7
Ashish Poly,INE831C01016,32.5,32.82,33.01,34.71,39.26,-17.2
Siddha Vent,INE140C01012,5.41,5.48,5.53,5.89,7.3,-25.9
Sumeru Ind,INE764B01029,1.79,1.84,1.91,1.99,2.14,-16.4
Tinna Rubber,INE015C01016,755.35,774.65,791.83,869.72,951.28,-20.6
Relaxo Foot,INE131B01039,403.8,404.28,404.65,418.44,449.56,-10.2
Shilpa Medi,INE790G01031,318.4,318.61,323.09,347.87,378.85,-16
Anirit Ventures,INE161F01011,44.82,45.21,62.16,77.1,92.71,-51.7
Jagan Lamps,INE144C01014,68,68.25,68.38,70.35,75.41,-9.8
Agarwal Fortune,INE510B01018,17.4,17.81,18.55,19.78,21.21,-18
Suncity Synth,INE584D01019,12.97,13.81,14.09,14.93,16.74,-22.5
SSPDL,INE838C01011,12.07,12.64,13.48,14.95,17.74,-32
Daikaffil Chem,INE789B01018,74.5,75.02,75.3,93.6,150.19,-50.4
SI Capital Fin,INE417F01017,27.08,28.08,29.75,32.7,36.78,-26.4
ERP Soft Sys,INE308B01017,69,75.58,92.83,97.37,112.21,-38.5
Stanpacks,INE457D01018,10.54,10.95,11.3,12.84,13.48,-21.8
Raminfo,INE357B01022,69.31,71.84,74.36,81.15,84.53,-18
Diana Tea Co,INE012E01035,27.45,28.24,28.27,29,30.93,-11.3
Balaji Amines,INE050E01027,1083.3,1102.46,1112.92,1228.16,1428.5,-24.2
Competent Auto,INE823B01015,376.8,379.61,390.41,396.12,415.27,-9.3
Patel Engg,INE244B01030,28.39,28.65,29.74,33.62,39.7,-28.5
Catvision,INE660B01011,20,20.17,20.45,21.25,23.22,-13.9
Shilchar Tech,INE024F01011,3742,3807.26,3922.91,4146.09,4493.64,-16.7
Deco-Mica,INE907E01010,62.21,63.85,65.47,71.95,73.02,-14.8
Rasi Elect,INE822D01021,14.3,14.73,15.36,16.53,19.62,-27.1
India Gelatine,INE342D01012,332,333.39,334.05,335.76,360.22,-7.8
Paragon Fin,INE015E01012,47.01,49.24,51.04,52.05,54.68,-14
Mercury EV-Tech,INE763M01028,36.9,36.96,38.07,40.51,55.64,-33.7
Sparc Electrex,INE960B01015,5.01,5.04,5.18,5.85,7.99,-37.3
Centenial Surgi,INE405H01018,96.05,99.76,99.85,102.58,121.69,-21.1
Narendra Proper,INE603F01012,34.68,36.32,37.47,38.32,38.83,-10.7
Prakash Wool,INE523I01016,25,25.63,26.14,27.89,29.52,-15.3
Mohit Ind,INE954E01012,28.05,28.28,28.75,31.06,31.14,-9.9
Polylink Poly,INE323D01020,20.42,21.09,21.12,21.79,27.03,-24.5
CG-VAK Soft,INE084D01010,223.9,230.44,234.27,246.5,271.22,-17.5
Sybly Ind,INE080D01042,1.64,1.67,1.7,1.81,3.68,-55.4
Maris Spinners,INE866D01010,31.47,31.65,31.82,34.67,35.94,-12.4
Jindal World,INE247D01039,29.23,29.27,29.5,33.15,51.11,-42.8
Gorani Ind,INE792J01015,58.03,60.81,63.62,66.93,79.68,-27.2
Silver Oak,INE870J01019,95,95.98,96.83,102.46,144.35,-34.2
Suraj,INE713C01016,249,249.6,257.16,279.22,353.01,-29.5
National Gener,INE654H01011,38.45,40.11,42.16,47.07,53.26,-27.8
UVS Hospitality,INE528C01018,119.75,120.99,124.13,129.21,136.77,-12.4
RR Metalmaker,INE117K01013,29,30.52,31.74,32.22,35.98,-19.4
Prithvi Exchan,INE621B01021,114.2,115.14,115.47,123.05,152.55,-25.1
Panchsheel Org,INE316G01019,127.95,128.6,130.33,135.75,150.8,-15.2
Gini Silk,INE548B01018,61.35,62.21,64.51,66.92,85.05,-27.9
GK Cons,INE131D01019,10.91,12.33,12.57,14.34,16.74,-34.8
PFL Info,INE600F01018,7.32,7.66,8.66,8.99,9.42,-22.3
Metal Coatings,INE161E01014,67.5,67.51,67.95,68.58,71.87,-6.1
Ganga Papers ,INE278O01015,80.55,83.62,85.28,86.21,94.86,-15.1
Rodium Realty,INE513E01024,160,163.57,166.37,170.81,185.43,-13.7
Unitech Intl,INE929K01011,3.95,3.96,4.11,4.31,4.61,-14.3
Popular Estate,INE370C01015,18.07,18.78,20.51,21.06,21.97,-17.8
Ambika Cotton,INE540G01014,1240.1,1243.16,1253.69,1300.06,1430.81,-13.3
Odyssey Corp,INE839E01023,7.52,7.63,8.03,8.2,14.93,-49.6
Frontline Corp,INE092D01013,36.8,37.53,38.43,39.19,43.36,-15.1
Atvo Enterprise,INE219M01021,12.81,13.38,14.29,15.62,15.78,-18.8
HB Stock ,INE550B01022,72.17,73.62,74.25,80.46,85.4,-15.5
TCFC Fin,INE389D01013,32,32.65,39.82,43.5,48.38,-33.9
HB Estate,INE640B01021,67,67.54,69.55,77.69,88.83,-24.6
Aksh Optifibre,INE523B01011,6.33,6.43,6.48,6.96,8.43,-24.9
Brightcom Group,INE425B01027,10.4,10.55,10.8,12.39,13.84,-24.9
Tata Tele,INE517B01013,48.59,49.43,49.9,52.43,60.4,-19.6
Wep Soln,INE434B01029,22.74,22.94,23.23,24.4,27.8,-18.2
Pritish Nandy,INE392B01011,25.81,26.79,26.92,28.5,30.58,-15.6
Saven Tech,INE856B01023,43.5,44.27,44.85,45.53,46.56,-6.6
Next Media,INE747B01016,5.76,5.94,6.07,6.41,6.76,-14.8
MPS,INE943D01017,1952.1,1992.83,2010.74,2136.52,2386.03,-18.2
Cera Sanitary,INE739E01017,5170.7,5217.44,5266.85,5633.05,6101.69,-15.3
Compuage Info,INE070C01037,1.67,1.71,1.74,1.86,1.99,-16.1
Ponni Sugars ,INE838E01017,263.9,264.7,271.5,282.71,309.7,-14.8
Oracle Fin,INE881D01027,7591.4,7673.03,7800.51,8202.95,8559.24,-11.3
Aptech,INE266F01018,92.11,92.27,95.85,103.57,131.91,-30.2
United Brew,INE686F01025,1589.5,1604.12,1622.26,1716.54,1912.64,-16.9
Pokarna,INE637C01025,809.1,830.4,833.23,859.4,984.89,-17.9
Indoco Rem,INE873D01024,230,231.95,237.39,258.52,269.5,-14.7
Impex Ferro,INE691G01015,1.81,1.82,1.84,1.88,2.17,-16.6
Shoppers Stop,INE498B01024,381.9,385.39,414.05,453.5,512.61,-25.5
Beeyu Overseas,INE052B01011,2.91,2.94,3,3.1,3.44,-15.4
SPL Ind,INE978G01016,34.2,34.24,35.58,38.16,40.69,-16
Shr Renuka Sug,INE087H01022,25.85,26.1,26.23,27.74,30.46,-15.1
Everest Kanto ,INE184H01027,116.4,116.42,116.51,128.69,133.51,-12.8
GVK Power ,INE251H01024,3.06,3.08,3.18,3.28,3.74,-18.2
Sadbhav Engg,INE226H01026,10.02,10.74,11.13,11.34,13.39,-25.2
Reliance Comm,INE330H01018,1.07,1.1,1.14,1.25,1.46,-26.7
STL Global,INE353H01010,12.61,12.81,12.91,13.67,14.33,-12
Kewal Kiran,INE401H01017,466.45,478.36,486.49,507.53,508.15,-8.2
JHS Svendgaard,INE544H01014,9.07,9.43,9.89,11.2,13.13,-30.9
Global Vectra ,INE792H01019,199,199.02,199.09,207.68,230.37,-13.6
Inspirisys Sol,INE020G01017,86.14,89.07,89.21,92.86,95.2,-9.5
Sutlej Textiles,INE645H01027,31.31,31.89,32.36,33.72,39.71,-21.2
LT Foods,INE818H01020,377.1,384.59,391.75,404.74,411.18,-8.3
Zee Media ,INE966H01019,8.9,8.95,9.09,9.61,12.9,-31
Cambridge Tech,INE627H01017,38.91,39.71,40.28,45.84,50.46,-22.9
Firstsource ,INE684F01012,334.95,335.78,341.03,344.04,351.27,-4.7
Oriental Trimex,INE998H01012,8.1,8.19,8.37,9.03,10.5,-22.9
Jagjanani Tex,INE702H01018,4.51,4.97,5.23,5.58,8.02,-43.8
Hilton Metal ,INE788H01017,33.56,34.87,39.4,42.37,62.25,-46.1
Haryana Capfin,INE928H01019,167,167.26,170.3,184.38,191.98,-13
Nelcast,INE189I01024,103.5,104.47,106.01,110.99,120.38,-14
Tarmat,INE924H01018,49.01,50.6,51.87,52.56,55.12,-11.1
HDIL,INE191I01012,2.33,2.39,2.42,2.66,3.04,-23.4
Magnum Ven,INE387I01016,22.25,22.68,23.02,23.61,26.95,-17.4
IL&FS Engg,INE369I01014,26.5,26.72,27.27,27.52,34.4,-23
Parle Ind,INE272G01014,8.94,8.99,9.07,9.51,13.59,-34.2
Rathi Bars,INE575I01016,24,24.95,25.84,27.56,33.05,-27.4
Jyothy Labs,INE668F01031,280.5,282.07,282.61,300.69,335.61,-16.4
GSS Info,INE871H01011,16,16.29,16.88,20.48,33.31,-52
Gokak Textiles,INE642I01014,66.41,68.43,71.41,79.7,89.84,-26.1
Adi Birla Money,INE865C01022,140.3,142.5,145.73,154.54,168.53,-16.8
Telogica,INE778I01024,9.6,9.92,10.12,11.26,11.98,-19.9
CHL,INE790D01020,33.5,34.09,34.4,35.56,35.62,-6
Archidply Ind,INE877I01016,91.59,91.61,92.06,95.74,97.93,-6.5
Somi Conveyor,INE323J01019,121.85,123.8,127.88,139.34,157.62,-22.7
Vedavaag Sys,INE359B01010,27.6,27.83,28.51,31.28,41.71,-33.8
Mahindra Holi,INE998I01010,304,307.28,308.82,320.2,333,-8.7
Bengal & Assam ,INE083K01017,6599,6733.49,6939.75,7388.06,7782.52,-15.2
Astec Life,INE563J01010,692.05,705.78,713.94,718.83,790.37,-12.4
MBL Infra,INE912H01013,31.05,31.8,32.69,37.28,42.67,-27.2
Rossell ,INE847C01020,48.63,49.89,51.65,57.3,65.26,-25.5
Man Infra,INE949H01023,126.85,127.95,129.03,134.61,159.67,-20.6
Intrasoft Tech,INE566K01011,91,91.09,92.89,94.35,104.77,-13.1
KCP Sugar,INE790B01024,25.85,26.1,26.24,28.19,33.82,-23.6
GKB Ophthal,INE265D01015,50.99,51.12,51.55,58.28,72.18,-29.4
CP Capital,INE521J01018,110.65,112.48,113.65,116.39,218.99,-49.5
Orient Green,INE999K01014,11.63,11.68,11.81,12.74,13.4,-13.2
Va Tech Wabag,INE956G01038,1212.2,1281.09,1281.21,1359.09,1436.11,-15.6
RPP Infra ,INE324L01013,99.45,100.19,101.75,109.98,136.41,-27.1
Zee Learn,INE565L01011,7.21,7.26,7.31,7.78,8.12,-11.2
Indian Terrain,INE611L01021,34.19,34.48,35.01,36.59,36.94,-7.4
Zen Tech,INE251B01027,1351,1362.94,1369.44,1381.28,1554.89,-13.1
Lovable Ling,INE597L01014,78.25,80.25,81.17,86.72,93.78,-16.6
Flexituff Ven,INE060J01017,12.58,12.63,14.58,17.07,30.26,-58.4
Virtual Glob,INE247C01023,.49,.5,.51,.54,.55,-10.9
V-Mart ,INE665J01013,690,709.04,734.83,792.4,793.01,-13
Mystic Elect,INE159O01033,3.36,3.41,3.43,3.56,4.18,-19.6
Alacrity Sec,INE030P01017,51.11,51.26,52.46,53.95,72.62,-29.6
Ind Renew,INE138O01029,11.67,11.72,11.92,12.8,13,-10.2
Stellar Cap Ser,INE325P01011,5.89,5.99,6.15,6.55,6.56,-10.2
Suyog Tel,INE442P01014,603.5,610.24,617.45,683.95,898.46,-32.8
Chemtech Indl,INE212P01011,79.51,81.15,81.74,97.78,123.69,-35.7
Shri Vasuprada,INE574G01013,104.25,106.66,109.57,112.99,116.26,-10.3
Moneyboxx Fin,INE296Q01012,59.25,61.13,64.13,71.77,87.46,-32.3
Cemantic Infra,INE222B01028,4.02,4.14,4.46,4.65,5.24,-23.3
Vishal Fabrics,INE755Q01025,25.18,25.62,26.75,27.64,30.44,-17.3
Vasundhara Ras,INE406F01010,168.9,171.92,177.15,181.81,214.25,-21.2
Snowman ,INE734N01019,40.25,40.35,40.57,45.04,52.36,-23.1
QGO Finance,INE837C01013,44.22,44.94,46.32,46.44,51.79,-14.6
Rajasthan Cyl,INE929D01016,35.6,36,36.67,37.22,40.08,-11.2
Econo Trade,INE937K01014,6.9,6.91,7.05,7.56,7.7,-10.4
Vibrant Global,INE761Q01015,36.36,36.74,37.92,39.82,44.71,-18.7
Crane Infra,INE176L01017,15.9,16.46,16.48,16.9,19.06,-16.6
JMJ Fintech,INE242Q01016,14.91,15.22,15.31,15.67,21.7,-31.3
Dhunseri Tea,INE341R01014,160.3,160.62,161.3,164.05,188.36,-14.9
Abhinav Leasing,INE211D01027,1.14,1.16,1.2,1.25,1.45,-21.4
Gita Renewable,INE776O01018,87.6,88.39,91.52,96.82,115.76,-24.3
Tirupati Innova,INE812Q01016,8.12,8.17,8.34,8.65,9.91,-18.1
Ganesha Ecovers,INE369Q01017,27.85,28.21,28.98,31.36,34.62,-19.6
Shivalik Rasaya,INE788J01021,347.55,354.59,365.33,400.27,541.55,-35.8
Amba Ent,INE829P01020,158.5,161.3,163.33,164.04,168.24,-5.8
Gala Glob Prod,INE480S01026,1.99,2.03,2.07,2.35,2.98,-33.2
Arvind Smartspa,INE034S01021,585,590.25,598,605.41,657.44,-11
Waaree Tech,INE725P01012,217.05,222.34,223.89,246.41,298.66,-27.3
Acme Res,INE636B01011,37.76,37.9,38.21,39.07,39.72,-4.9
Lux Ind,INE150G01020,1056.25,1095.56,1111.23,1187.66,1360.44,-22.4
Aarnav Fashion,INE750R01016,28.77,29.44,32.02,36.08,45.97,-37.4
BFL Asset Fin,INE948Q01018,9.95,10.13,10.35,11.71,13.71,-27.4
Quick Heal Tech,INE306L01010,264.3,266.35,273.05,300.12,329.8,-19.9
Hiliks Tech,INE966Q01010,49.81,51.66,54.46,58.91,63.26,-21.3
Advik Capital,INE178T01024,1.31,1.32,1.33,1.4,1.62,-19.1
Mahanagar Gas,INE002S01010,1074.5,1119.84,1124.84,1203.78,1311.03,-18
Titaan Ten Ent,INE120V01014,67,67.74,73.69,91.62,94.64,-29.2
SP Apparels,INE212I01016,690.5,698.84,708.45,729.72,771.52,-10.5
BLS Intl,INE153T01027,313.75,317.3,318.45,319.07,365.41,-14.1
Southern Info,INE298B01010,23.6,23.65,23.8,24.22,24.64,-4.2
LKP Sec,INE341H01023,15.75,16.09,16.13,17.4,19.78,-20.4
JITF Infralogis,INE863T01013,268.8,274.5,276.87,301.92,372.52,-27.8
Avenue Super,INE192R01011,3664.9,3705.83,3793.61,3997.61,4085.78,-10.3
Tejas Network,INE010J01012,445.6,450.09,457.42,504.97,668.85,-33.4
Avadh Sugar,INE349W01017,367.75,369.95,373.91,391.83,448.68,-18
ANG Lifescience,INE236W01016,27.86,28.95,29.69,29.98,31.36,-11.2
Bharat Road,INE727S01012,21.99,22.24,22.4,23.47,26.4,-16.7
Rel Home Fin,INE217K01011,2.86,2.89,2.98,3.28,4.06,-29.6
Capacite Infra,INE264T01014,253,256.42,257.79,272.53,317.1,-20.2
Tube Invest,INE974X01010,2547.4,2584.22,2607.32,2865.51,2935.1,-13.2
Diligent Media,INE016M01021,3.72,3.82,3.96,4.12,4.84,-23.1
Crystal Busines,INE994R01010,2.02,2.03,2.04,2.09,2.46,-17.9
Praxis Home,INE546Y01022,9.11,9.22,9.44,10.8,12.36,-26.3
Gautam Gem,INE063Z01017,3.68,3.77,3.88,3.97,4.35,-15.4
Yamuna Synd,INE868X01014,28000,28027.8,30504.49,33742.81,36324.46,-22.9
Active Cloth,INE380Z01015,104.4,104.78,108.59,110.53,122.34,-14.7
Yasho Ind,INE616Z01012,1345,1399.23,1474.53,1569,1782.99,-24.6
Dhruv Consult,INE506Z01015,46.08,47.24,48.57,49.94,70.97,-35.1
Indo US Bio,INE250Z01010,120.7,122.9,124.37,128.35,160.5,-24.8
Innovat Facade,INE870Z01015,181.45,182.3,186.59,199.52,206.65,-12.2
Zim Lab,INE518E01015,69.59,70.65,71.17,71.72,87.03,-20
Affordable Robo,INE692Z01013,201.5,204.2,207.05,229.78,366.62,-45
Dollar Ind,INE325C01035,345.45,348.76,353.71,353.88,379.99,-9.1
Palm Jewel,INE838Z01012,16.82,18.1,18.2,20.08,27.59,-39
Unick Fix,INE250G01010,54.25,57.85,59.75,62.32,66.47,-18.4
Deep Polymer,INE00IY01012,38.63,38.8,40.2,43.13,50.51,-23.5
Xpro India,INE445C01015,922.4,951.53,968.35,1025.13,1136.32,-18.8
DE Nora ,INE244A01016,680,685.76,696.87,734.35,821.3,-17.2
Lambodhara ,INE112F01022,118.85,120.44,122.39,128.85,133.22,-10.8
Aaron Ind,INE721Z01010,170.51,172.06,176.4,186.53,188.03,-9.3
Airo Lam,INE801L01010,99.71,100.89,102.05,103.49,105.52,-5.5
Consolidate Fin,INE025A01027,164.86,165.02,166.98,172.65,187.22,-11.9
India Power,INE360C01024,9.99,10.01,10.1,10.88,12.56,-20.5
Debock Indus,INE411Y01011,1.66,1.7,1.75,1.87,2.2,-24.6
Elgi Rubber ,INE819L01012,41.28,44.27,47.21,54.88,64.74,-36.2
Emkay Tap Cut,INE332S01011,113,113.39,118.48,130.66,258.07,-56.2
GVP Infotech,INE382T01030,8.72,8.84,9.1,9.24,9.85,-11.5
Kothari Sugars,INE419A01022,27.09,27.19,27.66,29.19,34.18,-20.7
Laxmi Cots,INE801V01019,18.6,18.84,19.03,20.43,24.61,-24.4
Lexus Granito,INE500X01013,25.71,25.96,26.57,28.03,32.35,-20.5
Maheshwari Logi,INE263W01010,47.07,47.24,48.37,51.93,57.33,-17.9
MITCON ,INE828O01033,66.87,67,68.13,69.43,76.6,-12.7
Power Instrumen,INE557Z01018,119.8,123.96,129.04,145.99,168.87,-29.1
Precot,INE283A01014,376.6,384.69,423.37,434.87,480.7,-21.7
Shanti Overseas,INE933X01016,8.7,8.88,9.1,9.59,12.84,-32.2
Sintercom,INE129Z01016,99.85,100.54,104.6,112.98,125.21,-20.3
Sumit Wood,INE748Z01013,65.12,65.39,67.92,77.45,94.78,-31.3
Zodiac Energy,INE761Y01019,297.3,302.07,302.99,342.69,407.29,-27
LMW,INE269B01029,14948,15008.36,15019.42,15253.68,15561.21,-3.9
Oil Country ,INE591A01010,58.98,60.66,62.49,65.31,75,-21.4
RSWM,INE611A01016,147.15,148.66,150.41,152.2,155.81,-5.6
GP Petro,INE586G01017,35.32,35.36,35.54,37.63,42.09,-16.1
Dwarikesh Sugar,INE366A01041,37.21,37.53,38.06,40.88,43.24,-14
Xchanging Soln,INE692G01013,81.2,81.4,82,85.29,91.54,-11.3
Gateway Distri,INE079J01017,59.38,59.98,60.36,60.83,64.69,-8.2
FCS Software,INE512B01022,1.84,1.86,1.91,2.07,2.51,-26.7
Page Ind,INE761H01022,35338.75,35688.56,36336.17,38633.31,43284.66,-18.4
Camlin Fine ,INE052I01032,143.7,146.9,151.36,168.44,196.45,-26.9
Delta Corp,INE124G01033,69.22,69.82,70.21,72.64,85.78,-19.3
Alpa Lab,INE385I01010,76.28,77.67,78.45,82.79,98.64,-22.7
Supreme Infra,INE550H01011,88,88.51,89.14,93.88,103.81,-15.2
Reliance Power,INE614G01033,35.17,35.31,35.53,39.73,45.48,-22.7
Brooks Lab,INE650L01011,76.73,78,89.31,102.63,130.5,-41.2
Alembic Pharma,INE901L01018,825.15,838.06,855.3,895.41,921.53,-10.5
Setuband Infra,INE023M01027,.47,.48,.49,.53,.63,-25.4
Techno Electric,INE285K01026,1080.1,1088.03,1088.42,1202.56,1257.94,-14.1
Sakthi Sugars,INE623A01011,19,19.12,19.14,19.75,22.96,-17.3
Foods & Inns,INE976E01023,68.71,68.87,70.67,76.84,92.48,-25.7
Savani Financi,INE304E01010,14.1,14.84,15.32,16.31,17.08,-17.5
Nettlinx,INE027D01019,18.2,18.38,18.63,20.38,34.42,-47.1
Newtrac Foods,INE229N01010,5.89,5.96,6.01,6.84,8.46,-30.4
Reliance Indl ,INE046A01015,804.6,811.95,814,858.22,888.31,-9.4
Samrat Pharma,INE103E01016,231.65,231.84,238.83,264.65,326.52,-29.1
Optiemus Infra,INE350C01017,502.65,504.14,514.57,561.61,570.26,-11.9
Odyssey Tech,INE213B01019,64.69,66.05,67.07,74.77,87.69,-26.2
Roopa Ind,INE443C01010,44,45.33,46.01,49.13,56.82,-22.6
Om Infra,INE239D01028,91.6,95.93,98.83,107.89,119.59,-23.4
RTCL,INE754B01012,15.7,16.09,17.19,18.36,19.36,-18.9
Archies,INE731A01020,18.29,18.5,18.61,19.31,19.79,-7.6
Bella Casa,INE344T01014,373,373.76,380.35,411.57,433.97,-14.1
Richfield Fin,INE201C01012,34.5,34.91,36.58,38.3,40.2,-14.2
Hisar Metal Ind,INE598C01011,161.25,163.25,164.87,175.44,191.08,-15.6
Bajaj Hind Sug,INE306A01021,18.3,18.48,18.78,20.39,22.24,-17.7
Exide Ind,INE302A01020,364,364.92,366.93,377.03,379.95,-4.2
GFL,INE538A01037,57.5,58.26,58.42,61.49,61.85,-7
ITC,INE154A01025,342.45,361.85,392.78,402.48,413.9,-17.3
Peninsula Land,INE138A01028,24.75,24.99,25.74,29.69,31.55,-21.6
Hercules Invest,INE688E01024,150.15,157.22,158.4,171.86,174.46,-13.9
Arshiya,INE968D01022,1.25,1.26,1.29,1.51,2.33,-46.4
Polson,INE339F01021,11166.9,11369.18,11400.19,11776.69,12340.79,-9.5
Finkurve Fin,INE734I01027,97,98.34,101.51,108.17,113.44,-14.5
Swasti Vinay Sy,INE804A01025,4.42,4.45,4.47,4.65,5.44,-18.8
Tomorrow Tech,INE135H01029,9.25,9.55,9.56,9.88,10.35,-10.6
Super Spg,INE662A01027,7.95,8.11,8.21,8.86,10.28,-22.7
Ashiana Hsg,INE365D01021,283.25,285.38,290.95,291.03,306.16,-7.5
Nicco Parks,INE653C01022,80.36,82.02,83.32,89.68,108.68,-26.1
Urja Global,INE550C01020,11.21,11.26,11.3,12.11,13.62,-17.7
Faze Three,INE963C01033,399.9,406.73,433.08,478.84,490.57,-18.5
DB (Intl),INE921B01025,24.8,24.92,24.97,25.17,29.51,-16
Gemstone Invest,INE503D01027,1.8,1.81,1.88,1.89,2.18,-17.4
Emami,INE548C01032,521.15,524.62,526.22,528.5,568.44,-8.3
Madhucon Pro,INE378D01032,6.04,6.08,6.16,6.73,7.21,-16.2
Compucom Soft,INE453B01029,16.03,16.14,16.44,17.47,19.97,-19.7
Gokaldas Exp,INE887G01027,671.7,713.16,785.27,838.23,862.6,-22.1
Shivam Auto,INE637H01024,23.95,24.32,25.56,27.59,30.58,-21.7
Allied Digital,INE102I01027,149.6,152.22,154.36,166.96,187.65,-20.3
VTM,INE222F01029,63.88,68.33,69.44,72.35,80.87,-21
Hathway Cable,INE982F01036,12.45,12.52,12.57,13.11,14.27,-12.8
Surana Solar,INE272L01022,27.03,27.16,27.17,29.46,33.24,-18.7
Mukta Agri,INE160O01031,2.7,2.74,2.8,2.86,3.32,-18.7
Infibeam Aven,INE483S01020,16.49,16.58,16.75,18.21,18.33,-10
Bombay Oxy Inv,INE01TL01014,21950,22262.84,22878.27,23821.56,24494.04,-10.4
RPSG Ventures,INE425Y01011,739.35,750.66,752.98,795.72,862.53,-14.3
Indian Wood Pro,INE586E01020,36.52,36.98,37.47,39.41,40.7,-10.3
Jonjua Overseas,INE793Z01027,6.95,7.21,7.6,8.04,8.96,-22.4
Kranti Ind,INE911T01010,74.1,76.1,81.72,84.22,93.02,-20.3
Northern Spirit,INE01BL01012,150,150.85,152.26,160.77,179.38,-16.4
Mahalaxmi Rub,INE112D01035,204,206.37,214.53,216.36,222.19,-8.2
Samyak Interl,INE607G01011,21.88,21.89,22.96,23.49,30.73,-28.8
Garg Furnace,INE194E01015,131.6,132.75,133.23,147.89,184.27,-28.6
Aion-Tech Solu,INE805A01014,49.9,50.71,51.03,55.33,63.39,-21.3
Star Delta Tran,INE541K01014,587.4,590.76,595.87,606.33,667.48,-12
SAL Auto,INE724G01014,213.1,219.59,221.66,234.03,258.9,-17.7
Modipon,INE170C01019,34.12,36.03,38.08,39.83,44.94,-24.1
Dhansafal Finse,INE195E01020,3.37,3.42,3.48,3.62,4.28,-21.3
Uniroyal Ind,INE980D01019,18.95,18.98,20.2,20.48,22.35,-15.2
Supreme Hold,INE822E01011,70.22,72.83,77.28,82.97,87.28,-19.6
Kati Patang,INE237C01016,18.96,19.13,19.68,20.84,25.91,-26.8
Nucleus Soft,INE096B01018,911,915.53,917.68,956.25,996.19,-8.6
Kaiser Corpn,INE229G01022,4.5,4.53,4.68,4.9,5.67,-20.6
Naturite Agro,INE223R01014,247,253.3,260.3,273.2,314.41,-21.4
Race Eco Chain,INE084Q01012,138.5,141.35,144.09,177.82,241.67,-42.7
Jhande Foods,INE841Y01019,31.05,34,39.12,47.05,54.31,-42.8
Unishire Urban,INE210P01015,1.6,1.67,1.8,2.03,2.22,-27.9
Chemcrux,INE298W01016,104.4,106.74,108.75,113.42,128.59,-18.8
S M Gold,INE00Q901014,12.37,12.44,12.63,13.5,15.82,-21.8
Kanchi Karpoora,INE081G01019,355,360.39,362.74,380.04,416.35,-14.7
Inox Wind,INE066P01011,123.05,124.69,124.79,138.02,156.26,-21.3
Creative Castin,INE146E01015,535,552.35,568.44,580.88,609.97,-12.3
Pudumjee Pap,INE865T01018,94.6,96.19,96.26,105.55,115.29,-18
Heads Up Ventur,INE759V01019,8.9,9,9.15,9.84,10.48,-15.1
Palash Sec,INE471W01019,105.5,107.2,107.61,114.21,123.68,-14.7
Orient Electric,INE142Z01019,173.5,175.51,178.91,193.27,212.48,-18.4
Dhampur Sugar,INE041A01016,122.55,123.18,124.72,129.92,136.5,-10.2
Manugraph ,INE867A01022,16,16.1,16.15,18.8,19.4,-17.5
RS Soft,INE165B01029,46.6,49.8,53.32,57.45,76.24,-38.9
Tamil Nad Tel,INE141D01018,9.76,10.12,10.19,11.19,12.2,-20
LA Opala,INE059D01020,201.5,202.73,203.77,217.99,240.41,-16.2
Gillanders Arb,INE047B01011,101.55,104.88,104.97,115.98,117.79,-13.8
Geecee ,INE916G01016,313.9,316.49,332.26,343.08,374.66,-16.2
Bang Overseas,INE863I01016,47.49,48.02,48.9,52.4,53.49,-11.2
Ashoka Buildcon,INE442H01029,166.1,168.13,169.65,181.84,198.29,-16.2
Jocil,INE839G01010,141.58,143.42,145.52,149.04,158.54,-10.7
Godrej Agrovet,INE850D01014,565.6,569.85,574.45,603.02,716.15,-21
Genus Power ,INE955D01029,287.25,296.37,299.65,314.25,324.77,-11.6
New India Assur,INE470Y01017,153.65,155.5,157.93,172.85,177,-13.2
Golden Tobacco,INE973A01010,31.05,31.96,32.47,33.56,35.85,-13.4
Shiva Mill,INE644Y01017,59.5,60.3,61.67,65.98,75.57,-21.3
Omfurn India,INE338Y01016,77,83.45,88.1,101.76,104.53,-26.3
Prolife Ind,INE994V01012,70.35,71.55,77.31,96.4,162.29,-56.7
Wealth First PF,INE658T01017,910,920.89,963.56,1063.67,1073.13,-15.2
Akash Infra,INE737W01013,24.1,25.12,25.43,26.47,27.78,-13.3
Nitiraj Enginee,INE439T01012,182.1,184.64,187.04,190.41,224,-18.7
Newgen Soft Tec,INE619B01017,822.05,835.77,842.28,889.51,999.31,-17.7
VR Films Stud,INE06LG01010,14.75,14.98,15.24,15.44,18.1,-18.5
Orient Tradlink,INE681D01021,19.04,19.47,20.03,20.66,23.38,-18.6
Evans Elect,INE06TD01010,120.5,125.11,126.23,143.48,158.13,-23.8
Prakash Pipes,INE050001010,232.7,236.95,241.57,263.81,360.72,-35.5
Ekam Leasing,INE906L01025,5.8,5.88,6.26,6.3,7.18,-19.2
Parshva Ent,INE05MV01019,165,174.4,176.11,200.07,209.22,-21.1
IndiaMart,INE933S01016,2169.3,2189.78,2225.23,2335.9,2341.04,-7.3
Seshasayee Pap,INE630A01024,234.05,236.05,237.83,246.01,271.05,-13.7
Gensol Engg,INE06H201014,26.36,26.55,27.29,31.12,203.41,-87
Greenpanel Ind,INE08ZM01014,229.55,230,232.14,260.91,273.68,-16.1
Octagon Ind,INE004C01028,8.17,8.25,8.26,8.31,10.8,-24.4
Trident,INE064C01022,26.62,26.83,27.06,27.87,28.73,-7.3
Swadeshi Poly,INE243N01029,48.23,49.6,50.33,55.56,64.04,-24.7
RSD Finance,INE616F01022,83,85.07,92.04,98.33,115.45,-28.1
Cohance Life,INE03QK01018,504.3,517.29,529.84,646.37,944.51,-46.6
Bajaj Steel,INE704G01024,487.35,494.15,500.37,531.49,634.04,-23.1
Suncare Trad,INE452S01025,.68,.7,.72,.77,.88,-22.7
Natural Biocon,INE06MM01016,4.28,4.43,4.59,5.02,9.88,-56.7
Motor & Gen,INE861B01023,22.65,22.87,23.54,25.17,26.68,-15.1
Sinclairs Hot,INE985A01022,82.86,83.53,83.75,88.27,93.48,-11.4
Aarti Surfact,INE09EO01013,385,388.35,396.14,433.26,492.15,-21.8
Borosil,INE02PY01013,277.45,279.91,289.66,318.32,338.09,-17.9
Rossari Biotech,INE02A801020,570.95,578.43,578.73,613.15,657.66,-13.2
Superior Indust,INE843L01012,42.8,42.81,44.31,45.06,54.93,-22.1
Max India,INE0CG601016,184.4,185.42,188.29,200.53,205.23,-10.2
UR Sugar Indus,INE904R01027,3.18,3.3,3.67,4.11,5.51,-42.3
NDR Auto Compo,INE07OG01012,797.1,813.12,819.13,883.37,885,-9.9
Happiest Minds,INE419U01012,454.6,459.99,478.94,495.12,589.56,-22.9
Arnold Hold,INE185K01036,13.99,14,15.26,19.09,26.63,-47.5
Veer Glob Infra,INE244W01010,120,120.24,125.12,130.53,133.92,-10.4
Samrat Forg,INE412J01010,214.7,226.95,246.55,264.35,289.87,-25.9
Home First Fin,INE481N01025,1071.5,1094.42,1135.53,1164.37,1174.13,-8.7
Stove Kraft,INE00IN01015,574.65,580.88,585.25,635.63,662.41,-13.3
Bannari Am Spg,INE186H01022,25.9,26.12,26.88,27.45,32.05,-19.2
Heranba Ind,INE694N01015,233,241.57,243.43,268.09,295.74,-21.2
Wardwizard Inno,INE945P01024,6.81,7.12,8.39,9.95,17.2,-60.4
Dixon Techno,INE935N01020,11736.95,12028.66,12733.04,14455.54,15295.5,-23.3
Laxmi Organic,INE576O01020,162.6,166.52,169.69,184.18,194.66,-16.5
Alkyl Amines,INE150B01039,1550,1587.46,1593.51,1727.11,1869.25,-17.1
Subex,INE754A01055,11.36,11.52,11.7,12.44,13.7,-17.1
GACM Tech,INE224E01036,.52,.54,.55,.61,.7,-25.7
Abhishek Integ,INE0CAJ01017,35.2,38.25,41.6,42.62,55.25,-36.3
Clean Science,INE227W01023,867.5,868.3,888.51,945.3,1201.7,-27.8
GR Infraproj,INE201P01022,985,994.52,1014.96,1097.55,1174.23,-16.1
Epigral,INE071N01016,1168.3,1218.92,1338.37,1499.11,1729.17,-32.4
Chemplast Sanma,INE488A01050,252.3,258.3,258.79,317.5,402.72,-37.4
BEW Engineering,INE0HQI01014,118.5,120.02,120.55,125.13,158.55,-25.3
KPR Mill,INE930H01031,909.1,914.82,950.18,1020.08,1027.85,-11.6
DCM Shriram Ind,INE843D01027,54,56.21,124.64,153.11,164.83,-67.2
Indo National,INE567A01028,399,406.2,410.5,426.62,464.84,-14.2
Kotyark Indust,INE0J0B01017,227.7,235.11,249.28,260.61,365.64,-37.7
Nidan Lab,INE0J6L01013,18.45,18.59,19.08,19.37,20.46,-9.8
Shine Fashion,INE0BLY01023,34,36.61,38.53,42.51,47.44,-28.3
Go Fashion,INE0BJS01011,458,459.88,462.08,549.37,738.24,-38
Scoobee Day,INE962E01015,74.31,77.61,78.76,81.65,97.76,-24
Shre Hanuman Su,INE101H01013,4.86,4.92,5.16,5.27,5.53,-12.1
Octavius Plant,INE117S01016,43.5,43.69,45,47.83,58.2,-25.3
TTK Prestige,INE690A01028,617,617.48,625.05,645.97,651.03,-5.2
MIC Elect,INE287C01037,42.45,43.72,44,48.22,56.99,-25.5
PTL Enterprise,INE034D01049,38.82,39.19,39.29,39.66,40.11,-3.2
Euro Panel,INE505V01016,169.3,174.49,179.85,193.95,208.04,-18.6
Polo Queen Ind,INE689M01025,31.29,31.36,32.32,35.19,64.1,-51.2
CMS Info Sys,INE925R01014,341.7,346.18,347.67,357.25,431.33,-20.8
AGS Transact,INE583L01014,4.11,4.17,4.22,4.35,11.23,-63.4
Superior Finlea,INE574R01028,1.27,1.31,1.35,1.42,1.57,-19.1
AWL Agri Busine,INE699H01024,230.7,235.98,241.26,258.07,261.23,-11.7
Integra Essen,INE418N01035,1.5,1.52,1.56,1.66,2.14,-29.9
Vedant Fashion,INE825V01034,562.55,574.12,585.91,623.48,765.32,-26.5
Richa Info Sys,INE0J1P01015,58.5,63.09,69.26,70.68,72.03,-18.8
Kretto Syscon,INE128R01023,.82,.85,.86,1.07,1.55,-47.1
Containerway In,INE319U01022,20.52,20.54,21.01,22.65,36.94,-44.5
Mauria Udyog,INE150D01027,11.54,11.79,12.03,12.57,13.67,-15.6
PE Analytics,INE0KN801013,170,178.66,186.6,187.25,211.83,-19.8
UMA Exports,INE0GIU01018,38.06,38.54,39.09,42.68,63.16,-39.7
Shri Gang Indus,INE241V01018,68,68.16,69.04,76.63,99.49,-31.7
Jubilant Food,INE797F01020,547.4,550.06,565.47,584.61,646.28,-15.3
PCBL Chemical,INE602A01031,292.15,297.89,305.37,334.03,378.09,-22.7
Saregama ,INE979A01025,356.05,357.5,357.63,398.2,480.27,-25.9
Rainbow Child,INE961O01016,1295,1313.75,1338.97,1346.74,1405.42,-7.9
Garment Mantra,INE653S01028,1.26,1.32,1.45,1.49,1.71,-26.3
Venus Pipes,INE0JA001018,1154.9,1172.01,1196.88,1254.73,1329.23,-13.1
ZR2 Bioenergy,INE218N01021,235,260.73,280.24,307.24,354.32,-33.7
Ajanta Soya,INE601B01023,28.5,28.57,28.73,30.91,38.34,-25.7
Galactico Corp,INE906Y01028,2.06,2.13,2.19,2.22,2.48,-16.9
Jayant Infratec,INE0KR801019,72.33,74.7,79.82,80.66,83.82,-13.7
Hind Foods,INE254N01026,509.85,513.07,519.52,528.5,535.45,-4.8
Healthy Life,INE0L3501015,11.67,12.29,12.95,14.6,48.04,-75.7
Variman Global,INE717F01028,6.28,6.56,7.12,8.1,10.97,-42.8
Rama Steel,INE230R01035,9.3,9.4,9.74,9.99,10.7,-13.1
Alfavision Over,INE883B01027,5.37,5.49,5.86,5.96,9.51,-43.5
Dreamfolks Ser,INE0JS101016,106,107.63,110.44,121.02,196.97,-46.2
Ameya Precision,INE0KT901015,97.05,99.42,100.01,101.06,106.37,-8.8
JFL Life Scien,INE0LA901015,12,12.38,12.44,12.71,16.04,-25.2
Sabar Flex,INE0DZ101013,4.5,4.6,5.52,5.82,6.97,-35.4
Tapi Fruit Pro,INE0M7001010,65.6,68.58,78.3,84.36,86.54,-24.2
Leading Lea Fin,INE715Q01029,3.74,3.75,3.9,4.62,5.91,-36.7
Annapurna Swadi,INE0MGM01017,186.6,193.08,209.1,233.88,275.24,-32.2
Containe Techno,INE0M8901010,26.4,27.36,28.57,34.29,50.79,-48
Mihika Indus,INE779Q01017,14.79,14.83,15.43,15.72,20.32,-27.2
Ajooni Bio,INE820Y01021,4.24,4.3,4.36,4.75,5.71,-25.7
Steelman Tele,INE0MSK01016,94,97.12,97.91,107.4,131.41,-28.5
Nikhil Ad,INE926C01022,77.86,78.53,82.25,98.38,100.39,-22.4
Frog Innova,INE385O01018,156.9,159.41,161.92,181.52,247.61,-36.6
Electonics Mart,INE02YR01019,100.85,103.83,106.36,125.87,133.23,-24.3
Pace e-Commerce,INE0N1L01018,18.8,19,19.52,21.17,24.12,-22.1
Kaynes Techno,INE918Z01012,3790.4,3945.54,4057.18,5499.47,5659.77,-33
Easy Trip Plan,INE07O001026,7.3,7.37,7.55,7.73,10.25,-28.8
Lancer Contain,INE359U01028,12.76,12.84,13.31,14.11,16.65,-23.4
Sula Vineyards,INE142Q01026,211.5,215.88,216.68,235.25,278.31,-24
Droneacharya,INE0MQD01015,41.49,41.87,45.07,51.93,71.97,-42.4
Radiant Cash,INE855R01021,51.22,51.54,52.22,53.11,59.75,-14.3
Supreme Petro,INE663A01025,610,637.87,642.49,682.08,705.5,-13.5
Chaman Metallic,INE06PV01010,117.25,119.53,122,140.94,146.09,-19.7
Aarti Pharmalab,INE0LRU01027,737.1,740.98,743.11,765.09,796.05,-7.4
Shreeji Trans,INE402Y01028,9.11,9.43,9.73,10.61,12.27,-25.8
Agarwal Float,INE0MLA01012,40,40.81,40.98,53.03,54.13,-26.1
Kalyan Capitals,INE149Q01021,7.28,7.59,7.95,8.33,9.23,-21.1
Sealmatic India,INE0O4601016,353.5,365.3,377.26,391.92,415.61,-14.9
Patron Exim,INE0NPA01011,3.12,3.14,3.16,3.99,5.79,-46.1
Resgen,INE0NYN01016,64.5,67.22,69.22,75.32,82.61,-21.9
Osia Hyper Ret,INE06IR01021,14.96,15.48,16.29,18.91,21.5,-30.4
Medico Remedies,INE630Y01024,49.5,49.98,51.04,51.08,51.51,-3.9
Vivanta Ind,INE299W01022,1.97,2,2.09,2.2,2.71,-27.3
Global Surfaces,INE0JSX01015,97,99.3,110.04,113.44,116.61,-16.8
Quality Foils,INE0O1M01015,61,61.22,64.69,68.55,73.7,-17.2
Bharat Agri ,INE842D01029,29.51,29.55,30.51,31.33,39.87,-26
Comfort Intech,INE819A01049,6.44,6.5,6.6,7.09,9.01,-28.5
Infinium Pharma,INE0MRE01011,220,221.62,225.36,241.49,263.22,-16.4
Tecil Chemicals,INE014B01011,17.51,19.18,19.49,19.71,22.36,-21.7
Innokaiz India,INE0LDI01022,12.6,12.85,13.86,14.85,18.3,-31.2
Kenvi Jewel,INE923Y01023,2.41,2.42,2.44,2.69,3.18,-24.2
Auro Impex,INE0NUL01018,38,39.33,40.32,44.35,51.79,-26.6
Radhika Jewel,INE583V01021,73.7,74.29,74.37,80.72,89.73,-17.9
Sahana System,INE0LEX01011,823.4,831.28,921.46,1003.66,1285.91,-36
AKI India,INE642Z01026,6.45,6.62,7.12,7.72,9.02,-28.5
Cell Point,INE0O0001013,16.2,16.37,16.8,17.53,19.08,-15.1
Essen Special,INE0ITO01014,159.45,174.72,181.14,210.4,387.81,-58.9
Cyient DLM,INE055S01018,410.7,414.42,420.28,436.75,453.05,-9.4
Tridhya Tech,INE0LWY01029,14.25,14.65,15,16.04,21.59,-34
Synoptics Tech,INE0BTR01012,54.8,56.4,62.92,78.55,90.24,-39.3
Ashapuri Gold,INE05FR01029,5.74,5.77,5.81,5.95,6.7,-14.3
Tejnaksh Health,INE030T01027,15.2,15.3,15.37,16.47,20.2,-24.8
Square Four Pro,INE716K01020,8.33,8.88,9.08,9.42,9.77,-14.7
Servotech Renew,INE782X01033,78.25,78.96,79.85,98.14,123.86,-36.8
Dangee Dums,INE688Y01022,3.52,3.6,3.66,3.93,4.67,-24.6
Shri Techtex,INE0OMF01015,58.1,58.52,60.89,65.5,74.92,-22.5
Zeal Global Ser,INE0PPS01018,90.05,92.81,96.14,104.81,127.81,-29.5
Redtape,INE0LXT01019,119.45,123.01,123.95,130.04,140.91,-15.2
SEL Mfg,INE105I01020,29.64,30.47,32.68,33.4,33.48,-11.5
VL E-Governance,INE03HW01020,19,19.47,20.67,22.64,50.16,-62.1
Sangani Hosp,INE0OVI01010,54,54.59,58.7,64.79,66.66,-19
Srivari Spices,INE0ON201012,126.8,129.12,134.05,141.68,162.18,-21.8
Shelter Pharma,INE013V01011,36,36.58,37.18,40.43,43.37,-17
Sungarner Energ,INE0O3O01017,200.05,207.54,214.29,229.93,299.08,-33.1
Quest Flow,INE0OYE01013,180,181.34,192.95,220.3,346.07,-48
Zaggle Prepaid,INE08U801020,337.65,346.26,351.39,363.47,384.14,-12.1
Marco Cables,INE0QP001012,37.2,37.99,39.55,39.99,43.17,-13.8
Newjaisa Tech,INE0PW501021,26.8,26.88,28.42,32.48,44.82,-40.2
Organic Recyc,INE0MIO01019,223,238.8,245.11,255.01,274.14,-18.7
Sigachi Ind,INE0D0K01022,30.5,30.95,33.34,35.4,40.23,-24.2
Karnika Indus,INE0MGA01012,116.75,118.31,119.26,143.22,446.23,-73.8
Arvind Port,INE0P4T01013,39.5,40.42,41.85,48.5,57.29,-31.1
On Door Concept,INE00ER01015,109.65,115.46,119.07,129.27,167.75,-34.6
Blue Jet Health,INE0KBH01020,527.75,528.02,538,583.19,732.36,-27.9
Mittal Life,INE997Y01027,1.07,1.12,1.21,1.35,1.66,-35.5
Paragon Fine,INE0N4G01012,40.6,40.93,41.8,49.01,62.88,-35.4
Cello World,INE0LMW01024,536.55,542.22,547.95,589.94,592.83,-9.5
Maitreya Medica,INE0PLQ01011,208,213.1,225.62,241.32,269.21,-22.7
HP Adhesives,INE0GSL01024,41.9,41.97,42.42,45.52,50.87,-17.6
Micropro Softwa,INE0PZK01014,19.05,19.54,19.84,21.02,23.89,-20.3
Hindcon Chem,INE642Y01029,26.51,27.08,27.6,29.86,33.95,-21.9
Protean eGOV,INE004A01022,753,759.49,769.21,814.81,1045.3,-28
ROX Hi Tech,INE0PDJ01013,42.85,43.53,44.36,45.84,50.8,-15.7
Deepak Chemtex,INE0RDM01013,105,105.56,109.42,118.08,125.84,-16.6
Siyaram Recycli,INE0QSK01017,53.5,54.46,56.21,75.12,115.98,-53.9
Prudential Sug,INE024D01016,19.8,20.02,22.05,24.7,38.36,-48.4
Electro Force,INE0Q1W01012,33.3,33.8,34.38,37.75,42.1,-20.9
Sameera Agro,INE0PZA01015,12.3,12.88,13.04,13.75,16.08,-23.5
AIK Pipes Poly,INE0QFT01015,29.61,30.8,32.59,44.69,69.38,-57.3
Balaji Val Comp,INE0RNZ01014,105,105.31,105.86,117.82,119.4,-12.1
Kay Cee Energy,INE0RCG01017,146.4,147.69,150.3,183.02,251.29,-41.7
Australian Sola,INE0P0001010,352.8,364.59,373.89,433.18,467.46,-24.5
Maxposure,INE0ECC01022,43.6,44.38,46.51,49.84,59.63,-26.9
Euphoria Info,INE0PYT01018,37.88,40.64,42.21,47.63,48.45,-21.8
Growington Vent,INE451S01027,.74,.77,.86,1.16,1.98,-62.6
Nova Agritech,INE02H701025,39.06,39.09,39.44,43.07,49.53,-21.1
Delaplex,INE0SK801018,130,130.59,131.64,142.78,157.11,-17.3
Megatherm Induc,INE531R01010,211.45,222.84,223.17,237.69,291.97,-27.6
Jana Small Fin,INE953L01027,420,425.6,426.71,446.13,460.5,-8.8
Rudra Gas Enter,INE0OYK01010,70.4,70.73,70.89,77.85,92.79,-24.1
Wise Travel,INE623Y01011,136.65,136.81,137.75,150.68,156.13,-12.5
Juniper Hotels,INE696F01016,245.65,250.84,252.64,254.58,280.36,-12.4
Owais Metal Min,INE0R8M01017,257.4,261.2,278.82,381.74,547.09,-53
Tiger Logis,INE906O01029,35.53,35.98,36.86,39.82,49.15,-27.7
Platinum Inds,INE0PT501018,244,245.29,251.29,265.38,277.67,-12.1
Purv Flexipack,INE0R6C01012,70.55,75.24,86.27,91.14,99.82,-29.3
Mukka Proteins,INE0CG401037,23.95,23.98,24.21,24.88,29.69,-19.3
R K Swamy,INE0NQ801033,109.2,110.76,112.46,122.98,176.42,-38.1
V R Infraspace,INE0QQM01017,145,154.65,171.07,188.78,212.52,-31.8
JG Chemicals,INE0MB501011,343,350.98,356.66,392.5,393.22,-12.8
Sona Machinery,INE0Q6H01012,45,45.79,46.93,58.77,80.94,-44.4
Shree Karni Fab,INE0S4Y01010,479.95,487.97,489.79,527.2,590.02,-18.7
Krystal Integra,INE0QN801017,503,513.53,516.37,549.57,578.38,-13
Refex Ind,INE056I01025,257.45,260.56,279.43,324.89,394.82,-34.8
Dhatre Udyog,INE715T01031,5.65,5.72,5.81,6.2,7.71,-26.7
Jay Kailash Nam,INE0MSS01019,20,20.05,22.21,35,52.36,-61.8
Ramdevbaba Solv,INE0RJH01010,89.45,92.39,97.23,108.49,117.31,-23.8
Finelistings,INE0QOQ01013,16.6,16.97,17.25,22.9,30.63,-45.8
Premier Roadlin,INE0CFG01012,76.75,77.67,77.98,81.58,92.45,-17
Vardhman Poly,INE835A01029,5.95,6.19,6.21,7.04,9.96,-40.3
Awfis Space,INE108V01019,486.5,491.93,498.18,546.66,609.97,-20.2
3C IT Solutions,INE0R7D01018,15.92,15.99,16.83,19.58,23.66,-32.7
DEE Development,INE841L01016,209.8,210.74,215,231.17,257.88,-18.6
Falcon Techno,INE0PQK01013,14.8,15.18,15.7,17.21,24.98,-40.8
Dindigul Farm,INE0S6R01027,14.21,14.92,15.33,17.12,25.74,-44.8
Share Ind Sec,INE932X01026,158.5,163.34,167.39,172.64,176.71,-10.3
Winny Immigrati,INE0S9101013,63,70.15,70.55,94.08,168.07,-62.5
Stanley Lifesty,INE01A001028,192,193.71,211.1,241.71,303.81,-36.8
Sylvan Ply,INE01IH01015,58.5,59.63,62.68,65.55,73.48,-20.4
Worth Invest,INE114O01020,5.29,5.71,6.45,11.56,21.18,-75
National Peroxi,INE0PO601011,429.7,455.61,476.33,537.62,616.97,-30.4
Nephro Care,INE0SUN01013,110.45,110.5,115.99,130.51,142.14,-22.3
Bansal Wire Ind,INE0B9K01025,305.05,307.87,311.68,315.52,358.68,-15
Ganesh Green Bh,INE0R8C01018,306.9,316.98,325.01,374,409.13,-25
Sati Poly Plast,INE0RPM01017,60,61.36,63.5,67.9,92.66,-35.3
Magellanic,INE613C01026,25.36,25.82,27.02,44.66,66.32,-61.8
Manglam Infra,INE0R3101011,19.6,20.12,20.4,21.41,25.75,-23.9
Panorama Stud,INE258R01028,37.99,38.63,40.6,47.92,52.04,-27
VVIP Infratech,INE0MNP01016,120.25,121.59,124.81,138.28,171.16,-29.7
Ashapura Logist,INE0LAA01017,67.95,68.14,68.31,69.43,73.76,-7.9
Bulkcorp Intern,INE0SZ301012,57.1,58.2,60.26,70.32,70.33,-18.8
Cellecor Gadget,INE0OMO01025,28.5,28.9,29.83,30.3,40.99,-30.5
Rushil Decor,INE573K01025,22.3,22.72,23.09,24.48,26.09,-14.5
Positron Energy,INE0S3H01017,204.95,207.01,210.84,274.54,311.4,-34.2
Money Masters,INE340O01021,.71,.74,.82,1,1.99,-64.3
Jay Bee Laminat,INE0SMY01017,114.4,117.07,120.17,142.75,213.9,-46.5
Premier Energie,INE0BS701011,762.45,817.29,870.42,971.66,1000.56,-23.8
Ecos Mobility,INE06HJ01020,197.85,198.97,212.23,220.75,245.24,-19.3
Paramatrix Tech,INE0S2W01018,78.4,79.71,80.13,82.35,87.67,-10.6
Raymond Life,INE02ID01020,1005.85,1022.31,1059.88,1119.6,1170.99,-14.1
Andhra Paper,INE435A01051,66.6,67.02,67.08,71.31,76.8,-13.3
Sanofi Consumer,INE0UOS01011,4406,4502,4551.59,4648.82,4891.78,-9.9
Sportking ,INE885H01029,86.48,86.97,88.2,94.44,100.55,-14
Aditya Ultra,INE01YQ01013,25.5,25.6,27.05,32.35,34.03,-25.1
Nandan Denim,INE875G01048,2.92,2.94,2.97,3.12,3.62,-19.3
Arkade Develop,INE0QRL01017,133.5,135.68,140.13,157.62,168.84,-20.9
Deccan Transcon,INE0S7C01019,23.05,23.69,25.17,29.59,41.73,-44.8
Paramount Speci,INE0Q6001012,28,28.54,29.15,31.72,44.09,-36.5
Divyadhan Recyc,INE0QYI01019,26.85,28.53,30.46,36.1,45.36,-40.8
Saj Hotels,INE00MT01022,54.8,56.12,59.26,64.34,68.46,-20
New Light Indus,INE835U01027,1.37,1.39,1.43,1.62,2.32,-41
Rajnish Retail,INE786J01033,4.83,5.07,5.14,6.4,7.56,-36.1
Shiv Texchem,INE0YRO01015,152,152.83,157.7,169.59,241.35,-37
Harshil Agrotec,INE098E01026,.51,.52,.54,.57,1.73,-70.5
Deepak Builders,INE0OPA01019,116.55,117.35,118.89,135.85,144.43,-19.3
Jash Engg,INE039O01029,408.45,427.18,433.83,461.37,512.38,-20.3
KCK Industries,INE0J1E01027,26,26.02,29.23,31.01,39.38,-34
Afcons Infra,INE101I01011,377,386.59,389.67,414.23,435.56,-13.4
Motisons Jewel,INE0FRK01020,13.92,14.4,15.4,16.33,18.88,-26.3
JTL Industries,INE391J01032,58.55,59.21,60.16,63.68,74.7,-21.6
NivaBupa Health,INE995S01015,74.76,75.17,75.27,75.59,79.85,-6.4
Lamosaic India,INE0R0201012,34,34.43,35.08,37.96,42.98,-20.9
Cupid Breweries,INE108G01010,41.47,43.3,45.09,77.01,99.11,-58.2
Suraksha Diagno,INE877V01027,270.2,272.55,275.03,293.91,304.72,-11.3
Shradha AI Tech,INE489B01031,30.55,31.91,33.2,35.67,40.41,-24.4
Odigma Consulta,INE054301028,31.35,31.83,31.98,35.57,40.02,-21.7
One Mobikwik,INE0HLU01028,227.1,229.42,232.71,246.64,279.81,-18.8
Supreme Facilit,INE0U6N01014,30,30.89,31.05,35.75,37.17,-19.3
Hamps Bio,INE0QBD01018,18.5,19.37,21.35,23.59,24.68,-25
Identical Brain,INE0TD101011,22.2,22.76,23.94,31.41,42.42,-47.7
Unimech Aerospa,INE0U3I01011,897.8,908.46,924.95,965,1071.65,-16.2
Anya Polytech,INE0SI601032,19.55,20.14,21.35,22.54,23.71,-17.6
Jagsonpal Phar,INE048B01035,187.5,191.28,197.56,208.66,226.35,-17.2
Julien Agro,INE890N01027,2.12,2.17,2.45,2.86,4.06,-47.8
Fabtech Tec Cle,INE0HSD01011,302.8,312.98,316.77,334.38,345.35,-12.3
Standard Glass,INE0M4D01010,142.2,147.44,150.33,163.18,165.45,-14.1
BR Goyal Infra,INE00ST01011,116.3,120.95,122.05,129.62,131.95,-11.9
Blue Cloud Soft,INE373T01047,21.33,21.46,23.32,24.53,26.91,-20.7
Rikhav Securiti,INE0CFH01028,55.18,55.47,56.06,62.2,71.54,-22.9
H.M. Electro,INE0DZD01015,54.04,54.62,56.42,58.27,66.26,-18.4
Mohite Ind,INE154B01023,2.78,2.83,2.93,3.07,3.16,-12
Ksolves India,INE0D6I01023,282.1,285.44,287.57,304.66,360.14,-21.7
T T,INE592B01024,8.3,8.36,8.56,9.25,12.14,-31.6
Solarium Green,INE0W0H01017,226,233.78,237.01,283.62,322.03,-29.8
Eleganz Interio,INE0R9101015,88,91.73,98.29,108.2,124.01,-29
Conart Engg,INE714D01020,81.95,95.9,95.96,97.89,103.96,-21.2
L.K.Mehta Poly,INE0FFF01017,42.51,46.32,48.7,50.84,52.19,-18.6
Swasth Foodtech,INE0TIR01017,25,25.4,26.48,29.58,33.05,-24.4
Mehai Tech,INE062Y01020,1.63,1.67,1.68,3.36,13.92,-88.3
Prabha Energy,INE0I0M01023,183,186.45,186.84,198.97,224.54,-18.5
Last Mile Ent,INE404B01022,8.43,8.87,9.84,11.97,19.17,-56
Softrak Biotech,INE562E01021,1.83,1.94,2.12,2.48,2.7,-32.2
Desco Infratech,INE0TGG01014,184,189.55,198.78,220.89,232.11,-20.7
ATC Energies,INE0V0Q01019,35.5,36.63,37.73,43.89,67.22,-47.2
Kapil Raj Fin,INE332Q01023,2.99,3.01,3.19,3.48,5.6,-46.6
Akme Fintrade,INE916Y01027,6.36,6.39,6.73,7.39,7.53,-15.5
Srigee DLM,INE0RJ901010,83.01,85.29,91.09,109.93,180.44,-54
Virtual Galaxy,INE0VRH01015,151.35,152.27,153.61,159.43,169.4,-10.7
Digitide Solut,INE0U4701011,129.5,130.74,134.74,146.42,183.43,-29.4
Ganga Bath Fit,INE0ZI101018,20.2,20.69,21.31,23.33,27.04,-25.3
Jeena Sikho,INE0J5801029,670,675.57,701.57,723.46,734.05,-8.7
Oswal Pumps,INE0BYP01024,505.25,518.9,528.44,617.08,694.67,-27.3
Laddu Gopal,INE546I01025,1.01,1.02,1.04,1.16,2.52,-59.9
Adi Birla Life,INE14LE01019,120.3,124.72,124.95,130.95,139.03,-13.5
Aakaar Medical,INE1GYP01013,69.85,71.26,73.17,78.82,82.49,-15.3
Padam Cotton Ya,INE448D01025,3.32,3.34,3.42,3.57,6.42,-48.3
Ellenbarrie Ind,INE236E01022,321,333.7,344.67,400.54,472.23,-32
Globe Civil Pro,INE0V3U01015,58.33,59.74,60.21,66.16,73.42,-20.6
Shri Hare-Krish,INE0NON01025,55.1,56.15,56.2,59.36,63.61,-13.4
Suntech Infra,INE0SGZ01016,40.65,41.92,43.4,47.94,61.59,-34
Moving Media,INE0XM301010,49,49.63,50.51,56.47,64.33,-23.8
Neetu Yoshi,INE0UZO01024,103,105.63,109.93,115.72,121.9,-15.5
Cool Caps Ind,INE0HS001028,68.9,69.12,71.81,77.03,80.45,-14.4
Cedaar Textile,INE11J101017,59.6,59.97,69.25,80.24,97.76,-39
Marc Loire Fash,INE0TBQ01014,44.05,45.13,46.1,55.26,58.96,-25.3
Pushpa Jeweller,INE154801018,102,102.57,105.77,118.53,126.84,-19.6
Emkay Tools,INE0PXC01024,835,839.01,867.27,873.43,913.5,-8.6
Crizac,INE0S4R01014,275.65,281,282.35,289.35,310.14,-11.1
Meta Infotech,INE162901016,114,116.3,117.85,130.33,150.67,-24.3
Chemkart India,INE0VWL01017,124.1,127,141,185.21,201.45,-38.4
Anthem Bioscien,INE0CZ201020,642.25,646.8,661.98,683.91,736.58,-12.8
Monarch Survey,INE0V0L01028,211,211.21,216.11,238,252.1,-16.3
TSC India,INE16VK01010,47,48.2,49.05,56.23,60.62,-22.5
Kaytex Fabrics,INE13ZD01013,71,73.7,75.25,82.23,96.06,-26.1
Cash UR Drive,INE0WL201014,125,130.95,138.49,145.12,146.6,-14.7
Essex Marine,INE1IBY01019,23.12,23.83,25.16,26.17,27.67,-16.4
Jyoti Global,INE1M3T01017,39.85,42.92,48.4,54.94,56.01,-28.9
All Time Plasti,INE0GV601021,262.5,262.75,264.19,277.77,281.39,-6.7
Medistep Health,INE0UOY01019,24.25,24.52,25.09,26.86,29.89,-18.9
Star Imaging,INE0YG001013,85.95,89.03,97.98,121.84,126.88,-32.3
Icodex Publish,INE111601014,47.05,47.39,49.83,52.86,53.92,-12.7
Bemco ,INE142E01022,95.65,97.24,99.19,109.82,111.62,-14.3
Studio LSD,INE17VO01028,12.6,12.98,13.53,16.01,19.25,-34.6
Vikram Solar,INE078V01014,236.4,238.11,238.86,283.56,302.12,-21.8
Pavna Ind,INE07S101038,22.43,22.77,25.04,31.1,37.8,-40.7
Shivashrit Food,INE1DLF01018,129.4,129.68,131.25,131.95,132.64,-2.4
Sattva Engg Con,INE14DW01018,58.95,61.85,64.19,75.58,83.34,-29.3
Abril Papers,INE15MX01014,40.5,40.8,41.98,42.69,43.82,-7.6
Snehaa Organics,INE1OIC01018,59.7,64.12,70.7,79.09,83.77,-28.7
Austere Systems,INE104201012,45.5,47.54,50.69,53.77,56.17,-19
Fischer Medical,INE771F01041,41.63,41.69,43.21,65.13,82.18,-49.3
Vigor Plast,INE1DM601016,70.2,71.89,78.31,82.35,83.52,-16
Vashishtha Luxu,INE0WRP01016,110,118.55,136.62,154.97,157.42,-30.1
Kesar Ent,INE133B01027,6.14,6.29,6.59,7.92,8.75,-29.8
Sampat Aluminiu,INE10XS01012,68,70.42,71.59,76.35,78.26,-13.1
Ganesh Consumer,INE652V01016,219.55,224.14,228.54,259.91,263.66,-16.7
Jaro Institute,INE00YJ01010,443.55,457.93,517.6,600.88,614.52,-27.8
BMW Ventures,INE965W01036,56.25,57.03,58.81,62.84,63.23,-11
Chatterbox Tech,INE1B4801017,73,76.38,82.01,109.55,111.4,-34.5
Jinkushal Indus,INE1FF001016,89,89.97,97.57,108.44,108.94,-18.3
Trualt Bioenerg,INE0MWH01014,400.7,403.35,405.44,437.77,443.24,-9.6
KVS Castings,INE163701019,59,62.62,65.88,68.34,68.47,-13.8
Manas Polymers,INE0U4H01011,84.3,88.86,94.24,106.33,106.99,-21.2
Suba Hotels,INE0RYR01018,137.75,140.51,146,162.16,162.54,-15.3
Welcure Drugs,INE331C01025,.42,.43,.45,.55,.82,-48.8
Fineotex ,INE045J01034,24.1,24.46,24.55,24.98,25.56,-5.7
Websol Energ,INE855C01023,84.45,87.63,89.31,108.78,123.83,-31.8
Unison Metal,INE099D01026,1.36,1.4,1.59,1.93,2.27,-40.1
Bharat Rasayan,INE838B01021,2150,2197.54,2344.22,2516.54,2535.43,-15.2
Mrs Bectors,INE495P01020,240.55,241.74,247.72,256.52,280.27,-14.2
