1,LM0377,INE1CEJ01017,E to E Transpor,2025-12-26,174,84.22,330.6,295.9,143.22,59,70.1
2,LM1085,INE0YJA01011,Nanta Tech,2025-12-23,220,31.81,234,269.5,38.97,7.16,22.5
3,LM1065,INE0XLO01010,Admach Systems,2025-12-23,239,42.6,191.2,224.05,39.94,-2.66,-6.3
4,LM0377,INE1IJQ01026,Bai-Kakaji Poly,2025-12-23,186,105.17,190,185,104.61,-.57,-.5
5,LM0377,INE2HJL01019,Dhara Rail Proj,2025-12-23,126,50.2,150,131.15,52.25,2.05,4.1
6,LM0130,INE0X4A01013,Apollo Techno,2025-12-23,130,47.96,145,141.65,52.25,4.3,9
7,LM1051,INE0V0W01025,Gujarat Kidney,2025-12-22,114,250.8,120.75,101.1,222.42,-28.38,-11.3
8,LM1091,INE1KEC01023,EPW India,2025-12-22,97,31.81,111,101.7,33.35,1.54,4.8
9,LM1048,INE0CTB01014,Sundrex Oil,2025-12-22,86,32.25,68.8,50.65,19,-13.26,-41.1
10,LM0385,INE1CRP01016,Shyam Dhani Ind,2025-12-22,70,38.49,133,114.45,62.92,24.44,63.5
11,LM2011,INE1F9M01018,Dachepalli Publ,2025-12-22,102,40.39,81.6,80.64,31.93,-8.46,-20.9
12,LM1082,INE1ITY01011,Global Ocean,2025-12-17,78,30.41,79.2,95.61,37.28,6.87,22.6
13,LM1052,INE0TD401015,Marc Technocrat,2025-12-17,93,42.59,74.4,48.15,22.05,-20.54,-48.2
14,LM1066,INE987S01020,KSH Internation,2025-12-16,384,644.45,370,377.8,634.04,-10.41,-1.6
15,LM0388,INE987S01020,KSH Internation,2025-12-16,384,644.45,370,377.8,634.04,-10.41,-1.6
16,LM0332,INE1NQ501012,Neptune Logitek,2025-12-15,126,46.62,100.8,54.43,20.14,-26.48,-56.8
17,LM1066,INE346A01027,ICICI Pru Asset,2025-12-12,2165,10602.65,2606.2,2694.5,13195.77,2593.12,24.5
18,LM0958,INE346A01027,ICICI Pru Asset,2025-12-12,2165,10602.65,2606.2,2694.5,13195.77,2593.12,24.5
19,LM0804,INE346A01027,ICICI Pru Asset,2025-12-12,2165,10602.65,2606.2,2694.5,13195.77,2593.12,24.5
20,LM0625,INE346A01027,ICICI Pru Asset,2025-12-12,2165,10602.65,2606.2,2694.5,13195.77,2593.12,24.5
21,LM0626,INE346A01027,ICICI Pru Asset,2025-12-12,2165,10602.65,2606.2,2694.5,13195.77,2593.12,24.5
22,LM0672,INE346A01027,ICICI Pru Asset,2025-12-12,2165,10602.65,2606.2,2694.5,13195.77,2593.12,24.5
23,LM0530,INE346A01027,ICICI Pru Asset,2025-12-12,2165,10602.65,2606.2,2694.5,13195.77,2593.12,24.5
24,LM0405,INE346A01027,ICICI Pru Asset,2025-12-12,2165,10602.65,2606.2,2694.5,13195.77,2593.12,24.5
25,LM0363,INE346A01027,ICICI Pru Asset,2025-12-12,2165,10602.65,2606.2,2694.5,13195.77,2593.12,24.5
26,LM1052,INE19I001020,Exim Routes,2025-12-12,88,43.73,110,213.15,105.93,62.19,142.2
27,LM1075,INE1A6Q01010,Ashwini Contain,2025-12-12,142,71,147,142.65,71.33,.33,.5
28,LM2010,INE16QA01011,Stanbik Agro,2025-12-12,30,12.28,31.75,33.5,13.71,1.43,11.7
29,LM0089,INE346A01027,ICICI Pru Asset,2025-12-12,2165,10602.65,2606.2,2694.5,13195.77,2593.12,24.5
30,LM0092,INE346A01027,ICICI Pru Asset,2025-12-12,2165,10602.65,2606.2,2694.5,13195.77,2593.12,24.5
31,LM0103,INE346A01027,ICICI Pru Asset,2025-12-12,2165,10602.65,2606.2,2694.5,13195.77,2593.12,24.5
32,LM0105,INE346A01027,ICICI Pru Asset,2025-12-12,2165,10602.65,2606.2,2694.5,13195.77,2593.12,24.5
33,LM0164,INE346A01027,ICICI Pru Asset,2025-12-12,2165,10602.65,2606.2,2694.5,13195.77,2593.12,24.5
34,LM0203,INE346A01027,ICICI Pru Asset,2025-12-12,2165,10602.65,2606.2,2694.5,13195.77,2593.12,24.5
35,LM0347,INE346A01027,ICICI Pru Asset,2025-12-12,2165,10602.65,2606.2,2694.5,13195.77,2593.12,24.5
36,LM0388,INE346A01027,ICICI Pru Asset,2025-12-12,2165,10602.65,2606.2,2694.5,13195.77,2593.12,24.5
37,LM0468,INE346A01027,ICICI Pru Asset,2025-12-12,2165,10602.65,2606.2,2694.5,13195.77,2593.12,24.5
38,LM1077,INE1E1V01017,HRS Aluglaze,2025-12-11,96,50.92,126,158.15,83.88,32.96,64.7
39,LM1085,INE14LM01012,Pajson Agro,2025-12-11,118,74.45,124,156.95,99.03,24.58,33
40,LM1066,INE119201023,Park Medi World,2025-12-10,162,920,155.6,148.15,841.35,-78.65,-8.5
41,LM0454,INE119201023,Park Medi World,2025-12-10,162,920,155.6,148.15,841.35,-78.65,-8.5
42,LM0164,INE119201023,Park Medi World,2025-12-10,162,920,155.6,148.15,841.35,-78.65,-8.5
43,LM0394,INE119201023,Park Medi World,2025-12-10,162,920,155.6,148.15,841.35,-78.65,-8.5
44,LM0405,INE428V01029,Nephrocare Heal,2025-12-10,460,871.39,491.7,492.1,932.2,60.81,7
45,LM0048,INE428V01029,Nephrocare Heal,2025-12-10,460,871.39,491.7,492.1,932.2,60.81,7
46,LM1091,INE1FHV01026,Unisem Agritech,2025-12-10,65,21.45,65,57.91,19.11,-2.34,-10.9
47,LM0388,INE428V01029,Nephrocare Heal,2025-12-10,460,871.39,491.7,492.1,932.2,60.81,7
48,LM0672,INE428V01029,Nephrocare Heal,2025-12-10,460,871.39,491.7,492.1,932.2,60.81,7
49,LM0307,INE0O9L01010,Shipwaves Onlin,2025-12-10,12,56.35,12,5.01,23.53,-32.83,-58.3
50,LM1068,INE1DKT01011,Riddhi Display,2025-12-08,100,24.68,80,40.08,9.89,-14.79,-59.9
51,LM1034,INE1IE301018,KV TOYS INDIA,2025-12-08,239,40.15,320,334.6,56.21,16.06,40
52,LM2007,INE0E7301029,Wakefit Innovat,2025-12-08,195,1288.89,194.1,168.55,1114.06,-174.83,-13.6
53,LM0672,INE0E7301029,Wakefit Innovat,2025-12-08,195,1288.89,194.1,168.55,1114.06,-174.83,-13.6
54,LM0468,INE02ZQ01018,Corona Remedies,2025-12-08,1062,655.68,1452,1430.35,883.11,227.42,34.7
55,LM0405,INE02ZQ01018,Corona Remedies,2025-12-08,1062,655.68,1452,1430.35,883.11,227.42,34.7
56,LM0530,INE02ZQ01018,Corona Remedies,2025-12-08,1062,655.68,1452,1430.35,883.11,227.42,34.7
57,LM1077,INE10XK01019,Prodocs Solutio,2025-12-08,138,27.6,144,202,40.4,12.8,46.4
58,LM0405,INE0E7301029,Wakefit Innovat,2025-12-08,195,1288.89,194.1,168.55,1114.06,-174.83,-13.6
59,LM1069,INE0QZR01017,Methodhub Soft,2025-12-05,194,102.49,155.2,131.9,69.68,-32.81,-32
60,LM0351,INE0SQZ01015,Flywings Simula,2025-12-05,191,57.05,195,219,65.41,8.36,14.7
61,LM0889,INE0SQZ01015,Flywings Simula,2025-12-05,191,57.05,195,219,65.41,8.36,14.7
62,LM1078,INE433T01015,Encompass Desig,2025-12-05,107,40.21,203.3,246.25,92.55,52.34,130.1
63,LM1050,INE0QZR01017,Methodhub Soft,2025-12-05,194,102.49,155.2,131.9,69.68,-32.81,-32
64,LM1034,INE1CJB01013,Luxury Time,2025-12-04,82,18.74,155.8,92.99,21.25,2.51,13.4
65,LM0889,INE1MF401019,Western Oversea,2025-12-04,56,10.07,54.9,19.85,3.57,-6.5,-64.6
66,LM0625,INE0VDM01015,Meesho,2025-12-03,111,5421.2,161.2,182.3,8903.47,3482.27,64.2
67,LM0530,INE0VDM01015,Meesho,2025-12-03,111,5421.2,161.2,182.3,8903.47,3482.27,64.2
68,LM0203,INE0VDM01015,Meesho,2025-12-03,111,5421.2,161.2,182.3,8903.47,3482.27,64.2
69,LM0475,INE0VDM01015,Meesho,2025-12-03,111,5421.2,161.2,182.3,8903.47,3482.27,64.2
70,LM0713,INE14UN01029,Vidya Wires,2025-12-03,52,300.01,52.13,49.76,287.08,-12.92,-4.3
71,LM1071,INE1V4601019,ShriKanha Stain,2025-12-03,90,46.28,88,24.25,12.47,-33.81,-73.1
72,LM0530,INE947N01017,Aequs,2025-12-03,124,922.01,140,140.65,1045.81,123.8,13.4
73,LM0405,INE947N01017,Aequs,2025-12-03,124,922.01,140,140.65,1045.81,123.8,13.4
74,LM0468,INE947N01017,Aequs,2025-12-03,124,922.01,140,140.65,1045.81,123.8,13.4
75,LM0392,INE14UN01029,Vidya Wires,2025-12-03,52,300.01,52.13,49.76,287.08,-12.92,-4.3
76,LM0092,INE0VDM01015,Meesho,2025-12-03,111,5421.2,161.2,182.3,8903.47,3482.27,64.2
77,LM0519,INE1FJE01010,Helloji Holiday,2025-12-02,118,10.96,118,128,11.89,.93,8.5
78,LM1005,INE21UM01018,Neochem Solutio,2025-12-02,98,44.97,108,82.55,37.88,-7.09,-15.8
79,LM2005,INE0RUY01012,Astron Multigra,2025-12-01,63,18.4,50.4,19.96,5.83,-12.57,-68.3
80,LM1082,INE0W4D01018,Ravelcare,2025-12-01,130,24.1,201,141.55,26.24,2.14,8.9
81,LM0964,INE1CW901027,SPEB Adhesives,2025-12-01,56,33.73,60,56.1,33.79,.06,.2
82,LM1083,INE0XJ501010,Invicta Diagnos,2025-12-01,85,28.12,100,79.55,26.32,-1.8,-6.4
83,LM1050,INE1EF801010,Clear Secured,2025-12-01,132,85.6,119,135.25,87.71,2.11,2.5
84,LM1069,INE1EF801010,Clear Secured,2025-12-01,132,85.6,119,135.25,87.71,2.11,2.5
85,LM1072,INE1BA901016,Logiciel Soluti,2025-11-28,193,39.9,154.4,64.81,13.4,-26.5,-66.4
86,LM1034,INE1E4401010,Exato Technolo,2025-11-28,140,37.45,266,336.75,90.08,52.63,140.5
87,LM1085,INE0VDK01019,Purple Wave Inf,2025-11-28,126,31.45,132,125.1,31.22,-.22,-.7
88,LM1082,INE0UH001016,Mother Nutri,2025-11-26,117,39.59,118.4,179.35,60.69,21.1,53.3
89,LM2007,INE0EOJ01014,K K Silk Mills,2025-11-26,38,28.5,32,18.7,14.03,-14.48,-50.8
90,LM0405,INE0QPI01025,Sudeep Pharma,2025-11-21,593,895,733.95,590.55,891.3,-3.7,-.4
91,LM0388,INE0QPI01025,Sudeep Pharma,2025-11-21,593,895,733.95,590.55,891.3,-3.7,-.4
92,LM1092,INE0BUQ01012,Gallard Steel,2025-11-19,150,37.5,223.1,183.45,45.86,8.36,22.3
93,LM0057,INE606N01019,Excelsoft Tech,2025-11-19,120,500,135,86.1,358.75,-141.25,-28.3
94,LM0672,INE0ILV01024,Capillary Tech,2025-11-14,577,877.7,560,667,1014.6,136.9,15.6
95,LM0468,INE0ILV01024,Capillary Tech,2025-11-14,577,877.7,560,667,1014.6,136.9,15.6
96,LM0405,INE0ILV01024,Capillary Tech,2025-11-14,577,877.7,560,667,1014.6,136.9,15.6
97,LM0804,INE12UR01024,Fujiyama Power,2025-11-13,228,828,218.4,220.05,799.13,-28.87,-3.5
98,LM0626,INE12UR01024,Fujiyama Power,2025-11-13,228,828,218.4,220.05,799.13,-28.87,-3.5
99,LM0468,INE19RI01016,Tenneco Clean,2025-11-12,397,3600,498,517.95,4696.78,1096.78,30.5
100,LM0370,INE19RI01016,Tenneco Clean,2025-11-12,397,3600,498,517.95,4696.78,1096.78,30.5
101,LM0203,INE19RI01016,Tenneco Clean,2025-11-12,397,3600,498,517.95,4696.78,1096.78,30.5
102,LM0092,INE19RI01016,Tenneco Clean,2025-11-12,397,3600,498,517.95,4696.78,1096.78,30.5
103,LM0530,INE1C6T01020,Emmvee Photovol,2025-11-11,217,2900,217,200.1,2674.15,-225.85,-7.8
104,LM0484,INE1C6T01020,Emmvee Photovol,2025-11-11,217,2900,217,200.1,2674.15,-225.85,-7.8
105,LM0405,INE1C6T01020,Emmvee Photovol,2025-11-11,217,2900,217,200.1,2674.15,-225.85,-7.8
106,LM0468,INE1C6T01020,Emmvee Photovol,2025-11-11,217,2900,217,200.1,2674.15,-225.85,-7.8
107,LM0475,INE0LP301011,Physicswallah,2025-11-11,109,3426.71,143.1,129,4055.46,628.75,18.3
108,LM0092,INE0LP301011,Physicswallah,2025-11-11,109,3426.71,143.1,129,4055.46,628.75,18.3
109,LM1050,INE1I1301016,Workmates Core2,2025-11-11,204,69.84,387.6,373.95,128.03,58.18,83.3
110,LM0355,INE0U9D01019,Mahamaya Life,2025-11-11,114,70.44,116,190.5,117.71,47.27,67.1
111,LM1069,INE1I1301016,Workmates Core2,2025-11-11,204,69.84,387.6,373.95,128.03,58.18,83.3
112,LM0347,INE0LP301011,Physicswallah,2025-11-11,109,3426.71,143.1,129,4055.46,628.75,18.3
113,LM0530,INE0LP301011,Physicswallah,2025-11-11,109,3426.71,143.1,129,4055.46,628.75,18.3
114,LM0625,INE15B701018,Pine Labs,2025-11-07,221,3900.17,242,240.85,4250.48,350.31,9
115,LM0484,INE15B701018,Pine Labs,2025-11-07,221,3900.17,242,240.85,4250.48,350.31,9
116,LM0203,INE15B701018,Pine Labs,2025-11-07,221,3900.17,242,240.85,4250.48,350.31,9
117,LM0092,INE15B701018,Pine Labs,2025-11-07,221,3900.17,242,240.85,4250.48,350.31,9
118,LM0475,INE15B701018,Pine Labs,2025-11-07,221,3900.17,242,240.85,4250.48,350.31,9
119,LM0889,INE0D8001018,Shining Tools,2025-11-07,114,17.1,104,64.98,9.75,-7.35,-43
120,LM1076,INE0EDU01014,Finbud Financia,2025-11-06,142,71.68,157,128.55,64.89,-6.79,-9.5
121,LM0626,INE0HOQ01053,Groww BBGV,2025-11-04,100,6632.3,114,155.45,10309.91,3677.61,55.5
122,LM0530,INE0HOQ01053,Groww BBGV,2025-11-04,100,6632.3,114,155.45,10309.91,3677.61,55.5
123,LM0475,INE0HOQ01053,Groww BBGV,2025-11-04,100,6632.3,114,155.45,10309.91,3677.61,55.5
124,LM0092,INE0HOQ01053,Groww BBGV,2025-11-04,100,6632.3,114,155.45,10309.91,3677.61,55.5
125,LM0203,INE0HOQ01053,Groww BBGV,2025-11-04,100,6632.3,114,155.45,10309.91,3677.61,55.5
126,LM1032,INE1FL101016,Shreeji Global,2025-11-04,125,85,100,117,79.56,-5.44,-6.4
127,LM0625,INE956O01016,Lenskart Solu,2025-10-31,402,7278.02,390,445.15,8059.23,781.21,10.7
128,LM0530,INE956O01016,Lenskart Solu,2025-10-31,402,7278.02,390,445.15,8059.23,781.21,10.7
129,LM0203,INE956O01016,Lenskart Solu,2025-10-31,402,7278.02,390,445.15,8059.23,781.21,10.7
130,LM0454,INE956O01016,Lenskart Solu,2025-10-31,402,7278.02,390,445.15,8059.23,781.21,10.7
131,LM0089,INE956O01016,Lenskart Solu,2025-10-31,402,7278.02,390,445.15,8059.23,781.21,10.7
132,LM0092,INE956O01016,Lenskart Solu,2025-10-31,402,7278.02,390,445.15,8059.23,781.21,10.7
133,LM0405,INE00Q601028,Studds Accessor,2025-10-30,585,455.49,570,537.25,418.31,-37.18,-8.2
134,LM0388,INE00Q601028,Studds Accessor,2025-10-30,585,455.49,570,537.25,418.31,-37.18,-8.2
135,LM0530,INE16NZ01023,Orkla India,2025-10-29,730,1667.54,751.5,617.15,1409.76,-257.78,-15.5
136,LM0475,INE16NZ01023,Orkla India,2025-10-29,730,1667.54,751.5,617.15,1409.76,-257.78,-15.5
137,LM0203,INE16NZ01023,Orkla India,2025-10-29,730,1667.54,751.5,617.15,1409.76,-257.78,-15.5
138,LM0388,INE16NZ01023,Orkla India,2025-10-29,730,1667.54,751.5,617.15,1409.76,-257.78,-15.5
139,LM0908,INE0SVZ01015,Safecure Servic,2025-10-29,102,30.6,81.6,36.3,10.89,-19.71,-64.4
140,LM1067,INE1GUJ01014,Game Changers,2025-10-28,102,54.84,104.15,144.1,77.47,22.63,41.3
141,LM0626,INE0XAD01024,Midwest,2025-10-15,1065,451.1,1165.1,1768.8,749.21,298.11,66.1
142,LM0454,INE0XAD01024,Midwest,2025-10-15,1065,451.1,1165.1,1768.8,749.21,298.11,66.1
143,LM0394,INE0XAD01024,Midwest,2025-10-15,1065,451.1,1165.1,1768.8,749.21,298.11,66.1
144,LM0804,INE01TY01017,CanaraHSBC Life,2025-10-10,106,2517.5,106,148.95,3537.56,1020.06,40.5
145,LM0626,INE01TY01017,CanaraHSBC Life,2025-10-10,106,2517.5,106,148.95,3537.56,1020.06,40.5
146,LM0468,INE01TY01017,CanaraHSBC Life,2025-10-10,106,2517.5,106,148.95,3537.56,1020.06,40.5
147,LM0103,INE01TY01017,CanaraHSBC Life,2025-10-10,106,2517.5,106,148.95,3537.56,1020.06,40.5
148,LM0889,INE0SFA01011,Sihora Indust,2025-10-10,66,10.56,70,62.13,9.94,-.62,-5.9
149,LM0519,INE13YH01017,SK Minerals Add,2025-10-10,127,41.15,145,141,45.68,4.54,11
150,LM0370,INE01TY01017,CanaraHSBC Life,2025-10-10,106,2517.5,106,148.95,3537.56,1020.06,40.5
151,LM0804,INE506V01022,Rubicon Researc,2025-10-09,485,1377.68,620.1,663.45,1884.59,506.9,36.8
152,LM0468,INE506V01022,Rubicon Researc,2025-10-09,485,1377.68,620.1,663.45,1884.59,506.9,36.8
153,LM0405,INE506V01022,Rubicon Researc,2025-10-09,485,1377.68,620.1,663.45,1884.59,506.9,36.8
154,LM0092,INE506V01022,Rubicon Researc,2025-10-09,485,1377.68,620.1,663.45,1884.59,506.9,36.8
155,LM0092,INE218I01013,Canara Robeco,2025-10-09,266,1326.13,280.25,310.65,1548.73,222.6,16.8
156,LM0468,INE218I01013,Canara Robeco,2025-10-09,266,1326.13,280.25,310.65,1548.73,222.6,16.8
157,LM0804,INE218I01013,Canara Robeco,2025-10-09,266,1326.13,280.25,310.65,1548.73,222.6,16.8
158,LM1089,INE833Q01012,Mittal Sections,2025-10-07,143,52.91,114.4,41,15.17,-37.74,-71.3
159,LM0625,INE324D01010,LG Electronics,2025-10-07,1140,11607.01,1715,1494.3,15214.34,3607.34,31.1
160,LM0203,INE324D01010,LG Electronics,2025-10-07,1140,11607.01,1715,1494.3,15214.34,3607.34,31.1
161,LM0475,INE324D01010,LG Electronics,2025-10-07,1140,11607.01,1715,1494.3,15214.34,3607.34,31.1
162,LM0092,INE324D01010,LG Electronics,2025-10-07,1140,11607.01,1715,1494.3,15214.34,3607.34,31.1
163,LM0105,INE324D01010,LG Electronics,2025-10-07,1140,11607.01,1715,1494.3,15214.34,3607.34,31.1
164,LM0804,INE976I01016,Tata Capital,2025-10-06,326,15511.87,330,361.6,17205.81,1693.93,10.9
165,LM0530,INE976I01016,Tata Capital,2025-10-06,326,15511.87,330,361.6,17205.81,1693.93,10.9
166,LM0475,INE976I01016,Tata Capital,2025-10-06,326,15511.87,330,361.6,17205.81,1693.93,10.9
167,LM0405,INE976I01016,Tata Capital,2025-10-06,326,15511.87,330,361.6,17205.81,1693.93,10.9
168,LM0203,INE976I01016,Tata Capital,2025-10-06,326,15511.87,330,361.6,17205.81,1693.93,10.9
169,LM0092,INE976I01016,Tata Capital,2025-10-06,326,15511.87,330,361.6,17205.81,1693.93,10.9
170,LM0103,INE976I01016,Tata Capital,2025-10-06,326,15511.87,330,361.6,17205.81,1693.93,10.9
171,LM0363,INE976I01016,Tata Capital,2025-10-06,326,15511.87,330,361.6,17205.81,1693.93,10.9
172,LM0370,INE976I01016,Tata Capital,2025-10-06,326,15511.87,330,361.6,17205.81,1693.93,10.9
173,LM0388,INE976I01016,Tata Capital,2025-10-06,326,15511.87,330,361.6,17205.81,1693.93,10.9
174,LM2002,INE085001019,WeWork India,2025-10-03,648,3000,646.5,612.55,2835.88,-164.12,-5.5
175,LM0530,INE085001019,WeWork India,2025-10-03,648,3000,646.5,612.55,2835.88,-164.12,-5.5
176,LM0468,INE085001019,WeWork India,2025-10-03,648,3000,646.5,612.55,2835.88,-164.12,-5.5
177,LM0484,INE085001019,WeWork India,2025-10-03,648,3000,646.5,612.55,2835.88,-164.12,-5.5
178,LM0461,INE0SLP01017,NSB BPO Solutio,2025-10-03,147,77.91,121.45,93.45,49.53,-28.38,-36.4
179,LM0388,INE085001019,WeWork India,2025-10-03,648,3000,646.5,612.55,2835.88,-164.12,-5.5
180,LM0198,INE1B0W01010,Advance Agro,2025-09-30,100,192.86,113,132.5,255.54,62.68,32.5
181,LM0377,INE1B3501014,Zelio E-Mobilit,2025-09-30,136,78.34,154.9,396.35,228.3,149.96,191.4
182,LM1072,INE0QP701017,Valplast Techno,2025-09-30,54,28.09,57,55,28.61,.52,1.9
183,LM1052,INE0YJV01017,Sheel Biotech,2025-09-30,63,34.02,91,70.5,38.07,4.05,11.9
184,LM0351,INE1K8Y01018,Munish Forge,2025-09-30,96,73.92,105,103,79.31,5.39,7.3
185,LM1085,INE0PLX01017,Greenleaf Envir,2025-09-30,136,21.9,134.9,170,27.37,5.47,25
186,LM0461,INE17CQ01015,BAG Convergence,2025-09-30,87,48.72,101,120.25,67.34,18.62,38.2
187,LM1032,INE1EUB01016,Shlokka Dyes,2025-09-30,100,63.5,90,34.45,21.88,-41.63,-65.6
188,LM0385,INE16XA01017,Infinity Infowa,2025-09-30,155,24.42,294.5,417.8,65.81,41.4,169.5
189,LM1051,INE10CM01027,Sunsky Logistic,2025-09-30,46,16.84,51,69,25.25,8.42,50
190,LM0307,INE0SPJ01011,Dhillon Freight,2025-09-29,72,10.08,57.6,40,5.6,-4.48,-44.4
191,LM0713,INE0TQE01026,Glottis,2025-09-29,129,307,88,60.51,144.01,-163,-53.1
192,LM0964,INE0HF201011,Fabtech Techno,2025-09-29,191,230.35,191,197.65,238.37,8.02,3.5
193,LM0307,INE12P101018,Chiraharit,2025-09-29,21,31.07,16.8,8.69,12.86,-18.21,-58.6
194,LM0148,INE0QU501030,Sodhani Capital,2025-09-29,51,10.71,80,84,17.64,6.93,64.7
195,LM1087,INE0R8Q01018,Om Metallogic,2025-09-29,86,22.35,85,26,6.76,-15.59,-69.8
196,LM1085,INE0WL901019,VijayPD Ceutica,2025-09-29,35,19.25,35,42,23.1,3.85,20
197,LM0964,INE0RYR01018,Suba Hotels,2025-09-29,111,75.47,154.2,137.75,93.66,18.19,24.1
198,LM1085,INE1BZC01019,Om Freight Forw,2025-09-29,135,122.31,82.5,92.29,83.62,-38.7,-31.6
199,LM0964,INE0S3G01027,Pace Digitek,2025-09-26,219,819.35,226.85,196.9,736.67,-82.68,-10.1
200,LM0301,INE0S5T01017,RukmaniDevi Gar,2025-09-26,99,23.52,79.2,77.9,18.51,-5.01,-21.3
201,LM1052,INE163701019,KVS Castings,2025-09-26,56,27.83,66.3,58.39,29.02,1.19,4.3
202,LM1045,INE0U4H01011,Manas Polymers,2025-09-26,81,23.52,153.9,84.3,24.48,.96,4.1
203,LM1052,INE0SUM01015,DSM Fresh Foods,2025-09-26,100,59.06,120,132.95,78.53,19.46,33
204,LM0351,INE1PJP01015,MPK Steels,2025-09-26,79,25.74,80,140.2,45.67,19.94,77.5
205,LM0377,INE14QA01016,Ameenji Rubber,2025-09-26,100,30,101,126.85,38.06,8.06,26.9
206,LM1085,INE0SRP01014,Telge Projects,2025-09-25,105,27.24,108.1,104,26.98,-.26,-1
207,LM0804,INE0MWH01014,Trualt Bioenerg,2025-09-25,496,839.28,550,398.15,673.71,-165.57,-19.7
208,LM1045,INE1B4801017,Chatterbox Tech,2025-09-25,115,42.86,135,73,27.21,-15.65,-36.5
209,LM0394,INE0MWH01014,Trualt Bioenerg,2025-09-25,496,839.28,550,398.15,673.71,-165.57,-19.7
210,LM1085,INE18PB01017,Bhavik Enterpri,2025-09-25,140,77,143,141,77.55,.55,.7
211,LM0858,INE1A8F01035,Earkart,2025-09-25,135,49.26,135.5,168.95,61.65,12.39,25.1
212,LM0307,INE0SIK01014,Gujarat Peanut,2025-09-25,80,23.81,64,90,26.78,2.98,12.5
213,LM1034,INE1FF001016,Jinkushal Indus,2025-09-25,121,116.15,125,89.85,86.25,-29.9,-25.7
214,LM0696,INE0YD401026,Jain Resource,2025-09-24,232,1250,265.25,403.85,2175.92,925.92,74.1
215,LM0626,INE0YD401026,Jain Resource,2025-09-24,232,1250,265.25,403.85,2175.92,925.92,74.1
216,LM0307,INE1CCX01012,Gurunanak Agri,2025-09-24,75,28.8,60,33,12.67,-16.13,-56
217,LM0394,INE0YD401026,Jain Resource,2025-09-24,232,1250,265.25,403.85,2175.92,925.92,74.1
218,LM0388,INE0YD401026,Jain Resource,2025-09-24,232,1250,265.25,403.85,2175.92,925.92,74.1
219,LM1005,INE0W5Q01017,Justo Realfinte,2025-09-24,127,63,126.9,97.83,48.53,-14.47,-23
220,LM0858,INE965W01036,BMW Ventures,2025-09-24,99,231.66,80,56.08,131.23,-100.43,-43.4
221,LM0377,INE1KLZ01011,Systematic Ind,2025-09-24,195,115.6,193.8,188,111.45,-4.15,-3.6
222,LM0614,INE0MLS01022,Epack Prefab,2025-09-24,204,504,186.1,271.15,669.9,165.9,32.9
223,LM0626,INE0MLS01022,Epack Prefab,2025-09-24,204,504,186.1,271.15,669.9,165.9,32.9
224,LM1032,INE15XJ01010,Aptus Pharma,2025-09-23,70,13.02,80.8,198,36.83,23.81,182.9
225,LM1052,INE132901013,Matrix Geo Solu,2025-09-23,104,40.2,103.9,97.45,37.67,-2.53,-6.3
226,LM0377,INE0VBS01016,Ecoline Exim,2025-09-23,141,76.42,140.85,122.95,66.64,-9.78,-12.8
227,LM1066,INE549H01021,Anand Rathi Sha,2025-09-23,414,745.64,432.1,647.55,1166.28,420.64,56.4
228,LM0057,INE549H01021,Anand Rathi Sha,2025-09-23,414,745.64,432.1,647.55,1166.28,420.64,56.4
229,LM0394,INE549H01021,Anand Rathi Sha,2025-09-23,414,745.64,432.1,647.55,1166.28,420.64,56.4
230,LM1066,INE0TY101024,Solarworld Ener,2025-09-23,351,490,389,275.9,385.16,-104.84,-21.4
231,LM0804,INE04VU01023,Seshaasai Tech,2025-09-23,423,813.28,436,285.9,549.69,-263.6,-32.4
232,LM0388,INE04VU01023,Seshaasai Tech,2025-09-23,423,813.28,436,285.9,549.69,-263.6,-32.4
233,LM0926,INE00YJ01010,Jaro Institute,2025-09-23,890,450,890,443.55,224.27,-225.73,-50.2
234,LM1085,INE0QMV01017,BharatRohan Air,2025-09-23,85,45.04,90,124.95,66.21,21.17,47
235,LM0626,INE00YJ01010,Jaro Institute,2025-09-23,890,450,890,443.55,224.27,-225.73,-50.2
236,LM1066,INE00YJ01010,Jaro Institute,2025-09-23,890,450,890,443.55,224.27,-225.73,-50.2
237,LM0405,INE04VU01023,Seshaasai Tech,2025-09-23,423,813.28,436,285.9,549.69,-263.6,-32.4
238,LM0804,INE0TY101024,Solarworld Ener,2025-09-23,351,490,389,275.9,385.16,-104.84,-21.4
239,LM1034,INE1LDV01015,True Colors,2025-09-23,191,127.96,191,200.75,134.49,6.53,5.1
240,LM0626,INE0Z4F01028,Altanta Electri,2025-09-22,754,687.85,858.1,886.85,809.05,121.2,17.6
241,LM0092,INE0Z4F01028,Altanta Electri,2025-09-22,754,687.85,858.1,886.85,809.05,121.2,17.6
242,LM0626,INE652V01016,Ganesh Consumer,2025-09-22,322,408.9,295,220.4,279.88,-129.02,-31.6
243,LM0437,INE0CQA01020,Prime Cable Ind,2025-09-22,83,40.04,81,80.25,38.71,-1.33,-3.3
244,LM1087,INE1IIQ01028,Solvex Edibles,2025-09-22,72,18.87,68,32.9,8.62,-10.25,-54.3
245,LM0394,INE652V01016,Ganesh Consumer,2025-09-22,322,408.9,295,220.4,279.88,-129.02,-31.6
246,LM0405,INE652V01016,Ganesh Consumer,2025-09-22,322,408.9,295,220.4,279.88,-129.02,-31.6
247,LM0405,INE1AG301022,GK Energy,2025-09-19,153,464.26,165,156.05,473.51,9.25,2
248,LM0920,INE0SVO01019,Siddhi Cotspin,2025-09-19,108,69.85,86.4,30.25,19.57,-50.29,-72
249,LM0363,INE1AG301022,GK Energy,2025-09-19,153,464.26,165,156.05,473.51,9.25,2
250,LM0626,INE13B501022,Saatvik Green,2025-09-19,465,900.21,460,390.05,755.11,-145.1,-16.1
251,LM0394,INE13B501022,Saatvik Green,2025-09-19,465,900.21,460,390.05,755.11,-145.1,-16.1
252,LM0048,INE13B501022,Saatvik Green,2025-09-19,465,900.21,460,390.05,755.11,-145.1,-16.1
253,LM0626,INE056801025,iValue Infosolu,2025-09-18,299,560.29,285,266.6,499.58,-60.71,-10.8
254,LM0405,INE056801025,iValue Infosolu,2025-09-18,299,560.29,285,266.6,499.58,-60.71,-10.8
255,LM1034,INE14VP01014,JD Cables,2025-09-18,152,95.99,160,236.85,149.58,53.58,55.8
256,LM1082,INE10XS01012,Sampat Aluminiu,2025-09-17,120,30.53,120,68.87,17.52,-13.01,-42.6
257,LM0071,INE0SJA01013,VMS TMT,2025-09-17,99,148.5,105,52.74,79.11,-69.39,-46.7
258,LM0394,INE198501012,Euro Pratik,2025-09-16,247,451.39,273.45,310.5,567.44,116.05,25.7
259,LM0092,INE198501012,Euro Pratik,2025-09-16,247,451.39,273.45,310.5,567.44,116.05,25.7
260,LM1034,INE0Y5H01014,TechD Cybersecu,2025-09-15,193,38.99,366.7,654.8,132.28,93.29,239.3
261,LM1069,INE0TJ801010,L.T. Elevator,2025-09-12,78,39.37,136.1,223.95,113.05,73.68,187.1
262,LM1050,INE0TJ801010,L.T. Elevator,2025-09-12,78,39.37,136.1,223.95,113.05,73.68,187.1
263,LM1034,INE0XBS01012,Airfloa Rail,2025-09-11,140,91.1,266,334.75,217.82,126.72,139.1
264,LM0198,INE1B3L01017,Shringar House,2025-09-10,165,400.95,187.7,237.4,576.88,175.93,43.9
265,LM0713,INE0VOV01021,Dev Accelerator,2025-09-10,61,143.35,61.3,41.94,98.56,-44.79,-31.2
266,LM0130,INE1DRH01011,Jay Ambe Super,2025-09-10,78,18.45,79,126.35,29.88,11.43,62
267,LM0530,INE0CAZ01013,Urban Company,2025-09-10,103,1900.24,161,134.35,2478.61,578.37,30.4
268,LM0347,INE0CAZ01013,Urban Company,2025-09-10,103,1900.24,161,134.35,2478.61,578.37,30.4
269,LM0468,INE0CAZ01013,Urban Company,2025-09-10,103,1900.24,161,134.35,2478.61,578.37,30.4
270,LM0625,INE0CAZ01013,Urban Company,2025-09-10,103,1900.24,161,134.35,2478.61,578.37,30.4
271,LM1048,INE09A801015,Galaxy Medicare,2025-09-10,54,22.31,54,21.4,8.84,-13.47,-60.4
272,LM1092,INE0V8A01016,Karbonsteel Eng,2025-09-09,159,59.3,185.1,170.05,63.42,4.12,6.9
273,LM0351,INE0XWS01018,Taurian MPS,2025-09-09,171,42.53,210,244,60.69,18.16,42.7
274,LM0307,INE0XZB01017,Krupalu Metals,2025-09-08,72,13.48,57.6,49.26,9.22,-4.26,-31.6
275,LM0908,INE346R01013,Nilachal Carbo,2025-09-08,85,56.1,68,102.75,67.82,11.72,20.9
276,LM1045,INE0WRP01016,Vashishtha Luxu,2025-09-05,111,8.87,118,110,8.79,-.08,-.9
277,LM1045,INE0UJF01018,Sharvaya Metals,2025-09-04,196,58.8,219,162.7,48.81,-9.99,-17
278,LM0964,INE1DM601016,Vigor Plast,2025-09-04,81,25.1,85,70.2,21.76,-3.35,-13.3
279,LM1034,INE104201012,Austere Systems,2025-09-03,55,15.57,75.55,45.5,12.88,-2.69,-17.3
280,LM1046,INE0ZOM01013,Goel Constructi,2025-09-02,263,100.15,302.5,302.85,115.33,15.17,15.2
281,LM0867,INE15B101011,Optivalue Tek,2025-09-02,84,51.82,103.6,84,51.82,0,0
282,LM0130,INE084K01015,Amanta Health,2025-09-01,126,126,134,107.6,107.6,-18.4,-14.6
283,LM0519,INE0ZN101029,Rachit Prints,2025-09-01,149,19.49,119.2,142.2,18.6,-.89,-4.6
284,LM1032,INE15MX01014,Abril Papers,2025-08-29,61,13.42,48.8,40.5,8.91,-4.51,-33.6
285,LM0298,INE1OIC01018,Snehaa Organics,2025-08-29,122,32.68,122,59.7,15.99,-16.69,-51.1
286,LM1078,INE0XX801016,Sugs Lloyds,2025-08-29,123,85.66,119.9,101.8,70.89,-14.76,-17.2
287,LM0827,INE0RTI01017,Oval Projects,2025-08-28,85,46.74,85.25,68.75,37.81,-8.94,-19.1
288,LM0926,INE01R501028,Vikran Engg,2025-08-26,97,772,99.7,100.3,798.26,26.26,3.4
289,LM0713,INE01R501028,Vikran Engg,2025-08-26,97,772,99.7,100.3,798.26,26.26,3.4
290,LM0385,INE1CRQ01014,Current Infrapr,2025-08-26,80,41.8,152,135,70.55,28.74,68.8
291,LM1005,INE14DW01018,Sattva Engg Con,2025-08-26,75,35.38,95.1,58.95,27.81,-7.57,-21.4
292,LM1032,INE0Y8W01017,Anlon Health,2025-08-26,91,121.03,91,147.7,196.44,75.41,62.3
293,LM1097,INE12P601017,Globtier Info,2025-08-25,72,31.05,57.6,28.46,12.27,-18.77,-60.5
294,LM0867,INE0M3X01010,NIS Management,2025-08-25,111,60.01,108,72.2,39.03,-20.98,-35
295,LM1052,INE0VTV01012,Anondita Medica,2025-08-22,145,69.5,275.5,992.05,475.49,405.99,584.2
296,LM0592,INE1DLF01018,Shivashrit Food,2025-08-22,142,70.03,148.5,129.4,63.82,-6.21,-8.9
297,LM1034,INE0UQ601012,Classic Electro,2025-08-22,87,41.51,100,72.3,34.5,-7.01,-16.9
298,LM0351,INE0YDV01010,ARC Insulation,2025-08-21,125,41.19,145,67.65,22.29,-18.9,-45.9
299,LM0926,INE0PKD01011,Mangal Electric,2025-08-20,561,400,558,366.1,261.03,-138.97,-34.7
300,LM0301,INE0R8B01010,Patel Retail,2025-08-19,255,242.76,305,200.45,190.83,-51.93,-21.4
301,LM1096,INE078V01014,Vikram Solar,2025-08-19,332,2079.37,340,236.4,1480.61,-598.76,-28.8
302,LM0958,INE078V01014,Vikram Solar,2025-08-19,332,2079.37,340,236.4,1480.61,-598.76,-28.8
303,LM1066,INE078V01014,Vikram Solar,2025-08-19,332,2079.37,340,236.4,1480.61,-598.76,-28.8
304,LM0468,INE078V01014,Vikram Solar,2025-08-19,332,2079.37,340,236.4,1480.61,-598.76,-28.8
305,LM0592,INE191201016,LGT Business,2025-08-19,107,28.09,85.6,79.4,20.85,-7.25,-25.8
306,LM0130,INE1B6101010,Shreeji Ship,2025-08-19,252,410.71,271.85,388.2,632.69,221.98,54
307,LM0626,INE06XZ01023,Gem Aromatics,2025-08-19,325,451.25,325,166.6,231.32,-219.93,-48.7
308,LM0276,INE1B6101010,Shreeji Ship,2025-08-19,252,410.71,271.85,388.2,632.69,221.98,54
309,LM0286,INE078V01014,Vikram Solar,2025-08-19,332,2079.37,340,236.4,1480.61,-598.76,-28.8
310,LM1067,INE17VO01028,Studio LSD,2025-08-18,54,74.25,43.2,12.6,17.33,-56.93,-76.7
311,LM0906,INE0MHO01029,Regaal Resource,2025-08-12,102,306,141.8,72.75,218.25,-87.75,-28.7
312,LM0713,INE0MHO01029,Regaal Resource,2025-08-12,102,306,141.8,72.75,218.25,-87.75,-28.7
313,LM0298,INE632Q01018,Mahendra Realto,2025-08-12,85,49.45,68,51.7,30.08,-19.37,-39.2
314,LM0530,INE304W01038,BlueStone Jewel,2025-08-11,517,1540.65,508.8,485.1,1445.59,-95.06,-6.2
315,LM0405,INE304W01038,BlueStone Jewel,2025-08-11,517,1540.65,508.8,485.1,1445.59,-95.06,-6.2
316,LM0092,INE304W01038,BlueStone Jewel,2025-08-11,517,1540.65,508.8,485.1,1445.59,-95.06,-6.2
317,LM0867,INE0YG001013,Star Imaging,2025-08-08,142,69.47,142,85.03,41.6,-27.87,-40.1
318,LM0298,INE0UOY01019,Medistep Health,2025-08-08,43,16.1,53,24.25,9.08,-7.02,-43.6
319,LM0908,INE0VG001016,ANB Metal Cast,2025-08-08,156,49.92,164,362.65,116.05,66.13,132.5
320,LM0454,INE0GV601021,All Time Plasti,2025-08-07,275,400.7,314.3,262.05,381.83,-18.87,-4.7
321,LM0394,INE0GV601021,All Time Plasti,2025-08-07,275,400.7,314.3,262.05,381.83,-18.87,-4.7
322,LM0530,INE718I01012,JSW Cement,2025-08-07,147,3600,153,122.7,3004.9,-595.1,-16.5
323,LM0804,INE718I01012,JSW Cement,2025-08-07,147,3600,153,122.7,3004.9,-595.1,-16.5
324,LM0484,INE718I01012,JSW Cement,2025-08-07,147,3600,153,122.7,3004.9,-595.1,-16.5
325,LM0394,INE718I01012,JSW Cement,2025-08-07,147,3600,153,122.7,3004.9,-595.1,-16.5
326,LM0964,INE10VS01016,Sawaliya Food,2025-08-07,120,34.83,228,312.45,90.7,55.86,160.4
327,LM0130,INE0EAS01014,Connplex Cinema,2025-08-07,177,90.27,195,269.35,137.37,47.1,52.2
328,LM0203,INE718I01012,JSW Cement,2025-08-07,147,3600,153,122.7,3004.9,-595.1,-16.5
329,LM0092,INE718I01012,JSW Cement,2025-08-07,147,3600,153,122.7,3004.9,-595.1,-16.5
330,LM0347,INE718I01012,JSW Cement,2025-08-07,147,3600,153,122.7,3004.9,-595.1,-16.5
331,LM0468,INE718I01012,JSW Cement,2025-08-07,147,3600,153,122.7,3004.9,-595.1,-16.5
332,LM0713,INE00RL01028,Highway Infra,2025-08-05,70,130,117,59.42,110.35,-19.65,-15.1
333,LM0130,INE0W4K01013,BLT Logistics,2025-08-04,75,9.72,90.95,50,6.48,-3.24,-33.3
334,LM1050,INE1H7V01011,Parth Electric,2025-08-04,170,49.72,174,210.95,61.7,11.98,24.1
335,LM0519,INE124401014,Aaradhya Dispos,2025-08-04,116,45.1,111,135,52.49,7.39,16.4
336,LM0964,INE0ZRC01017,Bhadora Indus,2025-08-04,103,55.62,101,80,43.2,-12.42,-22.3
337,LM0520,INE1IBY01019,Essex Marine,2025-08-04,54,23.01,43.2,23.12,9.85,-13.16,-57.2
338,LM1069,INE1H7V01011,Parth Electric,2025-08-04,170,49.72,174,210.95,61.7,11.98,24.1
339,LM1005,INE0VCK01011,FlySBS Aviation,2025-08-01,225,102.53,427.5,528.7,240.93,138.4,135
340,LM1052,INE0WL201014,Cash UR Drive,2025-07-31,123,57.51,155,125,58.45,.94,1.6
341,LM1087,INE0VZX01015,Renol Polychem,2025-07-31,105,25.77,105,142,34.85,9.08,35.2
342,LM0804,INE301O01023,NSDL,2025-07-30,800,4011.6,880,1062.8,5329.41,1317.81,32.9
343,LM0626,INE301O01023,NSDL,2025-07-30,800,4011.6,880,1062.8,5329.41,1317.81,32.9
344,LM0392,INE301O01023,NSDL,2025-07-30,800,4011.6,880,1062.8,5329.41,1317.81,32.9
345,LM0092,INE301O01023,NSDL,2025-07-30,800,4011.6,880,1062.8,5329.41,1317.81,32.9
346,LM0080,INE1LJ801017,B.D. Industries,2025-07-30,108,45.36,108.9,108.15,45.42,.06,.1
347,LM0370,INE301O01023,NSDL,2025-07-30,800,4011.6,880,1062.8,5329.41,1317.81,32.9
348,LM0388,INE301O01023,NSDL,2025-07-30,800,4011.6,880,1062.8,5329.41,1317.81,32.9
349,LM0626,INE0V9Q01010,Sri Lotus Devel,2025-07-30,150,792.21,179.1,160.7,848.72,56.51,7.1
350,LM0394,INE08N601015,M&B Engineering,2025-07-30,385,650,386,374.65,632.53,-17.47,-2.7
351,LM1092,INE1KH601014,Mehul Colours,2025-07-30,72,21.66,85,78,23.46,1.8,8.3
352,LM0377,INE14OX01013,Takyon Networks,2025-07-30,54,20.48,55.85,50,18.96,-1.52,-7.4
353,LM0286,INE08N601015,M&B Engineering,2025-07-30,385,650,386,374.65,632.53,-17.47,-2.7
354,LM0614,INE0V9Q01010,Sri Lotus Devel,2025-07-30,150,792.21,179.1,160.7,848.72,56.51,7.1
355,LM0696,INE06WU01026,Laxmi India Fin,2025-07-29,158,254.26,136,127.45,205.1,-49.16,-19.3
356,LM1083,INE13ZD01013,Kaytex Fabrics,2025-07-29,180,69.81,144,71,27.54,-42.27,-60.6
357,LM0405,INE819V01029,Aditya Infotech,2025-07-29,675,1300.59,1018,1418,2732.19,1431.61,110.1
358,LM0388,INE819V01029,Aditya Infotech,2025-07-29,675,1300.59,1018,1418,2732.19,1431.61,110.1
359,LM1089,INE15WN01014,Repono,2025-07-28,96,26.68,89.99,69.7,19.37,-7.31,-27.4
360,LM1085,INE1P1A01018,Umiya Mobile,2025-07-28,66,24.88,69,66.5,25.07,.19,.8
361,LM0198,INE06ZD01017,Shanti Gold,2025-07-25,199,360.11,229.1,191.55,346.63,-13.48,-3.7
362,LM1077,INE161701011,Patel Chem Spec,2025-07-25,84,58.8,110,84.65,59.26,.46,.8
363,LM0351,INE0IJF01013,Sellowrap Indus,2025-07-25,83,30.28,90,79,28.82,-1.46,-4.8
364,LM0964,INE161701011,Patel Chem Spec,2025-07-25,84,58.8,110,84.65,59.26,.46,.8
365,LM0468,INE03NU01014,Brigade Hotel,2025-07-24,90,759.86,82,67.87,573.02,-186.84,-24.6
366,LM0388,INE03NU01014,Brigade Hotel,2025-07-24,90,759.86,82,67.87,573.02,-186.84,-24.6
367,LM1052,INE0FMZ01045,Shree Refrigera,2025-07-24,125,117.33,169.85,192.75,180.92,63.59,54.2
368,LM0468,INE06ST01018,Indiqube Spaces,2025-07-23,237,700.15,218.7,207.6,613.3,-86.85,-12.4
369,LM0388,INE06ST01018,Indiqube Spaces,2025-07-23,237,700.15,218.7,207.6,613.3,-86.85,-12.4
370,LM0626,INE18JU01028,GNG Electronics,2025-07-23,237,460.43,350,311.55,605.27,144.83,31.5
371,LM0405,INE18JU01028,GNG Electronics,2025-07-23,237,460.43,350,311.55,605.27,144.83,31.5
372,LM1045,INE16VK01010,TSC India,2025-07-23,70,25.89,68,47,17.38,-8.51,-32.9
373,LM0468,INE18JU01028,GNG Electronics,2025-07-23,237,460.43,350,311.55,605.27,144.83,31.5
374,LM0130,INE0V0L01028,Monarch Survey,2025-07-22,250,93.75,421.25,211,79.13,-14.63,-15.6
375,LM1069,INE0PTF01017,Swastika Castal,2025-07-21,65,14.07,67,68,14.72,.65,4.6
376,LM1050,INE0PTF01017,Swastika Castal,2025-07-21,65,14.07,67,68,14.72,.65,4.6
377,LM0964,INE0UCN01017,Savy Infra Logi,2025-07-21,120,69.98,136.5,164.25,95.79,25.81,36.9
378,LM1082,INE0LCG01010,Monika Alcobev,2025-07-16,286,165.63,288,295.25,170.99,5.36,3.2
379,LM0672,INE0CZ201020,Anthem Bioscien,2025-07-14,570,3395.79,723.1,642.2,3825.93,430.13,12.7
380,LM0475,INE0CZ201020,Anthem Bioscien,2025-07-14,570,3395.79,723.1,642.2,3825.93,430.13,12.7
381,LM0468,INE0CZ201020,Anthem Bioscien,2025-07-14,570,3395.79,723.1,642.2,3825.93,430.13,12.7
382,LM1005,INE19QH01010,Spunweb Nonwove,2025-07-14,96,60.98,151,138.65,88.06,27.09,44.4
383,LM0203,INE0CZ201020,Anthem Bioscien,2025-07-14,570,3395.79,723.1,642.2,3825.93,430.13,12.7
384,LM0530,INE0NAZ01010,Smartworks Cowo,2025-07-10,407,582.93,436.1,495.4,709.54,126.61,21.7
385,LM0468,INE0NAZ01010,Smartworks Cowo,2025-07-10,407,582.93,436.1,495.4,709.54,126.61,21.7
386,LM0107,INE0NAZ01010,Smartworks Cowo,2025-07-10,407,582.93,436.1,495.4,709.54,126.61,21.7
387,LM0405,INE0NAZ01010,Smartworks Cowo,2025-07-10,407,582.93,436.1,495.4,709.54,126.61,21.7
388,LM0889,INE0SJX01015,Asston Pharma,2025-07-09,123,27.56,119,87.5,19.61,-7.96,-28.9
389,LM1034,INE0UMC01019,GLEN Industries,2025-07-08,97,63.02,157,94.49,61.39,-1.63,-2.6
390,LM1085,INE0VWL01017,Chemkart India,2025-07-07,248,80.08,250,124.5,40.2,-39.88,-49.8
391,LM0071,INE14GK01016,Smarten Power,2025-07-07,100,50,144,75.75,37.88,-12.13,-24.3
392,LM0530,INE103V01028,Travel Food Ser,2025-07-07,1100,2000.42,1126.2,1181.4,2148.45,148.03,7.4
393,LM0370,INE103V01028,Travel Food Ser,2025-07-07,1100,2000.42,1126.2,1181.4,2148.45,148.03,7.4
394,LM0388,INE103V01028,Travel Food Ser,2025-07-07,1100,2000.42,1126.2,1181.4,2148.45,148.03,7.4
395,LM0128,INE103V01028,Travel Food Ser,2025-07-07,1100,2000.42,1126.2,1181.4,2148.45,148.03,7.4
396,LM0377,INE162901016,Meta Infotech,2025-07-04,161,80.18,225,113.9,56.72,-23.46,-29.3
397,LM0130,INE0TL001013,Cryogenic OGS,2025-07-03,47,17.77,89.3,178,67.28,49.52,278.7
398,LM1067,INE0TLP01015,Happy Square,2025-07-03,76,24.25,77,68.95,22,-2.25,-9.3
399,LM0286,INE0S4R01014,Crizac,2025-07-02,245,860,280,275.95,968.64,108.64,12.6
400,LM0057,INE0S4R01014,Crizac,2025-07-02,245,860,280,275.95,968.64,108.64,12.6
401,LM1051,INE0RDJ01019,Vandan Foods,2025-06-30,115,30.36,125,48,12.67,-17.69,-58.3
402,LM0307,INE0TBQ01014,Marc Loire Fash,2025-06-30,100,21,80,44.05,9.25,-11.75,-56
403,LM1048,INE154801018,Pushpa Jeweller,2025-06-30,147,98.65,112,102,68.45,-30.2,-30.6
404,LM0351,INE0SN801015,Silky Overseas,2025-06-30,161,30.68,171,143.5,27.35,-3.33,-10.9
405,LM0298,INE11J101017,Cedaar Textile,2025-06-30,140,60.9,119,59.6,25.93,-34.97,-57.4
406,LM1069,INE0UZO01024,Neetu Yoshi,2025-06-27,75,77.04,105,103.2,106.01,28.97,37.6
407,LM1050,INE0UZO01024,Neetu Yoshi,2025-06-27,75,77.04,105,103.2,106.01,28.97,37.6
408,LM1052,INE0W1601012,Adcounty Media,2025-06-27,85,50.69,130,108.2,64.52,13.83,27.3
409,LM0926,INE05J901018,Indogulf Crop,2025-06-26,111,200.66,111,80.53,145.58,-55.08,-27.5
410,LM0351,INE0XM301010,Moving Media,2025-06-26,70,43.4,71,49,30.38,-13.02,-30
411,LM0377,INE0VJT01017,PRO FX Tech,2025-06-26,87,40.3,95,74.55,34.53,-5.77,-14.3
412,LM1032,INE130701019,Valencia India,2025-06-26,110,48.95,88,20.2,8.99,-39.96,-81.6
413,LM1087,INE0SC101013,Supertech EV,2025-06-25,92,29.9,73.6,74.3,24.14,-5.75,-19.2
414,LM1034,INE0SGZ01016,Suntech Infra,2025-06-25,86,44.39,109.1,40.65,20.98,-23.41,-52.7
415,LM1048,INE14W901010,Rama Telecom,2025-06-25,68,25.13,72,63.5,23.47,-1.66,-6.6
416,LM1066,INE756I01012,HDB Financial,2025-06-25,740,12500,835,769.35,12995.78,495.78,4
417,LM0958,INE756I01012,HDB Financial,2025-06-25,740,12500,835,769.35,12995.78,495.78,4
418,LM0625,INE756I01012,HDB Financial,2025-06-25,740,12500,835,769.35,12995.78,495.78,4
419,LM0626,INE756I01012,HDB Financial,2025-06-25,740,12500,835,769.35,12995.78,495.78,4
420,LM0672,INE756I01012,HDB Financial,2025-06-25,740,12500,835,769.35,12995.78,495.78,4
421,LM0484,INE756I01012,HDB Financial,2025-06-25,740,12500,835,769.35,12995.78,495.78,4
422,LM0405,INE756I01012,HDB Financial,2025-06-25,740,12500,835,769.35,12995.78,495.78,4
423,LM0347,INE756I01012,HDB Financial,2025-06-25,740,12500,835,769.35,12995.78,495.78,4
424,LM0626,INE12NJ01018,Sambhv Steel,2025-06-25,82,540.13,110.1,94.08,619.7,79.57,14.7
425,LM1066,INE12NJ01018,Sambhv Steel,2025-06-25,82,540.13,110.1,94.08,619.7,79.57,14.7
426,LM0103,INE756I01012,HDB Financial,2025-06-25,740,12500,835,769.35,12995.78,495.78,4
427,LM0105,INE756I01012,HDB Financial,2025-06-25,740,12500,835,769.35,12995.78,495.78,4
428,LM0370,INE756I01012,HDB Financial,2025-06-25,740,12500,835,769.35,12995.78,495.78,4
429,LM0468,INE756I01012,HDB Financial,2025-06-25,740,12500,835,769.35,12995.78,495.78,4
430,LM0626,INE236E01022,Ellenbarrie Ind,2025-06-24,400,852.53,100,321.65,685.54,-166.99,-19.6
431,LM0468,INE236E01022,Ellenbarrie Ind,2025-06-24,400,852.53,100,321.65,685.54,-166.99,-19.6
432,LM1087,INE0ZDY01011,Abram Food,2025-06-24,98,13.99,90.4,127.25,18.17,4.18,29.8
433,LM0405,INE236E01022,Ellenbarrie Ind,2025-06-24,400,852.53,100,321.65,685.54,-166.99,-19.6
434,LM0672,INE227J01012,Kalpataru,2025-06-24,414,1591.61,414.1,367.9,1414.38,-177.23,-11.1
435,LM0388,INE227J01012,Kalpataru,2025-06-24,414,1591.61,414.1,367.9,1414.38,-177.23,-11.1
436,LM0377,INE0NON01025,Shri Hare-Krish,2025-06-24,59,29.91,64.8,55.1,27.94,-1.98,-6.6
437,LM0601,INE0V3U01015,Globe Civil Pro,2025-06-24,71,119,91.1,58.35,97.8,-21.2,-17.8
438,LM0519,INE0Y0E01012,Icon Facilitato,2025-06-24,91,19.11,90,50.3,10.56,-8.55,-44.7
439,LM0468,INE227J01012,Kalpataru,2025-06-24,414,1591.61,414.1,367.9,1414.38,-177.23,-11.1
440,LM1085,INE0XRR01010,AJC Jewel Manu,2025-06-23,95,15.39,99,90,14.58,-.81,-5.3
441,LM0437,INE1GYP01013,Aakaar Medical,2025-06-20,72,27,75,69.85,26.2,-.81,-3
442,LM1052,INE0ZTO01018,Mayasheel Ventu,2025-06-20,47,27.28,58,61.9,35.93,8.65,31.7
443,LM0377,INE17D601016,Safe Ent Retail,2025-06-20,138,169.74,151,266,327.18,157.44,92.8
444,LM1066,INE0H9P01028,Arisinfra Solut,2025-06-18,222,499.6,209.1,127.45,286.82,-212.78,-42.6
445,LM0468,INE0H9P01028,Arisinfra Solut,2025-06-18,222,499.6,209.1,127.45,286.82,-212.78,-42.6
446,LM0405,INE0H9P01028,Arisinfra Solut,2025-06-18,222,499.6,209.1,127.45,286.82,-212.78,-42.6
447,LM1094,INE0MYZ01012,Influx Health,2025-06-18,96,58.57,132.5,227,138.49,79.92,136.5
448,LM1045,INE11HF01010,Eppeltone Engin,2025-06-17,128,43.96,243.2,182.7,62.74,18.78,42.7
449,LM1092,INE17GV01016,Patel Automatio,2025-06-16,120,69.61,155,176.3,102.27,32.66,46.9
450,LM1085,INE124101010,Samay Project,2025-06-16,34,14.69,36.05,45.3,19.57,4.88,33.2
451,LM1066,INE0BYP01024,Oswal Pumps,2025-06-13,614,1387.34,632,505.25,1141.62,-245.72,-17.7
452,LM0468,INE0BYP01024,Oswal Pumps,2025-06-13,614,1387.34,632,505.25,1141.62,-245.72,-17.7
453,LM0164,INE0BYP01024,Oswal Pumps,2025-06-13,614,1387.34,632,505.25,1141.62,-245.72,-17.7
454,LM0405,INE0BYP01024,Oswal Pumps,2025-06-13,614,1387.34,632,505.25,1141.62,-245.72,-17.7
455,LM0092,INE0BYP01024,Oswal Pumps,2025-06-13,614,1387.34,632,505.25,1141.62,-245.72,-17.7
456,LM0377,INE1DV401010,Monolithisch,2025-06-12,143,82.02,231.55,486.25,278.91,196.89,240
457,LM0298,INE0XIL01012,Jainik Power,2025-06-10,110,51.3,82,127.5,59.46,8.16,15.9
458,LM1034,INE1ARD01016,Sacheerome,2025-06-09,102,61.62,153,410.05,247.7,186.09,302
459,LM1068,INE0ZI101018,Ganga Bath Fit,2025-06-04,49,32.65,59,20.2,13.46,-19.19,-58.8
460,LM1051,INE0TE101010,3B Films,2025-05-30,50,33.75,48.5,26.5,17.89,-15.86,-47
461,LM0614,INE090501011,Scoda Tubes,2025-05-28,140,220,140,161,253,33,15
462,LM1082,INE104101014,NR Vandana Tex,2025-05-28,45,27.89,45,57.7,35.76,7.87,28.2
463,LM0130,INE156901014,Neptune Petroch,2025-05-28,122,73.2,132.75,200,120,46.8,63.9
464,LM0355,INE0TG901011,Astonea Labs,2025-05-27,135,37.67,137.45,160,44.64,6.98,18.5
465,LM1085,INE0X3M01010,Blue Water Logi,2025-05-27,135,40.5,141,150.3,45.09,4.59,11.3
466,LM0298,INE0FLF01015,Nikita Greentech,2025-05-27,104,67.54,90,137.9,89.56,22.02,32.6
467,LM0484,INE0INX01018,Aegis Vopak,2025-05-26,235,2800,220,239.5,2853.62,53.62,1.9
468,LM0405,INE0INX01018,Aegis Vopak,2025-05-26,235,2800,220,239.5,2853.62,53.62,1.9
469,LM0363,INE0INX01018,Aegis Vopak,2025-05-26,235,2800,220,239.5,2853.62,53.62,1.9
470,LM0388,INE0INX01018,Aegis Vopak,2025-05-26,235,2800,220,239.5,2853.62,53.62,1.9
471,LM0804,INE0AQ201015,Leela Palaces,2025-05-26,435,3500,406.5,420.85,3386.15,-113.85,-3.3
472,LM0625,INE0AQ201015,Leela Palaces,2025-05-26,435,3500,406.5,420.85,3386.15,-113.85,-3.3
473,LM0475,INE0AQ201015,Leela Palaces,2025-05-26,435,3500,406.5,420.85,3386.15,-113.85,-3.3
474,LM0405,INE0AQ201015,Leela Palaces,2025-05-26,435,3500,406.5,420.85,3386.15,-113.85,-3.3
475,LM0203,INE0AQ201015,Leela Palaces,2025-05-26,435,3500,406.5,420.85,3386.15,-113.85,-3.3
476,LM0092,INE0AQ201015,Leela Palaces,2025-05-26,435,3500,406.5,420.85,3386.15,-113.85,-3.3
477,LM0105,INE0AQ201015,Leela Palaces,2025-05-26,435,3500,406.5,420.85,3386.15,-113.85,-3.3
478,LM0388,INE0AQ201015,Leela Palaces,2025-05-26,435,3500,406.5,420.85,3386.15,-113.85,-3.3
479,LM0468,INE0AQ201015,Leela Palaces,2025-05-26,435,3500,406.5,420.85,3386.15,-113.85,-3.3
480,LM0530,INE0AQ201015,Leela Palaces,2025-05-26,435,3500,406.5,420.85,3386.15,-113.85,-3.3
481,LM0626,INE0AQ201015,Leela Palaces,2025-05-26,435,3500,406.5,420.85,3386.15,-113.85,-3.3
482,LM0103,INE0INX01018,Aegis Vopak,2025-05-26,235,2800,220,239.5,2853.62,53.62,1.9
483,LM0377,INE1ABX01018,Unified Data,2025-05-22,273,144.47,285,360.1,190.56,46.09,31.9
484,LM0804,INE894V01022,Belrise Indust,2025-05-21,90,2150,98.5,183.3,4378.83,2228.83,103.7
485,LM0484,INE894V01022,Belrise Indust,2025-05-21,90,2150,98.5,183.3,4378.83,2228.83,103.7
486,LM1034,INE04Q901010,Dar Credit Cap,2025-05-21,60,25.66,65.15,51.15,21.87,-3.78,-14.8
487,LM0370,INE894V01022,Belrise Indust,2025-05-21,90,2150,98.5,183.3,4378.83,2228.83,103.7
488,LM0092,INE894V01022,Belrise Indust,2025-05-21,90,2150,98.5,183.3,4378.83,2228.83,103.7
489,LM0130,INE16SF01016,Borana Weaves,2025-05-20,216,144.89,243,307.45,206.24,61.34,42.3
490,LM1068,INE0T8T01010,Accretion Pharm,2025-05-14,101,29.75,79,83.05,24.47,-5.29,-17.8
491,LM0080,INE0YSH01017,Integrity Infra,2025-05-13,100,12,100.8,136.75,16.41,4.41,36.8
492,LM1085,INE0VRH01015,Virtual Galaxy,2025-05-09,142,93.29,180,151.35,99.44,6.14,6.6
493,LM1034,INE0RJ901010,Srigee DLM,2025-05-05,99,16.98,188.1,82.85,14.21,-2.77,-16.3
494,LM1068,INE0MV001018,Manoj Jewellers,2025-05-05,54,16.2,53.95,50.9,15.27,-.93,-5.7
495,LM0955,INE0AOG01018,Kenrik Indust,2025-04-29,25,8.75,25.01,10.1,3.53,-5.21,-59.6
496,LM0964,INE0TTG01017,Arunaya Organic,2025-04-29,58,33.99,30.1,19.2,11.25,-22.74,-66.9
497,LM0672,INE0LEZ01016,Ather Energy,2025-04-28,321,2980.76,326.05,694.95,6453.21,3472.45,116.5
498,LM0468,INE0LEZ01016,Ather Energy,2025-04-28,321,2980.76,326.05,694.95,6453.21,3472.45,116.5
499,LM1091,INE1AII01014,Iware Supply,2025-04-28,95,27.13,85.05,202.2,57.75,30.62,112.8
500,LM0370,INE0LEZ01016,Ather Energy,2025-04-28,321,2980.76,326.05,694.95,6453.21,3472.45,116.5
501,LM0092,INE0LEZ01016,Ather Energy,2025-04-28,321,2980.76,326.05,694.95,6453.21,3472.45,116.5
502,LM0377,INE0Z7N01017,Tankup Engineer,2025-04-23,140,19.53,175,727,101.42,81.89,419.3
503,LM0307,INE10XX01012,Spinaroo Commer,2025-03-28,51,10.17,52.85,34.88,6.96,-3.21,-31.6
504,LM0867,INE12IB01015,Infonative Solu,2025-03-28,79,24.71,63.2,31.52,9.86,-14.85,-60.1
505,LM0351,INE0KWJ01014,Retaggio Ind,2025-03-27,25,15.5,25.1,37,22.93,7.44,48
506,LM0130,INE0PA401012,Identixweb,2025-03-26,54,16.63,55,70.99,21.86,5.23,31.5
507,LM0437,INE0V0Q01019,ATC Energies,2025-03-25,118,63.76,107,35.5,19.18,-44.58,-69.9
508,LM1046,INE0DM401012,Shri Ahimsa Nat,2025-03-25,119,73.81,140,239.55,148.59,74.77,101.3
509,LM1085,INE0TGG01014,Desco Infratech,2025-03-24,150,30.75,160,184.1,37.74,6.99,22.7
510,LM1071,INE0KLO01025,Active Infra,2025-03-21,181,77.83,181,171,73.53,-4.3,-5.5
511,LM0351,INE0QX901013,Rapid Fleet Man,2025-03-21,192,43.87,195,190,43.41,-.46,-1
512,LM0437,INE12E301017,Grand Continent,2025-03-20,113,74.46,112.9,157.6,103.85,29.39,39.5
513,LM0867,INE0SMW01011,Paradeep Pariva,2025-03-17,98,44.86,78.4,161.85,74.09,29.23,65.2
514,LM1050,INE0NA501011,Divine Hira Jew,2025-03-17,90,31.84,90,247.75,87.64,55.81,175.3
515,LM1069,INE0NA501011,Divine Hira Jew,2025-03-17,90,31.84,90,247.75,87.64,55.81,175.3
516,LM1069,INE16IQ01014,Super Iron Foun,2025-03-11,108,68.05,107.95,40.1,25.27,-42.79,-62.9
517,LM1050,INE16IQ01014,Super Iron Foun,2025-03-11,108,68.05,107.95,40.1,25.27,-42.79,-62.9
518,LM0908,INE0ABU01016,PDP Shipping,2025-03-10,135,12.65,108.25,60,5.62,-7.03,-55.6
519,LM0080,INE0VNH01014,NAPS Global,2025-03-04,90,11.88,108,50.98,6.73,-5.15,-43.4
520,LM0071,INE0PQ601019,Balaji Phosphat,2025-02-28,70,50.11,75,137.65,98.53,48.42,96.6
521,LM0332,INE0RXS01018,Shreenath Paper,2025-02-25,44,23.36,35.2,18,9.56,-13.81,-59.1
522,LM1049,INE0VYX01018,Nukleus Office,2025-02-24,234,31.7,187.2,199,26.96,-4.74,-15
523,LM1085,INE13VU01016,Beezaasan Explo,2025-02-21,175,59.93,146,215.05,73.65,13.72,22.9
524,LM1069,INE0TIR01017,Swasth Foodtech,2025-02-20,94,14.92,94,25,3.97,-10.95,-73.4
525,LM1032,INE0VA601019,HP Telecom,2025-02-20,108,34.23,115.05,283.95,89.99,55.76,162.9
526,LM1050,INE0TIR01017,Swasth Foodtech,2025-02-20,94,14.92,94,25,3.97,-10.95,-73.4
527,LM0713,INE0SII01026,Quality Power,2025-02-14,425,858.7,432.05,810.9,1638.39,779.7,90.8
528,LM0301,INE0EO401019,Royal Arc Elect,2025-02-14,120,36,120,165,49.5,13.5,37.5
529,LM0658,INE17WC01013,Tejas Cargo,2025-02-14,160,100.8,175,300.05,189.03,88.23,87.5
530,LM0307,INE0TD301017,Shanmuga Hospit,2025-02-13,54,20.62,54,46.99,17.94,-2.68,-13
531,LM0920,INE0FFF01017,L.K.Mehta Poly,2025-02-13,71,7.38,71.1,42.51,4.42,-2.96,-40.1
532,LM0530,INE093A01041,Hexaware Tech,2025-02-12,708,8759.41,791.25,739.45,9148.51,389.1,4.4
533,LM0475,INE093A01041,Hexaware Tech,2025-02-12,708,8759.41,791.25,739.45,9148.51,389.1,4.4
534,LM0405,INE093A01041,Hexaware Tech,2025-02-12,708,8759.41,791.25,739.45,9148.51,389.1,4.4
535,LM0203,INE093A01041,Hexaware Tech,2025-02-12,708,8759.41,791.25,739.45,9148.51,389.1,4.4
536,LM1034,INE241X01014,Voler Car,2025-02-12,90,27,90,204,61.2,34.2,126.7
537,LM0519,INE0XUS01012,P S Raj Steels,2025-02-12,140,28.28,145,299,60.4,32.12,113.6
538,LM1085,INE10A501018,Maxvolt Energy,2025-02-12,180,54,180,471.3,141.39,87.39,161.8
539,LM0370,INE093A01041,Hexaware Tech,2025-02-12,708,8759.41,791.25,739.45,9148.51,389.1,4.4
540,LM0402,INE111601014,Icodex Publish,2025-02-11,102,42.03,81.6,46.5,19.16,-22.87,-54.4
541,LM1066,INE274Y01021,Ajax Engg,2025-02-10,629,1269.35,593,605.4,1221.72,-47.63,-3.8
542,LM0804,INE274Y01021,Ajax Engg,2025-02-10,629,1269.35,593,605.4,1221.72,-47.63,-3.8
543,LM0964,INE0B2N01016,Chandan Health,2025-02-10,159,107.36,165.1,306.75,207.12,99.76,92.9
544,LM0388,INE274Y01021,Ajax Engg,2025-02-10,629,1269.35,593,605.4,1221.72,-47.63,-3.8
545,LM0468,INE274Y01021,Ajax Engg,2025-02-10,629,1269.35,593,605.4,1221.72,-47.63,-3.8
546,LM0203,INE274Y01021,Ajax Engg,2025-02-10,629,1269.35,593,605.4,1221.72,-47.63,-3.8
547,LM0130,INE0W0H01017,Solarium Green,2025-02-06,191,105.04,202,229.25,126.08,21.04,20
548,LM0377,INE10QL01011,Readymix Const,2025-02-06,123,37.66,123,116,35.52,-2.14,-5.7
549,LM0964,INE0U2L01017,Amwill Health,2025-02-05,111,59.98,88.85,48.6,26.26,-33.72,-56.2
550,LM1087,INE15DO01012,Ken Enterprises,2025-02-05,94,83.65,85,44.7,39.78,-43.87,-52.4
551,LM1034,INE11HG01018,Chamunda Electr,2025-02-04,50,14.6,70,49.3,14.39,-.2,-1.4
552,LM0626,INE943P01029,Dr Agarwals Hea,2025-01-29,402,3027.26,396.9,513.35,3865.78,838.52,27.7
553,LM0625,INE943P01029,Dr Agarwals Hea,2025-01-29,402,3027.26,396.9,513.35,3865.78,838.52,27.7
554,LM0484,INE943P01029,Dr Agarwals Hea,2025-01-29,402,3027.26,396.9,513.35,3865.78,838.52,27.7
555,LM0530,INE943P01029,Dr Agarwals Hea,2025-01-29,402,3027.26,396.9,513.35,3865.78,838.52,27.7
556,LM1032,INE0YON01014,Malpani Pipes,2025-01-29,90,25.92,85.9,67.3,19.38,-6.54,-25.2
557,LM1076,INE0RWU01016,GB Logistics,2025-01-24,102,25.07,81.6,48.5,11.92,-13.15,-52.5
558,LM0130,INE0DZD01015,H.M. Electro,2025-01-24,75,27.74,81,54.04,19.99,-7.75,-27.9
559,LM0080,INE0WDX01010,CLN Energy,2025-01-23,250,72.3,256,399.25,115.46,43.16,59.7
560,LM0827,INE0R4L01018,Denta Water,2025-01-22,294,220.5,330,334.6,250.95,30.45,13.8
561,LM1069,INE113601012,Rexpro Enterpri,2025-01-22,145,53.65,117,55,20.35,-33.3,-62.1
562,LM1050,INE113601012,Rexpro Enterpri,2025-01-22,145,53.65,117,55,20.35,-33.3,-62.1
563,LM1034,INE0WXM01011,CapitalNumbers,2025-01-20,263,169.37,274,107.85,69.46,-99.92,-59
564,LM0437,INE0ZOL01023,EMA Partners,2025-01-17,124,76.01,156.5,95,58.24,-17.78,-23.4
565,LM0878,INE12QA01010,Landmark Global,2025-01-16,72,40.32,75,51.58,28.88,-11.44,-28.4
566,LM0858,INE0RYC01010,Stallion India,2025-01-16,90,199.45,120,234.2,519.02,319.57,160.2
567,LM1085,INE0CFH01028,Rikhav Securiti,2025-01-15,86,88.82,163.4,55.18,56.99,-31.83,-35.8
568,LM1082,INE0XOW01017,Kabra Jewels,2025-01-15,128,40,243.2,91.55,28.61,-11.39,-28.5
569,LM1066,INE0WO601020,Laxmi Dental,2025-01-13,428,698.06,528,259.6,423.4,-274.66,-39.3
570,LM0804,INE0WO601020,Laxmi Dental,2025-01-13,428,698.06,528,259.6,423.4,-274.66,-39.3
571,LM0626,INE0WO601020,Laxmi Dental,2025-01-13,428,698.06,528,259.6,423.4,-274.66,-39.3
572,LM1084,INE0QX401014,Barflex Polyfil,2025-01-10,60,39.41,60,73.95,48.57,9.16,23.3
573,LM1052,INE0NB801022,Sat Kartar Shop,2025-01-10,81,33.8,153.9,146.85,61.28,27.48,81.3
574,LM0042,INE0QX401014,Barflex Polyfil,2025-01-10,60,39.41,60,73.95,48.57,9.16,23.3
575,LM0130,INE00ST01011,BR Goyal Infra,2025-01-07,135,85.21,135.75,116.25,73.38,-11.84,-13.9
576,LM1076,INE0NQ401016,Avax Apparels,2025-01-07,70,1.92,133,192.85,5.28,3.37,175.5
577,LM1034,INE0XRN01019,Delta Autocorp,2025-01-07,130,54.6,175,49.55,20.81,-33.79,-61.9
578,LM1005,INE0R9101015,Eleganz Interio,2025-01-07,130,78.07,122,88,52.84,-25.22,-32.3
579,LM0626,INE0M4D01010,Standard Glass,2025-01-06,140,410.05,176,141.3,413.86,3.81,.9
580,LM0405,INE0M4D01010,Standard Glass,2025-01-06,140,410.05,176,141.3,413.86,3.81,.9
581,LM0307,INE0FK501019,Indobell Insula,2025-01-06,46,10.14,87.4,67,14.77,4.63,45.7
582,LM1005,INE0HSD01011,Fabtech Tec Cle,2025-01-03,85,27.74,161.5,300.3,98.02,70.27,253.3
583,LM0130,INE0QQJ01021,Parmeshwar Meta,2025-01-02,61,24.74,84.5,164.35,66.66,41.92,169.4
584,LM0652,INE0Q2L01013,Davin Sons Reta,2025-01-02,55,8.78,44,43,6.86,-1.92,-21.8
585,LM0878,INE0RH001011,Leo Dryfruits,2025-01-01,52,25.12,68,63,30.43,5.31,21.2
586,LM0878,INE0ZHT01012,Technichem Orga,2024-12-31,55,25.25,57.25,52,23.87,-1.38,-5.5
587,LM0080,INE622H01018,Indo Farm Equip,2024-12-31,215,260.15,258.4,203.8,246.6,-13.55,-5.2
588,LM1069,INE0A8401016,Citichem India,2024-12-27,70,12.6,70,23.4,4.21,-8.39,-66.6
589,LM1050,INE0A8401016,Citichem India,2024-12-27,70,12.6,70,23.4,4.21,-8.39,-66.6
590,LM0286,INE0U3I01011,Unimech Aerospa,2024-12-23,785,500,1491,898.5,572.29,72.29,14.5
591,LM0057,INE0U3I01011,Unimech Aerospa,2024-12-23,785,500,1491,898.5,572.29,72.29,14.5
592,LM1066,INE0RB801010,Senores Pharma,2024-12-20,391,582.11,593.7,845.15,1258.24,676.13,116.2
593,LM0286,INE0RB801010,Senores Pharma,2024-12-20,391,582.11,593.7,845.15,1258.24,676.13,116.2
594,LM0048,INE0RB801010,Senores Pharma,2024-12-20,391,582.11,593.7,845.15,1258.24,676.13,116.2
595,LM0092,INE0V7W01012,Carraro India,2024-12-20,704,1250,660,564.3,1001.95,-248.05,-19.8
596,LM0103,INE0V7W01012,Carraro India,2024-12-20,704,1250,660,564.3,1001.95,-248.05,-19.8
597,LM1066,INE0V7W01012,Carraro India,2024-12-20,704,1250,660,564.3,1001.95,-248.05,-19.8
598,LM0804,INE781S01027,Ventive Hospit,2024-12-20,643,1600.05,718.15,767.05,1908.74,308.69,19.3
599,LM0468,INE781S01027,Ventive Hospit,2024-12-20,643,1600.05,718.15,767.05,1908.74,308.69,19.3
600,LM0388,INE781S01027,Ventive Hospit,2024-12-20,643,1600.05,718.15,767.05,1908.74,308.69,19.3
601,LM0092,INE781S01027,Ventive Hospit,2024-12-20,643,1600.05,718.15,767.05,1908.74,308.69,19.3
602,LM0370,INE781S01027,Ventive Hospit,2024-12-20,643,1600.05,718.15,767.05,1908.74,308.69,19.3
603,LM0405,INE781S01027,Ventive Hospit,2024-12-20,643,1600.05,718.15,767.05,1908.74,308.69,19.3
604,LM0530,INE781S01027,Ventive Hospit,2024-12-20,643,1600.05,718.15,767.05,1908.74,308.69,19.3
605,LM0394,INE0JPD01013,Sanathan Tex,2024-12-19,321,550,419.1,438,750.47,200.47,36.4
606,LM0388,INE0JPD01013,Sanathan Tex,2024-12-19,321,550,419.1,438,750.47,200.47,36.4
607,LM0286,INE037Z01029,Concord Enviro,2024-12-19,701,500.33,832,459.25,327.78,-172.54,-34.5
608,LM0626,INE037Z01029,Concord Enviro,2024-12-19,701,500.33,832,459.25,327.78,-172.54,-34.5
609,LM1066,INE284H01025,DAM Capital Adv,2024-12-19,283,840.25,392.9,216.2,641.92,-198.34,-23.6
610,LM0392,INE454P01035,Transrail Light,2024-12-19,432,838.91,585.15,544.95,1058.25,219.34,26.1
611,LM0520,INE0TP801012,NewMalayalam St,2024-12-19,90,41.76,90,30,13.92,-27.84,-66.7
612,LM0092,INE454P01035,Transrail Light,2024-12-19,432,838.91,585.15,544.95,1058.25,219.34,26.1
613,LM0130,INE0TO701015,Mamata Machine,2024-12-19,243,179.39,600,413.55,305.3,125.91,70.2
614,LM0363,INE454P01035,Transrail Light,2024-12-19,432,838.91,585.15,544.95,1058.25,219.34,26.1
615,LM0440,INE454P01035,Transrail Light,2024-12-19,432,838.91,585.15,544.95,1058.25,219.34,26.1
616,LM1083,INE0TD101011,Identical Brain,2024-12-18,54,19.95,95,22.2,8.2,-11.75,-58.9
617,LM1034,INE0LB101011,NACDAC Infra,2024-12-17,35,10.01,66.5,36.4,10.41,.4,4
618,LM0804,INE0Q9301021,Intl Gemmo Inst,2024-12-13,417,4225.21,504.85,321.95,3262.12,-963.08,-22.8
619,LM0625,INE0Q9301021,Intl Gemmo Inst,2024-12-13,417,4225.21,504.85,321.95,3262.12,-963.08,-22.8
620,LM0530,INE0Q9301021,Intl Gemmo Inst,2024-12-13,417,4225.21,504.85,321.95,3262.12,-963.08,-22.8
621,LM1082,INE0QBD01018,Hamps Bio,2024-12-13,51,6.22,96.9,18.5,4.51,-1.71,-27.5
622,LM0092,INE0Q9301021,Intl Gemmo Inst,2024-12-13,417,4225.21,504.85,321.95,3262.12,-963.08,-22.8
623,LM0672,INE115Q01022,Inventurus Know,2024-12-12,1329,2497.92,1856,1673.35,3145.15,647.22,25.9
624,LM0484,INE115Q01022,Inventurus Know,2024-12-12,1329,2497.92,1856,1673.35,3145.15,647.22,25.9
625,LM0475,INE115Q01022,Inventurus Know,2024-12-12,1329,2497.92,1856,1673.35,3145.15,647.22,25.9
626,LM0388,INE115Q01022,Inventurus Know,2024-12-12,1329,2497.92,1856,1673.35,3145.15,647.22,25.9
627,LM0437,INE00GK01023,Yash Highvolt,2024-12-12,146,110.01,277.4,396.8,298.99,188.98,171.8
628,LM0468,INE115Q01022,Inventurus Know,2024-12-12,1329,2497.92,1856,1673.35,3145.15,647.22,25.9
629,LM0804,INE0HLU01028,One Mobikwik,2024-12-11,279,572,442.25,227.5,466.42,-105.58,-18.5
630,LM0394,INE0HLU01028,One Mobikwik,2024-12-11,279,572,442.25,227.5,466.42,-105.58,-18.5
631,LM0530,INE570L01029,Sai Life Scienc,2024-12-11,549,3042.62,660,975.1,5404.11,2361.49,77.6
632,LM0625,INE570L01029,Sai Life Scienc,2024-12-11,549,3042.62,660,975.1,5404.11,2361.49,77.6
633,LM0484,INE570L01029,Sai Life Scienc,2024-12-11,549,3042.62,660,975.1,5404.11,2361.49,77.6
634,LM0625,INE01EA01019,Vishal Mega Mar,2024-12-11,78,8000,110,131.5,13487.18,5487.18,68.6
635,LM0484,INE01EA01019,Vishal Mega Mar,2024-12-11,78,8000,110,131.5,13487.18,5487.18,68.6
636,LM0454,INE01EA01019,Vishal Mega Mar,2024-12-11,78,8000,110,131.5,13487.18,5487.18,68.6
637,LM0520,INE0U6N01014,Supreme Facilit,2024-12-11,76,50,75,30,19.74,-30.26,-60.5
638,LM0388,INE01EA01019,Vishal Mega Mar,2024-12-11,78,8000,110,131.5,13487.18,5487.18,68.6
639,LM0475,INE01EA01019,Vishal Mega Mar,2024-12-11,78,8000,110,131.5,13487.18,5487.18,68.6
640,LM0530,INE01EA01019,Vishal Mega Mar,2024-12-11,78,8000,110,131.5,13487.18,5487.18,68.6
641,LM0405,INE570L01029,Sai Life Scienc,2024-12-11,549,3042.62,660,975.1,5404.11,2361.49,77.6
642,LM0130,INE0XAY01012,Toss the Coin,2024-12-10,182,9.17,345.8,369,18.6,9.42,102.7
643,LM0307,INE0WCH01015,Jungle Camps,2024-12-09,72,29.42,136.8,49,20.02,-9.4,-31.9
644,LM0307,INE0V9V01010,Dhanlaxmi Crop,2024-12-09,55,23.8,104.5,30.9,13.37,-10.43,-43.8
645,LM1034,INE0RHD01013,Emerald Tyre,2024-12-05,95,49.26,180.5,104,53.93,4.67,9.5
646,LM0130,INE0DQN01013,Nisus Finance,2024-12-04,180,114.24,225,306.1,194.26,80.03,70.1
647,LM1066,INE877V01027,Suraksha Diagno,2024-11-29,441,846.25,437,270.55,519.17,-327.08,-38.7
648,LM1005,INE0TVT01024,Ganesh Infrawor,2024-11-29,83,98.58,157.7,122.85,145.91,47.33,48
649,LM0804,INE877V01027,Suraksha Diagno,2024-11-29,441,846.25,437,270.55,519.17,-327.08,-38.7
650,LM0388,INE877V01027,Suraksha Diagno,2024-11-29,441,846.25,437,270.55,519.17,-327.08,-38.7
651,LM1077,INE0P8X01016,Agarwal Toughen,2024-11-28,108,62.64,135,124.25,72.06,9.42,15
652,LM1069,INE0UYG01015,AbhaPower Steel,2024-11-27,75,38.54,81.9,36.75,18.89,-19.66,-51
653,LM1050,INE0UYG01015,AbhaPower Steel,2024-11-27,75,38.54,81.9,36.75,18.89,-19.66,-51
654,LM0867,INE0T4V01015,Apex Ecotech,2024-11-27,73,25.54,138.7,134,46.89,21.35,83.6
655,LM1034,INE0VHU01019,Rajputana Biodi,2024-11-26,130,24.7,247,240.1,45.62,20.92,84.7
656,LM0417,INE0VN801010,Rajesh Power,2024-11-25,335,160.47,636.5,1038.35,497.37,336.9,210
657,LM0377,INE0LLY01014,Enviro Infra,2024-11-22,148,650.43,218,200.85,882.7,232.27,35.7
658,LM0130,INE0U7V01015,C2C Advanced,2024-11-22,226,99.07,429.4,470.7,206.34,107.27,108.3
659,LM0592,INE0U7V01015,C2C Advanced,2024-11-22,226,99.07,429.4,470.7,206.34,107.27,108.3
660,LM0461,INE0R0201012,Lamosaic India,2024-11-21,200,61.2,164,34,10.4,-50.8,-83
661,LM1066,INE0ONG01011,NTPC Green Ener,2024-11-19,108,10009.71,111.6,93.94,8706.59,-1303.12,-13
662,LM0405,INE0ONG01011,NTPC Green Ener,2024-11-19,108,10009.71,111.6,93.94,8706.59,-1303.12,-13
663,LM0392,INE0ONG01011,NTPC Green Ener,2024-11-19,108,10009.71,111.6,93.94,8706.59,-1303.12,-13
664,LM0363,INE0ONG01011,NTPC Green Ener,2024-11-19,108,10009.71,111.6,93.94,8706.59,-1303.12,-13
665,LM0625,INE0UIZ01018,Blackbuck,2024-11-13,273,1114.72,279.05,683.25,2789.87,1675.15,150.3
666,LM0468,INE0UIZ01018,Blackbuck,2024-11-13,273,1114.72,279.05,683.25,2789.87,1675.15,150.3
667,LM0092,INE0UIZ01018,Blackbuck,2024-11-13,273,1114.72,279.05,683.25,2789.87,1675.15,150.3
668,LM0405,INE0UIZ01018,Blackbuck,2024-11-13,273,1114.72,279.05,683.25,2789.87,1675.15,150.3
669,LM1069,INE0WVU01018,Onyx Biotec,2024-11-13,61,29.34,54.05,37.05,17.82,-11.52,-39.3
670,LM1050,INE0WVU01018,Onyx Biotec,2024-11-13,61,29.34,54.05,37.05,17.82,-11.52,-39.3
671,LM1068,INE0RU901015,Mangal Compusol,2024-11-12,45,16.23,45,50.15,18.08,1.86,11.4
672,LM1045,INE0P5R01014,Purple United,2024-11-11,126,32.81,199,394,102.6,69.79,212.7
673,LM1045,INE0N1401016,Neelam Linens,2024-11-08,24,13,40.05,14,7.59,-5.42,-41.7
674,LM0626,INE995S01015,NivaBupa Health,2024-11-07,74,2200,78.5,74.82,2224.38,24.38,1.1
675,LM0625,INE995S01015,NivaBupa Health,2024-11-07,74,2200,78.5,74.82,2224.38,24.38,1.1
676,LM0388,INE995S01015,NivaBupa Health,2024-11-07,74,2200,78.5,74.82,2224.38,24.38,1.1
677,LM0363,INE995S01015,NivaBupa Health,2024-11-07,74,2200,78.5,74.82,2224.38,24.38,1.1
678,LM0530,INE995S01015,NivaBupa Health,2024-11-07,74,2200,78.5,74.82,2224.38,24.38,1.1
679,LM0092,INE995S01015,NivaBupa Health,2024-11-07,74,2200,78.5,74.82,2224.38,24.38,1.1
680,LM1066,INE622W01025,Acme Solar Hold,2024-11-06,289,2901.03,259,230.7,2315.81,-585.23,-20.2
681,LM0626,INE622W01025,Acme Solar Hold,2024-11-06,289,2901.03,259,230.7,2315.81,-585.23,-20.2
682,LM0530,INE622W01025,Acme Solar Hold,2024-11-06,289,2901.03,259,230.7,2315.81,-585.23,-20.2
683,LM0468,INE622W01025,Acme Solar Hold,2024-11-06,289,2901.03,259,230.7,2315.81,-585.23,-20.2
684,LM0475,INE00H001014,Swiggy,2024-11-06,390,11327.43,412,361.3,10493.84,-833.58,-7.4
685,LM0203,INE00H001014,Swiggy,2024-11-06,390,11327.43,412,361.3,10493.84,-833.58,-7.4
686,LM0089,INE00H001014,Swiggy,2024-11-06,390,11327.43,412,361.3,10493.84,-833.58,-7.4
687,LM0105,INE00H001014,Swiggy,2024-11-06,390,11327.43,412,361.3,10493.84,-833.58,-7.4
688,LM0388,INE00H001014,Swiggy,2024-11-06,390,11327.43,412,361.3,10493.84,-833.58,-7.4
689,LM0484,INE00H001014,Swiggy,2024-11-06,390,11327.43,412,361.3,10493.84,-833.58,-7.4
690,LM0530,INE00H001014,Swiggy,2024-11-06,390,11327.43,412,361.3,10493.84,-833.58,-7.4
691,LM0388,INE622W01025,Acme Solar Hold,2024-11-06,289,2901.03,259,230.7,2315.81,-585.23,-20.2
692,LM0484,INE0W2G01015,Sagility,2024-11-05,30,2106.6,31.06,51.72,3631.77,1525.18,72.4
693,LM0475,INE0W2G01015,Sagility,2024-11-05,30,2106.6,31.06,51.72,3631.77,1525.18,72.4
694,LM0388,INE0W2G01015,Sagility,2024-11-05,30,2106.6,31.06,51.72,3631.77,1525.18,72.4
695,LM0405,INE0W2G01015,Sagility,2024-11-05,30,2106.6,31.06,51.72,3631.77,1525.18,72.4
696,LM1066,INE101I01011,Afcons Infra,2024-10-25,463,5432.63,430.05,377.35,4427.65,-1004.98,-18.5
697,LM0804,INE101I01011,Afcons Infra,2024-10-25,463,5432.63,430.05,377.35,4427.65,-1004.98,-18.5
698,LM0672,INE101I01011,Afcons Infra,2024-10-25,463,5432.63,430.05,377.35,4427.65,-1004.98,-18.5
699,LM0388,INE101I01011,Afcons Infra,2024-10-25,463,5432.63,430.05,377.35,4427.65,-1004.98,-18.5
700,LM0394,INE101I01011,Afcons Infra,2024-10-25,463,5432.63,430.05,377.35,4427.65,-1004.98,-18.5
701,LM0484,INE101I01011,Afcons Infra,2024-10-25,463,5432.63,430.05,377.35,4427.65,-1004.98,-18.5
702,LM1052,INE0LS001014,Usha Financial,2024-10-24,168,98.45,164,40.2,23.56,-74.89,-76.1
703,LM0286,INE497S01012,Godavari Bioref,2024-10-23,352,554.75,310.55,292.1,460.35,-94.4,-17
704,LM0377,INE0YU901016,Danish Power,2024-10-22,380,197.9,570,656.8,342.06,144.16,72.8
705,LM0964,INE0YHV01011,OBSC Perfection,2024-10-22,100,66.02,110,322.2,212.73,146.71,222.2
706,LM0920,INE0SMR01011,United Heat,2024-10-22,59,30,60.95,58.75,29.87,-.13,-.4
707,LM0301,INE0OPA01019,Deepak Builders,2024-10-21,203,260.04,198.5,116.55,149.3,-110.74,-42.6
708,LM0804,INE377N01017,Waaree Energies,2024-10-21,1503,4321.44,2550,2634.2,7573.88,3252.44,75.3
709,LM0672,INE377N01017,Waaree Energies,2024-10-21,1503,4321.44,2550,2634.2,7573.88,3252.44,75.3
710,LM0421,INE377N01017,Waaree Energies,2024-10-21,1503,4321.44,2550,2634.2,7573.88,3252.44,75.3
711,LM0454,INE377N01017,Waaree Energies,2024-10-21,1503,4321.44,2550,2634.2,7573.88,3252.44,75.3
712,LM0484,INE377N01017,Waaree Energies,2024-10-21,1503,4321.44,2550,2634.2,7573.88,3252.44,75.3
713,LM0520,INE0M1F01011,Premium Plast,2024-10-21,49,26.2,51.45,39.6,21.17,-5.03,-19.2
714,LM0405,INE377N01017,Waaree Energies,2024-10-21,1503,4321.44,2550,2634.2,7573.88,3252.44,75.3
715,LM0092,INE377N01017,Waaree Energies,2024-10-21,1503,4321.44,2550,2634.2,7573.88,3252.44,75.3
716,LM1034,INE0SFW01015,Freshara Agro,2024-10-17,116,75.39,135,169.6,110.23,34.84,46.2
717,LM1034,INE0VZS01015,Lakshya Power,2024-10-16,180,49.91,342,123,34.11,-15.8,-31.7
718,LM0625,INE0V6F01027,Hyundai Motor,2024-10-15,1960,27870.16,1931,2307.2,32807.16,4937,17.7
719,LM0530,INE0V6F01027,Hyundai Motor,2024-10-15,1960,27870.16,1931,2307.2,32807.16,4937,17.7
720,LM0475,INE0V6F01027,Hyundai Motor,2024-10-15,1960,27870.16,1931,2307.2,32807.16,4937,17.7
721,LM0370,INE0V6F01027,Hyundai Motor,2024-10-15,1960,27870.16,1931,2307.2,32807.16,4937,17.7
722,LM0203,INE0V6F01027,Hyundai Motor,2024-10-15,1960,27870.16,1931,2307.2,32807.16,4937,17.7
723,LM1052,INE0VJG01014,Pranik Logistic,2024-10-10,77,22.47,79,61.95,18.08,-4.39,-19.5
724,LM1067,INE0JVO01026,Garuda Construc,2024-10-08,95,264.1,103.2,187.65,521.67,257.57,97.5
725,LM1005,INE0YRO01015,Shiv Texchem,2024-10-08,166,101.35,239,152,92.81,-8.55,-8.4
726,LM0080,INE0S9501014,Khyati Global,2024-10-04,99,18.3,105,48,8.87,-9.42,-51.5
727,LM0351,INE0U6201010,Subam Papers,2024-09-30,152,93.7,142,190,117.13,23.43,25
728,LM0955,INE471R01019,Neopolitan Pizz,2024-09-30,20,12,19.25,11.2,6.72,-5.28,-44
729,LM0351,INE0TG801013,Paramount Dye,2024-09-30,117,28.43,109.9,49.45,12.02,-16.41,-57.7
730,LM0301,INE0TO501019,HVAX Technolog,2024-09-27,458,33.53,486,835,61.12,27.6,82.3
731,LM1067,INE00MT01022,Saj Hotels,2024-09-27,65,27.63,55,54.8,23.29,-4.34,-15.7
732,LM0964,INE184O01015,Diffusion Engi,2024-09-26,168,158,188,317.1,298.23,140.23,88.8
733,LM1046,INE0QUL01011,Nexxus Petro,2024-09-26,105,19.43,126,105,19.43,0,0
734,LM1052,INE0QYI01019,Divyadhan Recyc,2024-09-26,64,24.17,84,26.85,10.14,-14.03,-58
735,LM0377,INE0RBQ01018,Sahasra Electro,2024-09-26,283,186.16,537.7,281.8,185.37,-.79,-.4
736,LM0377,INE0YKW01013,Forge Auto,2024-09-26,108,31.1,113,115.5,33.26,2.16,6.9
737,LM0385,INE0Q3J01015,KRN Heat Ex Ref,2024-09-25,220,341.51,470,730.3,1133.64,792.14,232
738,LM1069,INE0SHE01019,Thinking Hats,2024-09-25,44,15.09,60,27.95,9.58,-5.5,-36.5
739,LM1050,INE0SHE01019,Thinking Hats,2024-09-25,44,15.09,60,27.95,9.58,-5.5,-36.5
740,LM0377,INE0B2801011,Unilex Colours,2024-09-25,87,31.32,89,39,14.04,-17.28,-55.2
741,LM1076,INE0JQS01019,Techera Engg,2024-09-25,82,35.9,125,208.9,91.45,55.55,154.8
742,LM0377,INE939X01013,Manba Finance,2024-09-23,120,150.84,150,138.95,174.66,23.82,15.8
743,LM0377,INE0OO201011,Wol 3D India,2024-09-23,150,25.56,180.05,164,27.95,2.39,9.3
744,LM0878,INE0MVO01012,Rappid Valves,2024-09-23,222,30.41,312,290,39.72,9.31,30.6
745,LM1078,INE0TFB01017,Avi Ansh Tex,2024-09-20,62,25.99,68,117,49.05,23.06,88.7
746,LM0130,INE0X6F01017,S D Retail,2024-09-20,131,64.98,145,81,40.18,-24.8,-38.2
747,LM1068,INE0T0L01014,Kalana Ispat,2024-09-19,66,32.59,45.15,23.95,11.83,-20.76,-63.7
748,LM0520,INE0FPO01018,Phoenix Oversea,2024-09-19,64,36.03,64,23.7,13.34,-22.69,-63
749,LM0520,INE0SQH01013,Bikewo Green,2024-09-18,62,24.09,45,21.6,8.39,-15.7,-65.2
750,LM1077,INE0VG601013,Pelatro,2024-09-17,200,55.98,275,347,97.13,41.15,73.5
751,LM1053,INE0Q6001012,Paramount Speci,2024-09-17,59,32.34,83,28,15.35,-16.99,-52.5
752,LM1077,INE848M01019,Pelatro,2024-09-17,200,55.98,275,347,97.13,41.15,73.5
753,LM0388,INE850M01015,Northern Arc,2024-09-16,263,777,351,266.8,788.23,11.23,1.4
754,LM0203,INE850M01015,Northern Arc,2024-09-16,263,777,351,266.8,788.23,11.23,1.4
755,LM0964,INE0QRL01017,Arkade Develop,2024-09-16,108,410,175.9,133.5,506.81,96.81,23.6
756,LM1069,INE0RMF01018,Osel Devices,2024-09-16,160,70.66,198.05,544.35,240.38,169.73,240.2
757,LM1050,INE0RMF01018,Osel Devices,2024-09-16,160,70.66,198.05,544.35,240.38,169.73,240.2
758,LM0092,INE850M01015,Northern Arc,2024-09-16,263,777,351,266.8,788.23,11.23,1.4
759,LM0530,INE0CJF01024,Western Carrier,2024-09-13,172,940,170,120.1,656.36,-283.64,-30.2
760,LM0468,INE0CJF01024,Western Carrier,2024-09-13,172,940,170,120.1,656.36,-283.64,-30.2
761,LM0867,INE0SUH01015,Envirotech Syst,2024-09-13,56,30.24,106.4,111.25,60.08,29.84,98.7
762,LM0964,INE0S7C01019,Deccan Transcon,2024-09-13,108,65.06,116,23.05,13.89,-51.17,-78.7
763,LM1046,INE0PZB01013,Popular Foundat,2024-09-13,37,19.87,37,33.3,17.88,-1.99,-10
764,LM1046,INE0Q3401017,Sodhani Academy,2024-09-12,40,6.12,53,221,33.81,27.69,452.5
765,LM0461,INE0Y4801011,Excellent Wires,2024-09-11,90,12.6,85,42.4,5.94,-6.66,-52.9
766,LM1045,INE0S1D01010,Innomet Advance,2024-09-11,100,34.24,190,91.7,31.39,-2.84,-8.3
767,LM1066,INE953R01016,PN Gadgil Jewel,2024-09-10,480,1100,834,609.15,1395.97,295.97,26.9
768,LM0626,INE953R01016,PN Gadgil Jewel,2024-09-10,480,1100,834,609.15,1395.97,295.97,26.9
769,LM0107,INE953R01016,PN Gadgil Jewel,2024-09-10,480,1100,834,609.15,1395.97,295.97,26.9
770,LM1032,INE0QR801013,SPP Polymer,2024-09-10,59,24.49,63,15.7,6.52,-17.97,-73.4
771,LM1052,INE0LY301010,Share Samadhan,2024-09-09,74,24.06,73.05,59.5,19.34,-4.71,-19.6
772,LM0804,INE377Y01014,Bajaj Housing,2024-09-09,70,6560,150,96.98,9088.41,2528.41,38.5
773,LM0468,INE377Y01014,Bajaj Housing,2024-09-09,70,6560,150,96.98,9088.41,2528.41,38.5
774,LM0530,INE377Y01014,Bajaj Housing,2024-09-09,70,6560,150,96.98,9088.41,2528.41,38.5
775,LM0347,INE377Y01014,Bajaj Housing,2024-09-09,70,6560,150,96.98,9088.41,2528.41,38.5
776,LM0377,INE0UL701015,Shubhshree Bio,2024-09-09,119,16.56,189,365,50.81,34.24,206.7
777,LM0298,INE0QTE01018,Gajanand Intern,2024-09-09,36,20.65,42,11.8,6.77,-13.88,-67.2
778,LM0920,INE01YQ01013,Aditya Ultra,2024-09-09,62,45.88,69.9,25.5,18.87,-27.01,-58.9
779,LM0092,INE377Y01014,Bajaj Housing,2024-09-09,70,6560,150,96.98,9088.41,2528.41,38.5
780,LM0850,INE0RWQ01014,Tolins Tyres,2024-09-09,226,230,227,132.7,135.05,-94.95,-41.3
781,LM0286,INE0O6601022,Kross,2024-09-09,240,500,240,203.1,423.12,-76.87,-15.4
782,LM0105,INE377Y01014,Bajaj Housing,2024-09-09,70,6560,150,96.98,9088.41,2528.41,38.5
783,LM0405,INE377Y01014,Bajaj Housing,2024-09-09,70,6560,150,96.98,9088.41,2528.41,38.5
784,LM0377,INE0TR001017,Vision Infra,2024-09-06,163,106.21,205,241.55,157.39,51.18,48.2
785,LM0964,INE0S2G01011,Shree Tirupati,2024-09-05,83,169.65,92.9,40.01,81.78,-87.87,-51.8
786,LM0377,INE0RVQ01016,My Mudra Fin,2024-09-05,110,33.26,130,89,26.91,-6.35,-19.1
787,LM0700,INE0S2G01011,Shree Tirupati,2024-09-05,83,169.65,92.9,40.01,81.78,-87.87,-51.8
788,LM0130,INE0UYT01018,Mach Conference,2024-09-04,225,125.28,300,120.1,66.87,-58.41,-46.6
789,LM0377,INE08NZ01012,Namo eWaste Man,2024-09-04,85,51.2,161.5,189.35,114.06,62.86,122.8
790,LM0301,INE0N4701016,Naturewings Hol,2024-09-03,74,7.03,95,82.3,7.82,.79,11.2
791,LM0696,INE0RE001014,Gala Precision,2024-09-02,529,167.93,750,773.95,245.68,77.76,46.3
792,LM1067,INE0RXB01022,Jeyyam Global,2024-09-02,61,81.94,61,54.2,72.8,-9.13,-11.1
793,LM0468,INE01FR01028,Baazar Style,2024-08-30,389,834.77,389,257.9,553.44,-281.33,-33.7
794,LM0454,INE01FR01028,Baazar Style,2024-08-30,389,834.77,389,257.9,553.44,-281.33,-33.7
795,LM0301,INE0QNI01012,Boss Packaging,2024-08-30,66,8.41,82.5,45.15,5.75,-2.66,-31.6
796,LM0092,INE01FR01028,Baazar Style,2024-08-30,389,834.77,389,257.9,553.44,-281.33,-33.7
797,LM0307,INE0SG001011,Travels Rentals,2024-08-29,40,12.24,55,19.95,6.1,-6.14,-50.1
798,LM0405,INE06HJ01020,Ecos Mobility,2024-08-28,334,601.2,391.3,197.15,354.87,-246.33,-41
799,LM0286,INE06HJ01020,Ecos Mobility,2024-08-28,334,601.2,391.3,197.15,354.87,-246.33,-41
800,LM0377,INE0WL801011,Aeron Composite,2024-08-28,125,56.1,150,102.2,45.87,-10.23,-18.2
801,LM0530,INE0BS701011,Premier Energie,2024-08-27,450,2830.91,991,762.15,4794.62,1963.71,69.4
802,LM1053,INE0SMY01017,Jay Bee Laminat,2024-08-27,146,88.96,277.4,114.4,69.7,-19.25,-21.6
803,LM1048,INE0U2M01015,Vdeal System,2024-08-27,112,18.08,170,205,33.09,15.01,83
804,LM0461,INE0S2W01018,Paramatrix Tech,2024-08-27,110,33.84,115.05,78.4,24.12,-9.72,-28.7
805,LM0475,INE0BS701011,Premier Energie,2024-08-27,450,2830.91,991,762.15,4794.62,1963.71,69.4
806,LM0388,INE0BS701011,Premier Energie,2024-08-27,450,2830.91,991,762.15,4794.62,1963.71,69.4
807,LM0130,INE0DHF01018,Indian Phosphat,2024-08-26,99,67.36,188.1,65.55,44.6,-22.76,-33.8
808,LM0920,INE0SK201011,Resourceful Aut,2024-08-22,117,11.99,117,53,5.43,-6.56,-54.7
809,LM0351,INE0QA901010,Rapid Multimoda,2024-08-22,84,8.49,103,86.7,8.77,.27,3.2
810,LM0276,INE0PPK01015,Orient Technolo,2024-08-21,206,214.76,290,433,496.55,281.79,131.2
811,LM0520,INE0KZF01015,QVC Exports,2024-08-21,86,24.07,161,28.35,7.93,-16.13,-67
812,LM0920,INE0T9I01011,Ideal Techno,2024-08-21,121,16.03,132.1,187.5,24.84,8.81,55
813,LM0092,INE00M901018,Interarch Build,2024-08-19,900,600.5,1291.2,2183.7,1457,856.51,142.6
814,LM0048,INE00M901018,Interarch Build,2024-08-19,900,600.5,1291.2,2183.7,1457,856.51,142.6
815,LM1050,INE0U2501017,Forcas Studio,2024-08-19,80,37.44,152,112.7,52.74,15.3,40.9
816,LM1069,INE0U2501017,Forcas Studio,2024-08-19,80,37.44,152,112.7,52.74,15.3,40.9
817,LM0385,INE0R4Z01018,Brace Port Logi,2024-08-19,80,24.41,152,90.45,27.6,3.19,13.1
818,LM0301,INE0SFZ01018,Broach Lifecare,2024-08-13,25,4.02,47.5,15.5,2.49,-1.53,-38
819,LM0307,INE0U0201016,Solve Plastic,2024-08-13,91,11.85,102,25.9,3.37,-8.48,-71.5
820,LM0964,INE0PQ101010,Saraswati Saree,2024-08-12,160,160.01,200,78.6,78.61,-81.41,-50.9
821,LM0130,INE0S3H01017,Positron Energy,2024-08-12,250,51.21,475,204.95,41.98,-9.23,-18
822,LM0377,INE0U2N01013,Sunlite Recycl,2024-08-12,105,30.24,199.5,375.1,108.03,77.79,257.2
823,LM1052,INE0TSF01011,Aesthetik Engi,2024-08-08,58,26.47,110.2,97.2,44.36,17.89,67.6
824,LM0625,INE02RE01045,Brainbees Solu,2024-08-06,465,4194.04,625,292.6,2639.09,-1554.95,-37.1
825,LM0530,INE02RE01045,Brainbees Solu,2024-08-06,465,4194.04,625,292.6,2639.09,-1554.95,-37.1
826,LM0468,INE02RE01045,Brainbees Solu,2024-08-06,465,4194.04,625,292.6,2639.09,-1554.95,-37.1
827,LM0405,INE00U401027,Unicommerce eSo,2024-08-06,108,276.57,230,115.85,296.67,20.1,7.3
828,LM0164,INE00U401027,Unicommerce eSo,2024-08-06,108,276.57,230,115.85,296.67,20.1,7.3
829,LM0089,INE02RE01045,Brainbees Solu,2024-08-06,465,4194.04,625,292.6,2639.09,-1554.95,-37.1
830,LM0105,INE02RE01045,Brainbees Solu,2024-08-06,465,4194.04,625,292.6,2639.09,-1554.95,-37.1
831,LM1034,INE0OXY01013,Afcom Holdings,2024-08-02,108,73.83,205.2,873.75,597.33,523.5,709
832,LM0804,INE0LXG01040,Ola Electric,2024-08-02,76,6146.12,75.99,43.54,3521.08,-2625.04,-42.7
833,LM0530,INE0LXG01040,Ola Electric,2024-08-02,76,6146.12,75.99,43.54,3521.08,-2625.04,-42.7
834,LM0203,INE0LXG01040,Ola Electric,2024-08-02,76,6146.12,75.99,43.54,3521.08,-2625.04,-42.7
835,LM0347,INE0LXG01040,Ola Electric,2024-08-02,76,6146.12,75.99,43.54,3521.08,-2625.04,-42.7
836,LM0388,INE0LXG01040,Ola Electric,2024-08-02,76,6146.12,75.99,43.54,3521.08,-2625.04,-42.7
837,LM0107,INE0LXG01040,Ola Electric,2024-08-02,76,6146.12,75.99,43.54,3521.08,-2625.04,-42.7
838,LM0878,INE0YAL01017,Picturepost,2024-08-02,24,18.72,30,10.2,7.96,-10.76,-57.5
839,LM0092,INE0LXG01040,Ola Electric,2024-08-02,76,6146.12,75.99,43.54,3521.08,-2625.04,-42.7
840,LM0105,INE0LXG01040,Ola Electric,2024-08-02,76,6146.12,75.99,43.54,3521.08,-2625.04,-42.7
841,LM0468,INE0AG901020,Ceigall India,2024-08-01,401,1252.87,413,274.95,859.05,-393.83,-31.4
842,LM0405,INE0AG901020,Ceigall India,2024-08-01,401,1252.87,413,274.95,859.05,-393.83,-31.4
843,LM0878,INE0YRN01017,Dhariwalcorp,2024-08-01,106,25.15,150,361.75,85.82,60.67,241.3
844,LM0388,INE0AG901020,Ceigall India,2024-08-01,401,1252.87,413,274.95,859.05,-393.83,-31.4
845,LM0198,INE06IJ01010,Utssav CZ Gold,2024-07-31,110,69.5,110.05,225.5,142.47,72.97,105
846,LM1032,INE0RMR01013,Kizi Apparels,2024-07-30,21,5.58,23.15,14.39,3.82,-1.76,-31.5
847,LM0388,INE09XN01023,Akums Drugs Pha,2024-07-30,679,1858.3,725,444.2,1215.69,-642.6,-34.6
848,LM0203,INE09XN01023,Akums Drugs Pha,2024-07-30,679,1858.3,725,444.2,1215.69,-642.6,-34.6
849,LM1034,INE0RFP01011,Sathlokhar Syne,2024-07-30,140,92.93,260,457,303.36,210.42,226.4
850,LM0385,INE0PCU01012,Rajputana Indus,2024-07-30,38,23.88,72.2,85.55,53.77,29.89,125.1
851,LM0920,INE0SZ301012,Bulkcorp Intern,2024-07-30,105,20.78,130,57.1,11.3,-9.48,-45.6
852,LM0130,INE0LAA01017,Ashapura Logist,2024-07-30,144,52.66,185,67.95,24.85,-27.81,-52.8
853,LM0048,INE09XN01023,Akums Drugs Pha,2024-07-30,679,1858.3,725,444.2,1215.69,-642.6,-34.6
854,LM0092,INE09XN01023,Akums Drugs Pha,2024-07-30,679,1858.3,725,444.2,1215.69,-642.6,-34.6
855,LM1046,INE0SBP01018,Esprit Stones,2024-07-26,87,50.42,93.15,68.95,39.96,-10.46,-20.7
856,LM0198,INE0SBP01018,Esprit Stones,2024-07-26,87,50.42,93.15,68.95,39.96,-10.46,-20.7
857,LM1034,INE0BSN01013,S A Tech Soft,2024-07-26,59,23.01,112.1,55.15,21.51,-1.5,-6.5
858,LM0461,INE0QMR01015,Clinitech Lab,2024-07-25,96,5.78,115,43.5,2.62,-3.16,-54.7
859,LM0377,INE0LQG01010,Aprameya Engine,2024-07-25,58,29.23,72,279.2,140.72,111.48,381.4
860,LM1045,INE0SYV01018,Trom Industries,2024-07-25,115,31.37,218.5,79.7,21.74,-9.63,-30.7
861,LM0377,INE0U1T01012,Chetana Educati,2024-07-24,85,45.9,98.9,55.3,29.86,-16.04,-34.9
862,LM0964,INE0R3101011,Manglam Infra,2024-07-24,56,27.62,106.4,19.6,9.67,-17.95,-65
863,LM0867,INE0MNP01016,VVIP Infratech,2024-07-23,93,61.21,176.7,121.4,79.91,18.69,30.5
864,LM0130,INE0QXL01015,V.L.Infraprojec,2024-07-23,42,18.52,79.8,30,13.23,-5.29,-28.6
865,LM0198,INE0SA001017,RNFI Services,2024-07-22,105,70.81,199.5,303.35,204.58,133.77,188.9
866,LM0713,INE08NE01025,Sanstar,2024-07-19,95,510.15,106.4,91.98,493.93,-16.22,-3.2
867,LM1032,INE0SVY01018,Kataria Indust,2024-07-16,96,54.57,182.4,105.25,59.83,5.26,9.6
868,LM1076,INE0R0J01010,Macobs Techno,2024-07-16,75,19.46,96,210.8,54.71,35.24,181.1
869,LM1069,INE0OXV01027,Tunwal E-Motors,2024-07-15,59,115.64,64,34.6,67.82,-47.82,-41.4
870,LM1050,INE0OXV01027,Tunwal E-Motors,2024-07-15,59,115.64,64,34.6,67.82,-47.82,-41.4
871,LM1059,INE0T3401029,Aelea Commodit,2024-07-12,95,51,165,151.45,81.31,30.31,59.4
872,LM0878,INE0V9N01017,Prizor Viztech,2024-07-12,87,25.15,165.3,284.45,82.24,57.09,227
873,LM0130,INE0RPM01017,Sati Poly Plast,2024-07-12,130,17.36,247,60,8.01,-9.35,-53.8
874,LM0211,INE0UK501010,Three M Paper,2024-07-12,69,39.83,76,36.25,20.92,-18.9,-47.5
875,LM0540,INE0P4701011,Sahaj Solar,2024-07-11,180,52.56,342,163.45,47.73,-4.83,-9.2
